ISO-10303-21;
HEADER;
FILE_DESCRIPTION (( 'STEP AP214' ),
    '1' );
FILE_NAME ('carbon_bottom_plate.STEP',
    '2026-07-28T18:10:58',
    ( '' ),
    ( '' ),
    'SwSTEP 2.0',
    'SolidWorks 2024',
    '' );
FILE_SCHEMA (( 'AUTOMOTIVE_DESIGN' ));
ENDSEC;

DATA;
#1 = ADVANCED_FACE ( 'NONE', ( #8776 ), #3008, .F. ) ;
#2 = ORIENTED_EDGE ( 'NONE', *, *, #988, .T. ) ;
#3 = DIRECTION ( 'NONE',  ( 0.000000000000000000, -1.000000000000000000, 0.000000000000000000 ) ) ;
#4 = ADVANCED_FACE ( 'NONE', ( #6480 ), #5356, .F. ) ;
#5 = CARTESIAN_POINT ( 'NONE',  ( -53.48771061000000060, 0.5000000000000071054, -53.48771061000000060 ) ) ;
#6 = CARTESIAN_POINT ( 'NONE',  ( 8.000000000000000000, 4.000000000000000000, -23.00000000000000000 ) ) ;
#7 = ORIENTED_EDGE ( 'NONE', *, *, #5011, .F. ) ;
#8 = DIRECTION ( 'NONE',  ( 0.000000000000000000, -1.000000000000000000, 0.000000000000000000 ) ) ;
#9 = DIRECTION ( 'NONE',  ( 0.000000000000000000, 0.7071067811865474617, 0.7071067811865474617 ) ) ;
#10 = CARTESIAN_POINT ( 'NONE',  ( -20.00000000000000000, 10.00000000000000000, 0.000000000000000000 ) ) ;
#11 = CARTESIAN_POINT ( 'NONE',  ( 48.49999999999999289, 0.000000000000000000, 0.000000000000000000 ) ) ;
#12 = ORIENTED_EDGE ( 'NONE', *, *, #2326, .T. ) ;
#13 = LINE ( 'NONE', #1990, #2996 ) ;
#14 = EDGE_CURVE ( 'NONE', #2807, #3361, #8899, .T. ) ;
#15 = EDGE_CURVE ( 'NONE', #5078, #6045, #2356, .T. ) ;
#16 = DIRECTION ( 'NONE',  ( -1.000000000000000000, 0.000000000000000000, -4.679188323358490620E-15 ) ) ;
#17 = CARTESIAN_POINT ( 'NONE',  ( 53.48771061000000060, 4.000000000000000000, 53.48771061000000060 ) ) ;
#18 = ORIENTED_EDGE ( 'NONE', *, *, #7202, .F. ) ;
#19 = EDGE_CURVE ( 'NONE', #5750, #1931, #2008, .T. ) ;
#20 = CARTESIAN_POINT ( 'NONE',  ( 42.32451751481464441, 4.144043078736376451, 8.199192477358234754 ) ) ;
#21 = EDGE_CURVE ( 'NONE', #315, #8245, #8675, .T. ) ;
#22 = FACE_OUTER_BOUND ( 'NONE', #4798, .T. ) ;
#23 = CARTESIAN_POINT ( 'NONE',  ( -65.00000000000000000, 52.50000000000000711, -2.000000000000000888 ) ) ;
#24 = EDGE_LOOP ( 'NONE', ( #5674, #8678, #1640, #5415 ) ) ;
#25 = CARTESIAN_POINT ( 'NONE',  ( -8.000000000000000000, 0.5000000000000000000, -25.00000000000000000 ) ) ;
#26 = ORIENTED_EDGE ( 'NONE', *, *, #4993, .F. ) ;
#27 = ORIENTED_EDGE ( 'NONE', *, *, #333, .F. ) ;
#28 = DIRECTION ( 'NONE',  ( -1.160545888711273364E-14, 0.000000000000000000, 1.000000000000000000 ) ) ;
#29 = VERTEX_POINT ( 'NONE', #1716 ) ;
#30 = EDGE_CURVE ( 'NONE', #2555, #331, #1072, .T. ) ;
#31 = DIRECTION ( 'NONE',  ( 0.000000000000000000, 0.000000000000000000, 1.000000000000000000 ) ) ;
#32 = VECTOR ( 'NONE', #5258, 1000.000000000000114 ) ;
#34 = LINE ( 'NONE', #2224, #4742 ) ;
#33 = VECTOR ( 'NONE', #1043, 1000.000000000000114 ) ;
#35 = CARTESIAN_POINT ( 'NONE',  ( 42.47865460874999854, 4.000000000000000000, 8.824518986904589468 ) ) ;
#36 = ORIENTED_EDGE ( 'NONE', *, *, #2063, .F. ) ;
#37 = AXIS2_PLACEMENT_3D ( 'NONE', #2986, #5771, #8580 ) ;
#38 = ORIENTED_EDGE ( 'NONE', *, *, #7193, .T. ) ;
#39 = DIRECTION ( 'NONE',  ( 0.000000000000000000, -1.000000000000000000, 0.000000000000000000 ) ) ;
#40 = DIRECTION ( 'NONE',  ( 0.000000000000000000, 1.000000000000000000, 0.000000000000000000 ) ) ;
#41 = CARTESIAN_POINT ( 'NONE',  ( -20.00000000000000000, 0.000000000000000000, 6.500000000000000000 ) ) ;
#42 = DIRECTION ( 'NONE',  ( -3.308685793895700536E-15, 0.7071067811865475727, 0.7071067811865475727 ) ) ;
#43 = AXIS2_PLACEMENT_3D ( 'NONE', #3302, #3424, #4846 ) ;
#44 = ORIENTED_EDGE ( 'NONE', *, *, #2893, .T. ) ;
#45 = CARTESIAN_POINT ( 'NONE',  ( -66.50000000000000000, 54.00000000000000711, 1.999999999999999112 ) ) ;
#46 = VECTOR ( 'NONE', #4195, 1000.000000000000000 ) ;
#47 = EDGE_CURVE ( 'NONE', #4352, #5099, #4413, .T. ) ;
#48 = VERTEX_POINT ( 'NONE', #3788 ) ;
#49 = DIRECTION ( 'NONE',  ( 0.000000000000000000, 0.000000000000000000, -1.000000000000000000 ) ) ;
#50 = CARTESIAN_POINT ( 'NONE',  ( -86.75000000000000000, 4.000000000000000000, 7.750000000000000000 ) ) ;
#51 = DIRECTION ( 'NONE',  ( 0.000000000000000000, 1.000000000000000000, 0.000000000000000000 ) ) ;
#52 = ORIENTED_EDGE ( 'NONE', *, *, #6927, .F. ) ;
#53 = CARTESIAN_POINT ( 'NONE',  ( -78.89999999999999147, 1.000000000000000000, 0.000000000000000000 ) ) ;
#54 = DIRECTION ( 'NONE',  ( -0.000000000000000000, -1.000000000000000000, 0.000000000000000000 ) ) ;
#55 = LINE ( 'NONE', #8268, #6947 ) ;
#56 = DIRECTION ( 'NONE',  ( 0.000000000000000000, -1.000000000000000000, 0.000000000000000000 ) ) ;
#57 = ORIENTED_EDGE ( 'NONE', *, *, #672, .T. ) ;
#58 = CARTESIAN_POINT ( 'NONE',  ( 48.63108694028134948, 9.795666349609712498, -4.494473212540390783 ) ) ;
#59 = CIRCLE ( 'NONE', #6208, 1.500000000000000000 ) ;
#60 = VECTOR ( 'NONE', #1436, 1000.000000000000000 ) ;
#61 = EDGE_CURVE ( 'NONE', #2430, #2651, #3189, .T. ) ;
#62 = CIRCLE ( 'NONE', #3429, 2.500000000000000444 ) ;
#63 = EDGE_CURVE ( 'NONE', #48, #7627, #2314, .T. ) ;
#64 = DIRECTION ( 'NONE',  ( 0.000000000000000000, 0.000000000000000000, 1.000000000000000000 ) ) ;
#65 = ORIENTED_EDGE ( 'NONE', *, *, #5434, .F. ) ;
#66 = CARTESIAN_POINT ( 'NONE',  ( -87.00000000000000000, 4.000000000000000000, -4.024558464266194983E-13 ) ) ;
#67 = ORIENTED_EDGE ( 'NONE', *, *, #2638, .T. ) ;
#68 = FACE_OUTER_BOUND ( 'NONE', #4711, .T. ) ;
#69 = CIRCLE ( 'NONE', #2704, 3.000000000000002665 ) ;
#70 = DIRECTION ( 'NONE',  ( 0.000000000000000000, -1.000000000000000000, 0.000000000000000000 ) ) ;
#71 = DIRECTION ( 'NONE',  ( 0.000000000000000000, 0.000000000000000000, 1.000000000000000000 ) ) ;
#72 = ORIENTED_EDGE ( 'NONE', *, *, #7802, .F. ) ;
#73 = DIRECTION ( 'NONE',  ( 0.000000000000000000, -1.000000000000000000, 0.000000000000000000 ) ) ;
#74 = EDGE_LOOP ( 'NONE', ( #9051, #8069, #5167, #4055 ) ) ;
#75 = CIRCLE ( 'NONE', #1542, 3.000000000000000000 ) ;
#76 = CIRCLE ( 'NONE', #2427, 2.500000000000002220 ) ;
#77 = VECTOR ( 'NONE', #7804, 1000.000000000000114 ) ;
#78 = ORIENTED_EDGE ( 'NONE', *, *, #5664, .F. ) ;
#79 = DIRECTION ( 'NONE',  ( 0.000000000000000000, 1.000000000000000000, 0.000000000000000000 ) ) ;
#80 = ORIENTED_EDGE ( 'NONE', *, *, #692, .T. ) ;
#81 = CARTESIAN_POINT ( 'NONE',  ( -24.77192307692305207, 1.000000000000000000, 31.84961538461535113 ) ) ;
#82 = AXIS2_PLACEMENT_3D ( 'NONE', #3731, #888, #982 ) ;
#83 = FACE_OUTER_BOUND ( 'NONE', #1411, .T. ) ;
#84 = DIRECTION ( 'NONE',  ( 0.000000000000000000, 0.000000000000000000, 1.000000000000000000 ) ) ;
#85 = EDGE_LOOP ( 'NONE', ( #3026, #8098, #3678, #8192 ) ) ;
#86 = ORIENTED_EDGE ( 'NONE', *, *, #5065, .F. ) ;
#87 = VECTOR ( 'NONE', #3776, 1000.000000000000000 ) ;
#88 = CIRCLE ( 'NONE', #8879, 46.00000000000000000 ) ;
#89 = ORIENTED_EDGE ( 'NONE', *, *, #3774, .T. ) ;
#90 = CARTESIAN_POINT ( 'NONE',  ( -5.616384920805930214, 4.000000000000000000, -58.50000000000000000 ) ) ;
#91 = CARTESIAN_POINT ( 'NONE',  ( 46.00000000000000000, 7.035533905932730647, 6.000000000000000000 ) ) ;
#92 = CARTESIAN_POINT ( 'NONE',  ( -5.250000000000000000, 2.399999999999999911, -33.89999999999999858 ) ) ;
#93 = CARTESIAN_POINT ( 'NONE',  ( -82.95000000000000284, 1.000000000000000000, -11.50000000000000000 ) ) ;
#94 = TOROIDAL_SURFACE ( 'NONE', #2138, 1.500000000000000000, 1.500000000000000000 ) ;
#95 = EDGE_LOOP ( 'NONE', ( #739, #1049, #8464, #2428 ) ) ;
#96 = CARTESIAN_POINT ( 'NONE',  ( 0.000000000000000000, 2.399999999999999911, 0.000000000000000000 ) ) ;
#97 = CIRCLE ( 'NONE', #2735, 2.000000000000001776 ) ;
#98 = ORIENTED_EDGE ( 'NONE', *, *, #7963, .F. ) ;
#99 = CARTESIAN_POINT ( 'NONE',  ( -95.37740409499218686, 0.000000000000000000, 27.83212343854054893 ) ) ;
#100 = CARTESIAN_POINT ( 'NONE',  ( -4.999999999999999112, 6.447489024775967081, -53.00000000000000000 ) ) ;
#101 = CARTESIAN_POINT ( 'NONE',  ( -37.75961538461535127, 1.000000000000000000, 48.54807692307690559 ) ) ;
#102 = ADVANCED_FACE ( 'NONE', ( #389 ), #3896, .T. ) ;
#103 = VECTOR ( 'NONE', #8818, 1000.000000000000000 ) ;
#104 = VERTEX_POINT ( 'NONE', #6582 ) ;
#105 = DIRECTION ( 'NONE',  ( -0.000000000000000000, -1.000000000000000000, 0.000000000000000000 ) ) ;
#106 = CARTESIAN_POINT ( 'NONE',  ( 8.000000000000000000, 0.000000000000000000, -25.50000000000000000 ) ) ;
#107 = CARTESIAN_POINT ( 'NONE',  ( 7.500000000000000000, 6.447489024775975963, -52.99999999999999289 ) ) ;
#108 = LINE ( 'NONE', #3533, #1099 ) ;
#109 = ORIENTED_EDGE ( 'NONE', *, *, #5347, .F. ) ;
#110 = CARTESIAN_POINT ( 'NONE',  ( 43.64558429249581195, 4.732233047033645335, 7.267766952966340455 ) ) ;
#111 = CARTESIAN_POINT ( 'NONE',  ( -4.840618013541292619, 6.499999999999998224, 52.01410961746500305 ) ) ;
#112 = AXIS2_PLACEMENT_3D ( 'NONE', #5066, #8595, #202 ) ;
#113 = ORIENTED_EDGE ( 'NONE', *, *, #3251, .F. ) ;
#114 = CARTESIAN_POINT ( 'NONE',  ( -5.000000000000000000, 54.00000000000000711, -53.00000000000000000 ) ) ;
#115 = EDGE_LOOP ( 'NONE', ( #5143, #6085, #2364, #6097 ) ) ;
#116 = DIRECTION ( 'NONE',  ( 0.000000000000000000, 1.000000000000000000, 0.000000000000000000 ) ) ;
#117 = EDGE_CURVE ( 'NONE', #6427, #7293, #1760, .T. ) ;
#118 = EDGE_CURVE ( 'NONE', #8471, #1103, #1802, .T. ) ;
#119 = CARTESIAN_POINT ( 'NONE',  ( -53.48771061000000060, 0.000000000000000000, 53.48771061000000060 ) ) ;
#120 = DIRECTION ( 'NONE',  ( 0.000000000000000000, -1.000000000000000000, 0.000000000000000000 ) ) ;
#121 = ADVANCED_FACE ( 'NONE', ( #3094 ), #8574, .T. ) ;
#122 = ORIENTED_EDGE ( 'NONE', *, *, #8634, .T. ) ;
#123 = EDGE_CURVE ( 'NONE', #6753, #4769, #7264, .T. ) ;
#124 = DIRECTION ( 'NONE',  ( 0.000000000000000000, 0.000000000000000000, 1.000000000000000000 ) ) ;
#125 = ADVANCED_FACE ( 'NONE', ( #2400 ), #6619, .T. ) ;
#126 = ORIENTED_EDGE ( 'NONE', *, *, #6332, .T. ) ;
#127 = VERTEX_POINT ( 'NONE', #6019 ) ;
#128 = DIRECTION ( 'NONE',  ( 0.000000000000000000, 0.000000000000000000, -1.000000000000000000 ) ) ;
#129 = EDGE_LOOP ( 'NONE', ( #5925, #173, #993, #3134 ) ) ;
#130 = DIRECTION ( 'NONE',  ( -1.156482317317864034E-15, 0.000000000000000000, 1.000000000000000000 ) ) ;
#131 = DIRECTION ( 'NONE',  ( 0.000000000000000000, -1.000000000000000000, 0.000000000000000000 ) ) ;
#132 = CYLINDRICAL_SURFACE ( 'NONE', #7222, 102.3386523170878064 ) ;
#133 = EDGE_CURVE ( 'NONE', #772, #7040, #3021, .T. ) ;
#134 = VERTEX_POINT ( 'NONE', #475 ) ;
#135 = VERTEX_POINT ( 'NONE', #8262 ) ;
#136 = ORIENTED_EDGE ( 'NONE', *, *, #1027, .T. ) ;
#137 = DIRECTION ( 'NONE',  ( 0.000000000000000000, 1.000000000000000000, 0.000000000000000000 ) ) ;
#138 = CARTESIAN_POINT ( 'NONE',  ( 42.96708073974766506, 5.267766952966375982, -6.732233047033618689 ) ) ;
#139 = EDGE_CURVE ( 'NONE', #3155, #4957, #967, .T. ) ;
#140 = DIRECTION ( 'NONE',  ( 0.000000000000000000, 0.000000000000000000, 1.000000000000000000 ) ) ;
#141 = CARTESIAN_POINT ( 'NONE',  ( 7.020929521015704999, 4.000000000000000000, 55.24505384011008147 ) ) ;
#142 = ADVANCED_FACE ( 'NONE', ( #6062 ), #600, .T. ) ;
#143 = ORIENTED_EDGE ( 'NONE', *, *, #5020, .T. ) ;
#144 = DIRECTION ( 'NONE',  ( -0.000000000000000000, 1.000000000000000000, 0.000000000000000000 ) ) ;
#145 = ORIENTED_EDGE ( 'NONE', *, *, #7051, .T. ) ;
#146 = CARTESIAN_POINT ( 'NONE',  ( -95.37740409499218686, 0.000000000000000000, -26.33212343854044946 ) ) ;
#147 = LINE ( 'NONE', #50, #7145 ) ;
#148 = CARTESIAN_POINT ( 'NONE',  ( 0.000000000000000000, 4.000000000000000000, 47.50000000000000000 ) ) ;
#149 = ORIENTED_EDGE ( 'NONE', *, *, #388, .F. ) ;
#150 = ADVANCED_FACE ( 'NONE', ( #4051 ), #8866, .F. ) ;
#151 = DIRECTION ( 'NONE',  ( -0.000000000000000000, -0.000000000000000000, -1.000000000000000000 ) ) ;
#152 = DIRECTION ( 'NONE',  ( 0.000000000000000000, -1.000000000000000000, 0.000000000000000000 ) ) ;
#153 = EDGE_CURVE ( 'NONE', #6139, #7875, #820, .T. ) ;
#154 = CARTESIAN_POINT ( 'NONE',  ( 40.60259885318151873, 6.382250725406269254, 5.617749274593740516 ) ) ;
#155 = LINE ( 'NONE', #8762, #5775 ) ;
#156 = ORIENTED_EDGE ( 'NONE', *, *, #5838, .F. ) ;
#157 = CARTESIAN_POINT ( 'NONE',  ( 49.00000000000000711, 8.641913926249998212, 4.289580200573757551 ) ) ;
#158 = EDGE_CURVE ( 'NONE', #7231, #6139, #1127, .T. ) ;
#159 = CARTESIAN_POINT ( 'NONE',  ( -4.999999999999991118, 6.447489024775967081, 53.00000000000000000 ) ) ;
#160 = ORIENTED_EDGE ( 'NONE', *, *, #404, .F. ) ;
#161 = CARTESIAN_POINT ( 'NONE',  ( 38.99999999999999289, 3.499999999999999556, 9.828733969669862347 ) ) ;
#162 = ORIENTED_EDGE ( 'NONE', *, *, #5529, .T. ) ;
#163 = FACE_OUTER_BOUND ( 'NONE', #724, .T. ) ;
#164 = DIRECTION ( 'NONE',  ( 0.000000000000000000, 1.000000000000000000, 0.000000000000000000 ) ) ;
#165 = LINE ( 'NONE', #2954, #784 ) ;
#166 = ORIENTED_EDGE ( 'NONE', *, *, #2415, .F. ) ;
#167 = PLANE ( 'NONE',  #2539 ) ;
#168 = ORIENTED_EDGE ( 'NONE', *, *, #2311, .F. ) ;
#169 = ADVANCED_FACE ( 'NONE', ( #3396 ), #3665, .F. ) ;
#170 = EDGE_CURVE ( 'NONE', #6045, #586, #5454, .T. ) ;
#171 = EDGE_LOOP ( 'NONE', ( #8538, #7001, #3943, #1285 ) ) ;
#172 = DIRECTION ( 'NONE',  ( 0.000000000000000000, 1.000000000000000000, 0.000000000000000000 ) ) ;
#173 = ORIENTED_EDGE ( 'NONE', *, *, #4900, .T. ) ;
#174 = CARTESIAN_POINT ( 'NONE',  ( 2.000000000000008882, 54.00000000000000711, 56.00000000000000000 ) ) ;
#175 = CARTESIAN_POINT ( 'NONE',  ( -10.00000000000000000, 2.399999999999999911, -27.00000000000000000 ) ) ;
#176 = CYLINDRICAL_SURFACE ( 'NONE', #3558, 3.000000000000000000 ) ;
#177 = ORIENTED_EDGE ( 'NONE', *, *, #1457, .F. ) ;
#178 = ORIENTED_EDGE ( 'NONE', *, *, #4601, .F. ) ;
#179 = ORIENTED_EDGE ( 'NONE', *, *, #9026, .T. ) ;
#180 = DIRECTION ( 'NONE',  ( 0.000000000000000000, -1.000000000000000000, 0.000000000000000000 ) ) ;
#181 = DIRECTION ( 'NONE',  ( 8.953411488912552682E-16, 0.000000000000000000, 1.000000000000000000 ) ) ;
#182 = CIRCLE ( 'NONE', #334, 102.8386523170878064 ) ;
#183 = CARTESIAN_POINT ( 'NONE',  ( -5.616384920805930214, 4.000000000000000000, -58.50000000000000000 ) ) ;
#184 = CYLINDRICAL_SURFACE ( 'NONE', #8591, 2.500000000000002220 ) ;
#185 = ORIENTED_EDGE ( 'NONE', *, *, #1677, .T. ) ;
#186 = FACE_OUTER_BOUND ( 'NONE', #5511, .T. ) ;
#187 = AXIS2_PLACEMENT_3D ( 'NONE', #6934, #3202, #2719 ) ;
#188 = VECTOR ( 'NONE', #6137, 1000.000000000000000 ) ;
#189 = EDGE_CURVE ( 'NONE', #1619, #4779, #5940, .T. ) ;
#190 = ORIENTED_EDGE ( 'NONE', *, *, #5270, .T. ) ;
#191 = DIRECTION ( 'NONE',  ( 0.000000000000000000, 0.000000000000000000, 1.000000000000000000 ) ) ;
#192 = DIRECTION ( 'NONE',  ( 0.000000000000000000, 0.000000000000000000, -1.000000000000000000 ) ) ;
#193 = CARTESIAN_POINT ( 'NONE',  ( 1.658312395177696574, 4.000000000000000000, -47.50000000000000000 ) ) ;
#194 = ORIENTED_EDGE ( 'NONE', *, *, #8665, .T. ) ;
#195 = LINE ( 'NONE', #5688, #7363 ) ;
#196 = PLANE ( 'NONE',  #7269 ) ;
#197 = AXIS2_PLACEMENT_3D ( 'NONE', #2102, #2831, #3039 ) ;
#198 = CIRCLE ( 'NONE', #5169, 46.50000000000000000 ) ;
#199 = CARTESIAN_POINT ( 'NONE',  ( -4.889887474068680184, 6.483409382741007754, 53.83195584965893943 ) ) ;
#200 = ORIENTED_EDGE ( 'NONE', *, *, #4790, .F. ) ;
#201 = CARTESIAN_POINT ( 'NONE',  ( -59.50000000000000000, 4.000000000000000000, 0.000000000000000000 ) ) ;
#202 = DIRECTION ( 'NONE',  ( 0.000000000000000000, 0.000000000000000000, 1.000000000000000000 ) ) ;
#203 = AXIS2_PLACEMENT_3D ( 'NONE', #7336, #1053, #3809 ) ;
#204 = DIRECTION ( 'NONE',  ( -1.000000000000000000, 0.000000000000000000, 0.000000000000000000 ) ) ;
#205 = AXIS2_PLACEMENT_3D ( 'NONE', #2464, #5938, #4476 ) ;
#206 =( BOUNDED_CURVE ( )  B_SPLINE_CURVE ( 3, ( #8921, #3931, #3331, #6119 ),
 .UNSPECIFIED., .F., .T. ) 
 B_SPLINE_CURVE_WITH_KNOTS ( ( 4, 4 ),
 ( 0.7853981633974406185, 1.570796326794896558 ),
 .UNSPECIFIED. ) 
 CURVE ( )  GEOMETRIC_REPRESENTATION_ITEM ( )  RATIONAL_B_SPLINE_CURVE ( ( 1.000000000000000000, 0.9492530216741901228, 0.9492530216741901228, 1.000000000000000000 ) ) 
 REPRESENTATION_ITEM ( '' )  );
#207 = CARTESIAN_POINT ( 'NONE',  ( 53.48771061000000060, 3.500000000000000000, -53.48771061000000060 ) ) ;
#208 = ORIENTED_EDGE ( 'NONE', *, *, #3944, .T. ) ;
#209 = CARTESIAN_POINT ( 'NONE',  ( 35.00000000000000000, 4.000000000000000000, -3.000000000000000000 ) ) ;
#210 = CARTESIAN_POINT ( 'NONE',  ( -92.00000000000000000, -6.000000000000000000, -16.75000000000000000 ) ) ;
#212 = CARTESIAN_POINT ( 'NONE',  ( -1.658312395177696352, 6.499999999999999112, 50.00000000000000000 ) ) ;
#211 = AXIS2_PLACEMENT_3D ( 'NONE', #4322, #1572, #2944 ) ;
#213 = CIRCLE ( 'NONE', #7966, 1.249999999999999334 ) ;
#214 = VECTOR ( 'NONE', #1634, 1000.000000000000114 ) ;
#215 = ORIENTED_EDGE ( 'NONE', *, *, #672, .F. ) ;
#216 = FACE_OUTER_BOUND ( 'NONE', #4440, .T. ) ;
#217 = ORIENTED_EDGE ( 'NONE', *, *, #2641, .F. ) ;
#218 = AXIS2_PLACEMENT_3D ( 'NONE', #1939, #7769, #8449 ) ;
#219 = VERTEX_POINT ( 'NONE', #3358 ) ;
#220 = CARTESIAN_POINT ( 'NONE',  ( 40.99999999999999289, 7.035533905932735088, -3.000000000000000888 ) ) ;
#221 = ORIENTED_EDGE ( 'NONE', *, *, #5943, .F. ) ;
#222 = DIRECTION ( 'NONE',  ( 0.000000000000000000, -0.7071067811865525687, -0.7071067811865425767 ) ) ;
#223 = CARTESIAN_POINT ( 'NONE',  ( 42.47865460874999854, 0.5000000000000281997, 8.824518986904589468 ) ) ;
#224 = VECTOR ( 'NONE', #320, 1000.000000000000000 ) ;
#225 = CARTESIAN_POINT ( 'NONE',  ( -87.00000000000000000, 1.000000000000000000, 10.25000000000000000 ) ) ;
#226 = AXIS2_PLACEMENT_3D ( 'NONE', #8820, #2627, #3326 ) ;
#227 = EDGE_LOOP ( 'NONE', ( #2506, #2088, #7607, #674 ) ) ;
#228 = VERTEX_POINT ( 'NONE', #8308 ) ;
#229 = ORIENTED_EDGE ( 'NONE', *, *, #4185, .F. ) ;
#230 = VECTOR ( 'NONE', #5421, 1000.000000000000114 ) ;
#231 = DIRECTION ( 'NONE',  ( 0.000000000000000000, -0.9999975613256066875, -0.002208470701481334963 ) ) ;
#232 = CARTESIAN_POINT ( 'NONE',  ( 48.01170830450241311, 6.647856132198944223, 5.352143867799705745 ) ) ;
#233 = DIRECTION ( 'NONE',  ( 4.088782444488880359E-16, 0.7071067811865670016, -0.7071067811865280328 ) ) ;
#234 = CARTESIAN_POINT ( 'NONE',  ( 0.000000000000000000, 1.699999999999999956, -46.50000000000000000 ) ) ;
#235 = AXIS2_PLACEMENT_3D ( 'NONE', #5548, #2791, #4265 ) ;
#236 = ADVANCED_FACE ( 'NONE', ( #2660 ), #7586, .T. ) ;
#237 = ADVANCED_FACE ( 'NONE', ( #2026 ), #4820, .T. ) ;
#238 = ORIENTED_EDGE ( 'NONE', *, *, #6606, .F. ) ;
#239 = CARTESIAN_POINT ( 'NONE',  ( 41.38225072540699756, 6.382250725407018876, -6.397401146818275208 ) ) ;
#240 = EDGE_CURVE ( 'NONE', #4038, #7658, #937, .T. ) ;
#241 = VECTOR ( 'NONE', #4689, 1000.000000000000114 ) ;
#242 = EDGE_CURVE ( 'NONE', #48, #7821, #7661, .T. ) ;
#243 = ORIENTED_EDGE ( 'NONE', *, *, #8798, .T. ) ;
#244 = CARTESIAN_POINT ( 'NONE',  ( 48.99999999999997868, 11.97293042402716878, -3.166948776750296179 ) ) ;
#245 = DIRECTION ( 'NONE',  ( 0.6139406135149200194, 0.000000000000000000, -0.7893522173763267702 ) ) ;
#246 = EDGE_LOOP ( 'NONE', ( #7214, #7501, #4379, #632 ) ) ;
#247 = CARTESIAN_POINT ( 'NONE',  ( 44.00000000000000000, 52.50000000000000711, 6.000000000000000000 ) ) ;
#248 = DIRECTION ( 'NONE',  ( 0.000000000000000000, 0.000000000000000000, -1.000000000000000000 ) ) ;
#249 = CIRCLE ( 'NONE', #5366, 5.499999999999998224 ) ;
#250 = AXIS2_PLACEMENT_3D ( 'NONE', #5509, #51, #6195 ) ;
#251 = PLANE ( 'NONE',  #6502 ) ;
#252 = ORIENTED_EDGE ( 'NONE', *, *, #3653, .T. ) ;
#253 = DIRECTION ( 'NONE',  ( 0.000000000000000000, 0.000000000000000000, 1.000000000000000000 ) ) ;
#254 = DIRECTION ( 'NONE',  ( -0.000000000000000000, 1.000000000000000000, -0.000000000000000000 ) ) ;
#255 = VECTOR ( 'NONE', #2388, 1000.000000000000000 ) ;
#256 = CARTESIAN_POINT ( 'NONE',  ( -92.00000000000000000, 1.699999999999999956, -13.75000000000000000 ) ) ;
#257 = DIRECTION ( 'NONE',  ( 0.000000000000000000, 1.000000000000000000, 0.000000000000000000 ) ) ;
#258 = VERTEX_POINT ( 'NONE', #2841 ) ;
#259 = FACE_OUTER_BOUND ( 'NONE', #3444, .T. ) ;
#260 = DIRECTION ( 'NONE',  ( 0.000000000000000000, 1.000000000000000000, 0.000000000000000000 ) ) ;
#261 = CARTESIAN_POINT ( 'NONE',  ( -5.000000000000000000, 52.50000000000000711, -50.00000000000000000 ) ) ;
#262 = AXIS2_PLACEMENT_3D ( 'NONE', #856, #1581, #2170 ) ;
#263 = CIRCLE ( 'NONE', #7581, 1.500000000000001332 ) ;
#264 = DIRECTION ( 'NONE',  ( 8.953411488912552682E-16, 0.000000000000000000, 1.000000000000000000 ) ) ;
#265 = ORIENTED_EDGE ( 'NONE', *, *, #8153, .F. ) ;
#266 = ORIENTED_EDGE ( 'NONE', *, *, #9071, .T. ) ;
#267 = DIRECTION ( 'NONE',  ( -1.000000000000000000, 0.000000000000000000, 0.000000000000000000 ) ) ;
#268 = EDGE_LOOP ( 'NONE', ( #802, #8285, #38, #7840 ) ) ;
#269 = CARTESIAN_POINT ( 'NONE',  ( 2.000000000000008882, 54.00000000000000711, 54.50000000000000000 ) ) ;
#270 = LINE ( 'NONE', #5423, #4022 ) ;
#271 = LINE ( 'NONE', #5306, #4291 ) ;
#272 = EDGE_CURVE ( 'NONE', #3554, #7117, #4224, .T. ) ;
#273 = VERTEX_POINT ( 'NONE', #839 ) ;
#274 = ORIENTED_EDGE ( 'NONE', *, *, #5505, .F. ) ;
#275 = CARTESIAN_POINT ( 'NONE',  ( -87.00000000000000000, 1.000000000000000000, -10.25000000000000000 ) ) ;
#276 = CARTESIAN_POINT ( 'NONE',  ( -20.00000000000000000, 0.4999999999999730216, -6.000000000000000000 ) ) ;
#277 = CARTESIAN_POINT ( 'NONE',  ( 40.99999999999999289, 54.00000000000000711, 3.000000000000000000 ) ) ;
#278 = DIRECTION ( 'NONE',  ( 0.000000000000000000, 0.000000000000000000, 1.000000000000000000 ) ) ;
#279 = ORIENTED_EDGE ( 'NONE', *, *, #7854, .T. ) ;
#280 = FACE_OUTER_BOUND ( 'NONE', #5896, .T. ) ;
#281 = ORIENTED_EDGE ( 'NONE', *, *, #8765, .T. ) ;
#282 = ADVANCED_FACE ( 'NONE', ( #4860 ), #7108, .F. ) ;
#283 = EDGE_CURVE ( 'NONE', #1745, #7175, #1842, .T. ) ;
#284 = DIRECTION ( 'NONE',  ( 0.000000000000000000, 0.000000000000000000, -1.000000000000000000 ) ) ;
#285 = DIRECTION ( 'NONE',  ( -4.625929269271490844E-15, 0.000000000000000000, 1.000000000000000000 ) ) ;
#286 = VERTEX_POINT ( 'NONE', #8386 ) ;
#287 = DIRECTION ( 'NONE',  ( 4.679188323358490620E-15, 0.000000000000000000, -1.000000000000000000 ) ) ;
#288 = CARTESIAN_POINT ( 'NONE',  ( 44.00000000000000000, 54.00000000000000711, 4.500000000000000888 ) ) ;
#289 = CARTESIAN_POINT ( 'NONE',  ( -82.15000000000000568, 1.000000000000000000, -8.250000000000000000 ) ) ;
#290 = EDGE_LOOP ( 'NONE', ( #7170, #5894, #7362, #4580 ) ) ;
#291 = LINE ( 'NONE', #935, #8756 ) ;
#292 = ADVANCED_FACE ( 'NONE', ( #4124 ), #6928, .T. ) ;
#293 = CARTESIAN_POINT ( 'NONE',  ( -0.5529528439968796061, 6.460179702892493658, -49.99999999999999289 ) ) ;
#294 = CARTESIAN_POINT ( 'NONE',  ( -5.616384920805930214, 4.000000000000000000, -58.50000000000000000 ) ) ;
#295 = CARTESIAN_POINT ( 'NONE',  ( 4.890069851683647606, 6.483365955755253651, -53.83140453016756766 ) ) ;
#296 = ORIENTED_EDGE ( 'NONE', *, *, #5964, .T. ) ;
#297 = FACE_OUTER_BOUND ( 'NONE', #6476, .T. ) ;
#298 = FACE_OUTER_BOUND ( 'NONE', #2558, .T. ) ;
#299 = DIRECTION ( 'NONE',  ( 0.000000000000000000, -1.000000000000000000, 0.000000000000000000 ) ) ;
#300 = EDGE_CURVE ( 'NONE', #4605, #5570, #6534, .T. ) ;
#301 = ADVANCED_FACE ( 'NONE', ( #3525 ), #1427, .F. ) ;
#302 = CARTESIAN_POINT ( 'NONE',  ( -8.000000000000000000, 3.500000000000000000, 21.00000000000000000 ) ) ;
#303 = ORIENTED_EDGE ( 'NONE', *, *, #8345, .T. ) ;
#304 = EDGE_CURVE ( 'NONE', #6018, #8471, #1332, .T. ) ;
#305 = EDGE_CURVE ( 'NONE', #134, #3714, #3747, .T. ) ;
#306 = ORIENTED_EDGE ( 'NONE', *, *, #6780, .T. ) ;
#307 = CARTESIAN_POINT ( 'NONE',  ( -2.000000000000000000, 52.50000000000000711, -54.50000000000000000 ) ) ;
#308 = ORIENTED_EDGE ( 'NONE', *, *, #7870, .F. ) ;
#309 = DIRECTION ( 'NONE',  ( 1.000000000000000000, 0.000000000000000000, -6.938893903907230350E-16 ) ) ;
#310 = LINE ( 'NONE', #3109, #214 ) ;
#311 = DIRECTION ( 'NONE',  ( 0.000000000000000000, 0.000000000000000000, -1.000000000000000000 ) ) ;
#312 = VERTEX_POINT ( 'NONE', #8344 ) ;
#313 = EDGE_LOOP ( 'NONE', ( #5285, #7195, #1110, #6225, #177 ) ) ;
#314 = EDGE_CURVE ( 'NONE', #3754, #780, #6976, .T. ) ;
#315 = VERTEX_POINT ( 'NONE', #7060 ) ;
#316 = CARTESIAN_POINT ( 'NONE',  ( 7.611023491189000900, 0.5000000000000071054, 56.85365460874999854 ) ) ;
#317 = DIRECTION ( 'NONE',  ( -0.000000000000000000, -1.000000000000000000, -0.000000000000000000 ) ) ;
#318 = CARTESIAN_POINT ( 'NONE',  ( -91.83080728388220848, 4.000000000000000000, -27.18073553764855177 ) ) ;
#319 = CARTESIAN_POINT ( 'NONE',  ( 4.738688829644941869, 6.499999999999999112, 54.22457482187821398 ) ) ;
#320 = DIRECTION ( 'NONE',  ( -3.083952846181010199E-15, 0.000000000000000000, 1.000000000000000000 ) ) ;
#321 = ORIENTED_EDGE ( 'NONE', *, *, #5687, .T. ) ;
#322 = CARTESIAN_POINT ( 'NONE',  ( 40.25927558514312921, 4.000000000000000000, -8.906877661458381112 ) ) ;
#323 = ORIENTED_EDGE ( 'NONE', *, *, #4102, .F. ) ;
#324 = CARTESIAN_POINT ( 'NONE',  ( 2.000000000000000000, 6.499999999999999112, -50.00000000000000000 ) ) ;
#325 = LINE ( 'NONE', #6099, #1821 ) ;
#326 = ORIENTED_EDGE ( 'NONE', *, *, #7178, .T. ) ;
#327 = CARTESIAN_POINT ( 'NONE',  ( 41.87867965644560542, 8.406794345965730386, -5.121320343564897293 ) ) ;
#328 = DIRECTION ( 'NONE',  ( 0.000000000000000000, -1.000000000000000000, 0.000000000000000000 ) ) ;
#329 = DIRECTION ( 'NONE',  ( 0.000000000000000000, -1.000000000000000000, 0.000000000000000000 ) ) ;
#330 = CIRCLE ( 'NONE', #1641, 1.500000000000001332 ) ;
#331 = VERTEX_POINT ( 'NONE', #7762 ) ;
#332 = CARTESIAN_POINT ( 'NONE',  ( 8.000000000000000000, 4.000000000000000000, 25.50000000000000000 ) ) ;
#333 = EDGE_CURVE ( 'NONE', #1652, #8813, #4916, .T. ) ;
#334 = AXIS2_PLACEMENT_3D ( 'NONE', #7000, #4247, #28 ) ;
#335 = CARTESIAN_POINT ( 'NONE',  ( -79.90000000000000568, 0.000000000000000000, -13.54999999999999893 ) ) ;
#336 = EDGE_CURVE ( 'NONE', #7867, #1273, #6679, .T. ) ;
#337 = CARTESIAN_POINT ( 'NONE',  ( 38.99999999999999289, 0.1667179146549353230, 9.477686090023103915 ) ) ;
#338 = CARTESIAN_POINT ( 'NONE',  ( 1.879066676236450120E-24, 6.449489742783179658, -50.00000000000000000 ) ) ;
#339 = VERTEX_POINT ( 'NONE', #5638 ) ;
#340 = CIRCLE ( 'NONE', #5313, 5.499999999999998224 ) ;
#341 = DIRECTION ( 'NONE',  ( 0.000000000000000000, -1.000000000000000000, 0.000000000000000000 ) ) ;
#342 = DIRECTION ( 'NONE',  ( -1.000000000000000000, 0.000000000000000000, 0.000000000000000000 ) ) ;
#343 = CARTESIAN_POINT ( 'NONE',  ( -7.112363848593240334, 4.000000000000000000, -56.89024095656250068 ) ) ;
#344 = ADVANCED_FACE ( 'NONE', ( #4960 ), #782, .F. ) ;
#345 = EDGE_CURVE ( 'NONE', #4064, #8107, #5002, .T. ) ;
#346 = CIRCLE ( 'NONE', #5455, 3.250000000000000444 ) ;
#347 = CARTESIAN_POINT ( 'NONE',  ( -82.95000000000000284, 1.000000000000000000, 10.25000000000000000 ) ) ;
#348 = CIRCLE ( 'NONE', #2231, 46.50000000000000000 ) ;
#349 = VERTEX_POINT ( 'NONE', #6428 ) ;
#350 = EDGE_CURVE ( 'NONE', #127, #4296, #6231, .T. ) ;
#351 = ADVANCED_FACE ( 'NONE', ( #5776 ), #8583, .F. ) ;
#352 = DIRECTION ( 'NONE',  ( 0.000000000000000000, -1.000000000000000000, 0.000000000000000000 ) ) ;
#353 = ORIENTED_EDGE ( 'NONE', *, *, #3893, .T. ) ;
#354 = AXIS2_PLACEMENT_3D ( 'NONE', #3755, #359, #3027 ) ;
#355 = DIRECTION ( 'NONE',  ( 0.000000000000000000, 0.000000000000000000, -1.000000000000000000 ) ) ;
#356 = VERTEX_POINT ( 'NONE', #1565 ) ;
#357 = CONICAL_SURFACE ( 'NONE', #7666, 46.00000000000000000, 0.7853981633974482790 ) ;
#358 = CARTESIAN_POINT ( 'NONE',  ( 41.64785613220198712, 6.647856132197930812, 5.011708304501051536 ) ) ;
#359 = DIRECTION ( 'NONE',  ( 0.000000000000000000, 1.000000000000000000, 0.000000000000000000 ) ) ;
#360 = EDGE_CURVE ( 'NONE', #104, #3575, #4368, .T. ) ;
#361 = FACE_OUTER_BOUND ( 'NONE', #5535, .T. ) ;
#362 = ORIENTED_EDGE ( 'NONE', *, *, #1923, .T. ) ;
#363 = AXIS2_PLACEMENT_3D ( 'NONE', #3697, #1672, #8738 ) ;
#364 = ORIENTED_EDGE ( 'NONE', *, *, #5157, .T. ) ;
#365 = ORIENTED_EDGE ( 'NONE', *, *, #8708, .T. ) ;
#366 = DIRECTION ( 'NONE',  ( 0.000000000000000000, -1.000000000000000000, -0.000000000000000000 ) ) ;
#367 = DIRECTION ( 'NONE',  ( 0.000000000000000000, 0.000000000000000000, -1.000000000000000000 ) ) ;
#368 = CARTESIAN_POINT ( 'NONE',  ( 41.09656912459740852, 6.096569124597420952, 5.903430875402586153 ) ) ;
#369 = VECTOR ( 'NONE', #352, 1000.000000000000000 ) ;
#370 = CARTESIAN_POINT ( 'NONE',  ( -8.000000000000000000, 3.500000000000000000, 21.00000000000000000 ) ) ;
#371 = AXIS2_PLACEMENT_3D ( 'NONE', #8031, #1739, #614 ) ;
#372 = EDGE_LOOP ( 'NONE', ( #136, #8064, #5955, #6452 ) ) ;
#373 = CARTESIAN_POINT ( 'NONE',  ( 39.84022050117877001, 4.000000000000000000, -9.035533905932723542 ) ) ;
#374 = ORIENTED_EDGE ( 'NONE', *, *, #8024, .F. ) ;
#375 = AXIS2_PLACEMENT_3D ( 'NONE', #5566, #3547, #5606 ) ;
#376 = VECTOR ( 'NONE', #3493, 1000.000000000000000 ) ;
#377 = CARTESIAN_POINT ( 'NONE',  ( 48.99999999999997868, 10.29180029370232319, -3.686271738716646151 ) ) ;
#378 = DIRECTION ( 'NONE',  ( 0.000000000000000000, 0.000000000000000000, -1.000000000000000000 ) ) ;
#379 = AXIS2_PLACEMENT_3D ( 'NONE', #701, #9043, #6383 ) ;
#380 = ORIENTED_EDGE ( 'NONE', *, *, #4209, .T. ) ;
#381 = CARTESIAN_POINT ( 'NONE',  ( -8.500000000000003553, 4.000000000000000000, -33.89999999999999858 ) ) ;
#382 = CYLINDRICAL_SURFACE ( 'NONE', #8006, 2.500000000000000444 ) ;
#383 = DIRECTION ( 'NONE',  ( 0.000000000000000000, 0.000000000000000000, -1.000000000000000000 ) ) ;
#384 = ORIENTED_EDGE ( 'NONE', *, *, #2923, .T. ) ;
#385 = DIRECTION ( 'NONE',  ( 0.000000000000000000, 1.000000000000000000, 0.000000000000000000 ) ) ;
#386 = VECTOR ( 'NONE', #2252, 1000.000000000000000 ) ;
#387 = PLANE ( 'NONE',  #4668 ) ;
#388 = EDGE_CURVE ( 'NONE', #2325, #940, #2275, .T. ) ;
#389 = FACE_OUTER_BOUND ( 'NONE', #95, .T. ) ;
#390 = CARTESIAN_POINT ( 'NONE',  ( -86.75000000000000000, 1.500000000000000000, 7.750000000000000000 ) ) ;
#391 = VECTOR ( 'NONE', #4953, 1000.000000000000000 ) ;
#392 = AXIS2_PLACEMENT_3D ( 'NONE', #9037, #4084, #6920 ) ;
#393 = VERTEX_POINT ( 'NONE', #8320 ) ;
#394 = DIRECTION ( 'NONE',  ( 0.000000000000000000, 0.000000000000000000, 1.000000000000000000 ) ) ;
#395 = CARTESIAN_POINT ( 'NONE',  ( -24.77192307692305207, 1.000000000000000000, 31.84961538461535113 ) ) ;
#396 = FACE_OUTER_BOUND ( 'NONE', #6726, .T. ) ;
#397 = CARTESIAN_POINT ( 'NONE',  ( 42.55175582785817312, 5.412661635809834948, -6.587338364190159723 ) ) ;
#398 = AXIS2_PLACEMENT_3D ( 'NONE', #4267, #1334, #7719 ) ;
#399 = ORIENTED_EDGE ( 'NONE', *, *, #4714, .T. ) ;
#400 = CIRCLE ( 'NONE', #4789, 6.000000000000000000 ) ;
#401 = DIRECTION ( 'NONE',  ( 0.000000000000000000, 1.000000000000000000, 0.000000000000000000 ) ) ;
#402 = EDGE_CURVE ( 'NONE', #8705, #3111, #6548, .T. ) ;
#403 = ORIENTED_EDGE ( 'NONE', *, *, #910, .T. ) ;
#404 = EDGE_CURVE ( 'NONE', #315, #4088, #2450, .T. ) ;
#405 = FACE_OUTER_BOUND ( 'NONE', #7161, .T. ) ;
#406 = ORIENTED_EDGE ( 'NONE', *, *, #7522, .F. ) ;
#407 = AXIS2_PLACEMENT_3D ( 'NONE', #4822, #4695, #7625 ) ;
#408 = FACE_OUTER_BOUND ( 'NONE', #5582, .T. ) ;
#409 = LINE ( 'NONE', #6498, #2824 ) ;
#410 = EDGE_CURVE ( 'NONE', #1509, #1769, #485, .T. ) ;
#411 = CIRCLE ( 'NONE', #8171, 46.50000000000000000 ) ;
#412 = EDGE_CURVE ( 'NONE', #2649, #7829, #400, .T. ) ;
#413 = DIRECTION ( 'NONE',  ( 0.000000000000000000, 1.000000000000000000, 0.000000000000000000 ) ) ;
#414 = EDGE_CURVE ( 'NONE', #1458, #1044, #576, .T. ) ;
#415 = ORIENTED_EDGE ( 'NONE', *, *, #851, .T. ) ;
#416 = AXIS2_PLACEMENT_3D ( 'NONE', #3912, #5136, #6707 ) ;
#417 = EDGE_CURVE ( 'NONE', #882, #4038, #6699, .T. ) ;
#418 = EDGE_LOOP ( 'NONE', ( #2795, #626, #5648, #5364 ) ) ;
#419 = ORIENTED_EDGE ( 'NONE', *, *, #4377, .T. ) ;
#420 = CARTESIAN_POINT ( 'NONE',  ( -8.000000000000000000, 10.00000000000000000, 21.00000000000000000 ) ) ;
#421 = FACE_OUTER_BOUND ( 'NONE', #6832, .T. ) ;
#422 = CARTESIAN_POINT ( 'NONE',  ( 39.73223304108839216, 4.732233041088386827, -0.1534308991111296983 ) ) ;
#423 = EDGE_CURVE ( 'NONE', #7916, #7842, #5824, .T. ) ;
#424 = EDGE_LOOP ( 'NONE', ( #2700, #1208, #6610, #1552, #323 ) ) ;
#425 = DIRECTION ( 'NONE',  ( 4.625929269271490844E-15, 0.000000000000000000, -1.000000000000000000 ) ) ;
#426 = VERTEX_POINT ( 'NONE', #6073 ) ;
#427 = EDGE_CURVE ( 'NONE', #5357, #8478, #6761, .T. ) ;
#428 = CARTESIAN_POINT ( 'NONE',  ( -83.75000000000000000, 1.500000000000000000, -4.500000000000000000 ) ) ;
#429 = CARTESIAN_POINT ( 'NONE',  ( 35.00000000000000000, 4.000000000000000000, 4.286263797015734919E-15 ) ) ;
#430 = EDGE_CURVE ( 'NONE', #2365, #1817, #5424, .T. ) ;
#431 = ORIENTED_EDGE ( 'NONE', *, *, #5152, .F. ) ;
#432 = CARTESIAN_POINT ( 'NONE',  ( 41.35731743132087246, 6.406218246585614118, -5.642682568679117772 ) ) ;
#433 = DIRECTION ( 'NONE',  ( 0.000000000000000000, 0.000000000000000000, -1.000000000000000000 ) ) ;
#434 = DIRECTION ( 'NONE',  ( 0.000000000000000000, 1.000000000000000000, 0.000000000000000000 ) ) ;
#435 = ORIENTED_EDGE ( 'NONE', *, *, #8152, .F. ) ;
#436 = DIRECTION ( 'NONE',  ( 0.000000000000000000, -1.000000000000000000, 0.000000000000000000 ) ) ;
#437 = ORIENTED_EDGE ( 'NONE', *, *, #1118, .T. ) ;
#438 = DIRECTION ( 'NONE',  ( 0.000000000000000000, -1.000000000000000000, 0.000000000000000000 ) ) ;
#439 = CARTESIAN_POINT ( 'NONE',  ( 45.99999999999999289, 54.00000000000000711, 3.000000000000000000 ) ) ;
#440 = ORIENTED_EDGE ( 'NONE', *, *, #5985, .T. ) ;
#441 = ADVANCED_FACE ( 'NONE', ( #7459 ), #6893, .F. ) ;
#442 = DIRECTION ( 'NONE',  ( 0.000000000000000000, -1.000000000000000000, 0.000000000000000000 ) ) ;
#443 = CARTESIAN_POINT ( 'NONE',  ( 8.000000000000000000, 0.4999999999999730216, 25.00000000000000000 ) ) ;
#444 = FACE_OUTER_BOUND ( 'NONE', #6160, .T. ) ;
#445 = CARTESIAN_POINT ( 'NONE',  ( -53.48771061000000060, 4.000000000000000000, -53.48771061000000060 ) ) ;
#446 = CARTESIAN_POINT ( 'NONE',  ( 0.000000000000000000, 54.00000000000000711, 51.50000000000000711 ) ) ;
#447 = ORIENTED_EDGE ( 'NONE', *, *, #1344, .T. ) ;
#448 = CARTESIAN_POINT ( 'NONE',  ( 44.00000000000000000, 54.00000000000000711, -4.500000000000000888 ) ) ;
#449 = ORIENTED_EDGE ( 'NONE', *, *, #6105, .F. ) ;
#450 = DIRECTION ( 'NONE',  ( 1.534251516482260896E-25, 1.000000000000000000, 0.000000000000000000 ) ) ;
#451 = CARTESIAN_POINT ( 'NONE',  ( 41.60782313581994885, 8.149876321592811834, 4.853051517855500485 ) ) ;
#452 = CARTESIAN_POINT ( 'NONE',  ( 0.000000000000000000, 4.000000000000000000, 47.50000000000000000 ) ) ;
#453 =( BOUNDED_SURFACE ( )  B_SPLINE_SURFACE ( 3, 2, ( 
 ( #748, #3455, #3497 ),
 ( #2725, #6392, #6258 ),
 ( #1438, #7633, #2036 ),
 ( #6939, #2074, #9052 ),
 ( #6986, #2767, #711 ),
 ( #2117, #5558, #2166 ),
 ( #2852, #6339, #58 ),
 ( #6296, #4927, #5649 ),
 ( #8451, #4969, #7771 ),
 ( #1478, #4274, #7072 ) ),
 .UNSPECIFIED., .F., .F., .F. ) 
 B_SPLINE_SURFACE_WITH_KNOTS ( ( 4, 2, 2, 2, 4 ),
 ( 3, 3 ),
 ( 0.000000000000000000, 0.3950552761889165043, 0.7901105523778330086, 1.185165828566749457, 1.580221104755666017 ),
 ( 0.000000000000000000, 1.000000000000000000 ),
 .UNSPECIFIED. ) 
 GEOMETRIC_REPRESENTATION_ITEM ( )  RATIONAL_B_SPLINE_SURFACE ( (
 ( 1.000000000000000000, 0.9238795325112882928, 1.000000000000000000),
 ( 1.000000000000000000, 0.9238888318861011584, 1.000000000000000000),
 ( 1.000000000000000000, 0.9188777629327552487, 1.000000000000000000),
 ( 1.000000000000000000, 0.8991662893379549493, 1.000000000000000000),
 ( 1.000000000000000000, 0.8844548750439237272, 1.000000000000000000),
 ( 1.000000000000000000, 0.8462318456470944161, 1.000000000000000000),
 ( 1.000000000000000000, 0.8227152240199344657, 1.000000000000000000),
 ( 1.000000000000000000, 0.7684940982684136390, 1.000000000000000000),
 ( 1.000000000000000000, 0.7377954187738117175, 1.000000000000000000),
 ( 1.000000000000000000, 0.7047466829484533291, 1.000000000000000000) ) ) 
 REPRESENTATION_ITEM ( '' )  SURFACE ( )  );
#454 = DIRECTION ( 'NONE',  ( 0.000000000000000000, 0.000000000000000000, -1.000000000000000000 ) ) ;
#455 = EDGE_CURVE ( 'NONE', #4415, #3714, #4062, .T. ) ;
#456 = ORIENTED_EDGE ( 'NONE', *, *, #6048, .F. ) ;
#457 = EDGE_LOOP ( 'NONE', ( #6793, #2417, #6107, #7387 ) ) ;
#458 = EDGE_LOOP ( 'NONE', ( #7493, #2055, #7968, #2645 ) ) ;
#459 = CARTESIAN_POINT ( 'NONE',  ( -4.840658366812095714, 6.499999988907184445, -52.01420465676918781 ) ) ;
#460 = LINE ( 'NONE', #277, #4734 ) ;
#461 = CARTESIAN_POINT ( 'NONE',  ( 6.994297151824202530, 4.000000000025741187, 52.62008077245518933 ) ) ;
#462 = ORIENTED_EDGE ( 'NONE', *, *, #833, .T. ) ;
#463 = CARTESIAN_POINT ( 'NONE',  ( 41.50617190359031383, 4.054114498254838495, -8.499725878679230462 ) ) ;
#464 = ORIENTED_EDGE ( 'NONE', *, *, #6735, .T. ) ;
#465 = CARTESIAN_POINT ( 'NONE',  ( 8.000000000000000000, 3.500000000000000000, 25.00000000000000000 ) ) ;
#466 = DIRECTION ( 'NONE',  ( 0.000000000000000000, 0.7071067811865280328, -0.7071067811865670016 ) ) ;
#467 = ORIENTED_EDGE ( 'NONE', *, *, #2970, .F. ) ;
#468 = DIRECTION ( 'NONE',  ( 0.000000000000000000, 0.000000000000000000, -1.000000000000000000 ) ) ;
#469 = CARTESIAN_POINT ( 'NONE',  ( -83.75000000000000000, 1.000000000000000000, -4.500000000000000000 ) ) ;
#470 = CARTESIAN_POINT ( 'NONE',  ( -1.999999999999991340, 6.499999999999999112, 53.00000000000000000 ) ) ;
#471 = ORIENTED_EDGE ( 'NONE', *, *, #9030, .T. ) ;
#472 = DIRECTION ( 'NONE',  ( 0.000000000000000000, -1.000000000000000000, 0.000000000000000000 ) ) ;
#473 = EDGE_CURVE ( 'NONE', #4477, #5786, #6814, .T. ) ;
#474 = EDGE_LOOP ( 'NONE', ( #1587, #7274, #4264, #5298 ) ) ;
#475 = CARTESIAN_POINT ( 'NONE',  ( 38.99999999999999289, 4.000000000000000000, -9.302235153908176457 ) ) ;
#476 = DIRECTION ( 'NONE',  ( -0.000000000000000000, 0.7071067811865374697, 0.7071067811865575647 ) ) ;
#477 = EDGE_LOOP ( 'NONE', ( #6590, #6926, #5732, #4290 ) ) ;
#478 = DIRECTION ( 'NONE',  ( 0.000000000000000000, 0.000000000000000000, -1.000000000000000000 ) ) ;
#479 = AXIS2_PLACEMENT_3D ( 'NONE', #887, #4407, #1519 ) ;
#480 = AXIS2_PLACEMENT_3D ( 'NONE', #3470, #4202, #4945 ) ;
#481 = CARTESIAN_POINT ( 'NONE',  ( 20.00000000000000000, 0.4999999999999730216, 0.000000000000000000 ) ) ;
#482 = CARTESIAN_POINT ( 'NONE',  ( 39.73223304703365244, 4.732233047033645335, 6.000000000000000000 ) ) ;
#483 = CARTESIAN_POINT ( 'NONE',  ( -94.57082556950717844, 3.870437093180695065, 13.87353756373540037 ) ) ;
#484 = CARTESIAN_POINT ( 'NONE',  ( -8.000000000000000000, 0.000000000000000000, -25.50000000000000000 ) ) ;
#485 = LINE ( 'NONE', #446, #3617 ) ;
#486 = ORIENTED_EDGE ( 'NONE', *, *, #6904, .T. ) ;
#487 = VECTOR ( 'NONE', #8566, 1000.000000000000000 ) ;
#488 = CARTESIAN_POINT ( 'NONE',  ( 42.44880804980768829, 7.601211221566608778, -5.691448736926980168 ) ) ;
#489 = VERTEX_POINT ( 'NONE', #8274 ) ;
#490 = CARTESIAN_POINT ( 'NONE',  ( 42.03158433382585457, 7.031584333830416256, 5.425067139020144147 ) ) ;
#491 = CARTESIAN_POINT ( 'NONE',  ( -7.112363848593250104, 0.000000000000000000, -56.89024095656250068 ) ) ;
#492 = CIRCLE ( 'NONE', #6494, 2.500000000000000444 ) ;
#493 = AXIS2_PLACEMENT_3D ( 'NONE', #7928, #1635, #4435 ) ;
#494 = CARTESIAN_POINT ( 'NONE',  ( -87.00000000000000000, 1.000000000000000000, 0.000000000000000000 ) ) ;
#495 = VERTEX_POINT ( 'NONE', #1991 ) ;
#496 = VERTEX_POINT ( 'NONE', #2593 ) ;
#497 = AXIS2_PLACEMENT_3D ( 'NONE', #3979, #1183, #3375 ) ;
#498 = EDGE_CURVE ( 'NONE', #730, #1817, #2007, .T. ) ;
#499 = CIRCLE ( 'NONE', #4015, 1.500000000000001332 ) ;
#500 = ORIENTED_EDGE ( 'NONE', *, *, #4714, .F. ) ;
#501 = CARTESIAN_POINT ( 'NONE',  ( 4.899699365729267342, 6.484756504269972410, -52.20532830491806209 ) ) ;
#502 = CARTESIAN_POINT ( 'NONE',  ( -5.616384920805909786, 0.000000000000000000, 58.50000000000000000 ) ) ;
#503 = CARTESIAN_POINT ( 'NONE',  ( 2.000000000000008882, 54.00000000000000711, 53.00000000000000711 ) ) ;
#504 = CIRCLE ( 'NONE', #7239, 1.500000000000001332 ) ;
#505 = ORIENTED_EDGE ( 'NONE', *, *, #7578, .F. ) ;
#506 = CARTESIAN_POINT ( 'NONE',  ( 48.99999999999999289, 0.4999999999999726885, -7.217068779995491568 ) ) ;
#507 = VECTOR ( 'NONE', #8251, 1000.000000000000000 ) ;
#508 = ORIENTED_EDGE ( 'NONE', *, *, #2228, .F. ) ;
#509 = AXIS2_PLACEMENT_3D ( 'NONE', #944, #1038, #5202 ) ;
#510 = DIRECTION ( 'NONE',  ( 0.000000000000000000, 0.000000000000000000, 1.000000000000000000 ) ) ;
#511 = CARTESIAN_POINT ( 'NONE',  ( -92.00000000000000000, 4.000000000000000000, -12.25000000000000000 ) ) ;
#512 = EDGE_CURVE ( 'NONE', #7803, #5324, #1138, .T. ) ;
#513 = AXIS2_PLACEMENT_3D ( 'NONE', #5629, #4040, #6840 ) ;
#514 = DIRECTION ( 'NONE',  ( 0.000000000000000000, -1.000000000000000000, 0.000000000000000000 ) ) ;
#515 = EDGE_CURVE ( 'NONE', #5707, #4204, #206, .T. ) ;
#516 = CARTESIAN_POINT ( 'NONE',  ( -93.06768137013648357, 3.500000000000000000, -28.33212343854044946 ) ) ;
#517 = SHAPE_DEFINITION_REPRESENTATION ( #7552, #540 ) ;
#518 = ADVANCED_FACE ( 'NONE', ( #4702 ), #8828, .T. ) ;
#519 = ORIENTED_EDGE ( 'NONE', *, *, #5851, .F. ) ;
#520 = CARTESIAN_POINT ( 'NONE',  ( 37.96446609406726935, 4.000000000000000000, 0.000000000000000000 ) ) ;
#521 = EDGE_CURVE ( 'NONE', #686, #6614, #1214, .T. ) ;
#522 = CIRCLE ( 'NONE', #9004, 3.000000000000002665 ) ;
#523 = VECTOR ( 'NONE', #2213, 1000.000000000000000 ) ;
#524 = ORIENTED_EDGE ( 'NONE', *, *, #3251, .T. ) ;
#525 = CARTESIAN_POINT ( 'NONE',  ( 4.899748647125693246, 6.484746662153508368, -52.20544389134545327 ) ) ;
#526 = FACE_OUTER_BOUND ( 'NONE', #2742, .T. ) ;
#527 = ORIENTED_EDGE ( 'NONE', *, *, #2707, .F. ) ;
#528 = DIRECTION ( 'NONE',  ( -0.000000000000000000, 1.000000000000000000, -0.000000000000000000 ) ) ;
#529 = VECTOR ( 'NONE', #1028, 1000.000000000000000 ) ;
#530 = DIRECTION ( 'NONE',  ( 0.000000000000000000, 1.000000000000000000, 0.000000000000000000 ) ) ;
#531 = CARTESIAN_POINT ( 'NONE',  ( -3.851859888774471706E-31, 6.449489742783177881, -50.00000000000000000 ) ) ;
#532 = CARTESIAN_POINT ( 'NONE',  ( -2.000000000000000000, 52.50000000000000711, -50.00000000000000000 ) ) ;
#533 = DIRECTION ( 'NONE',  ( 0.000000000000000000, 0.000000000000000000, 1.000000000000000000 ) ) ;
#534 = CIRCLE ( 'NONE', #4048, 2.500000000000002220 ) ;
#535 = DIRECTION ( 'NONE',  ( 1.000000000000000000, 0.000000000000000000, 0.000000000000000000 ) ) ;
#536 = ORIENTED_EDGE ( 'NONE', *, *, #3354, .F. ) ;
#537 = CARTESIAN_POINT ( 'NONE',  ( 4.761394580298135892, 6.499999999999999112, 51.82752399943533561 ) ) ;
#538 = LINE ( 'NONE', #1870, #4757 ) ;
#539 = DIRECTION ( 'NONE',  ( 0.000000000000000000, -0.7071067811865300312, -0.7071067811865650032 ) ) ;
#540 = ADVANCED_BREP_SHAPE_REPRESENTATION ( 'carbon_bottom_plate', ( #7869, #3578 ), #7398 ) ;
#541 = AXIS2_PLACEMENT_3D ( 'NONE', #6313, #137, #7897 ) ;
#542 = VECTOR ( 'NONE', #1943, 1000.000000000000114 ) ;
#543 = DIRECTION ( 'NONE',  ( 0.000000000000000000, 1.000000000000000000, 0.000000000000000000 ) ) ;
#544 = ORIENTED_EDGE ( 'NONE', *, *, #4218, .F. ) ;
#545 = VERTEX_POINT ( 'NONE', #6943 ) ;
#546 = VECTOR ( 'NONE', #8639, 1000.000000000000000 ) ;
#547 = EDGE_LOOP ( 'NONE', ( #6418, #544, #8579, #8694 ) ) ;
#548 = EDGE_CURVE ( 'NONE', #7196, #811, #5815, .T. ) ;
#549 = CARTESIAN_POINT ( 'NONE',  ( -7.112363848593240334, 4.000000000000000000, -56.89024095656250068 ) ) ;
#550 = DIRECTION ( 'NONE',  ( 1.000000000000000000, 0.000000000000000000, 0.000000000000000000 ) ) ;
#551 = DIRECTION ( 'NONE',  ( -0.7893522173763266592, 0.000000000000000000, 0.6139406135149199084 ) ) ;
#552 = EDGE_LOOP ( 'NONE', ( #2382, #7893, #4807, #4593 ) ) ;
#553 = DIRECTION ( 'NONE',  ( 0.000000000000000000, 0.000000000000000000, 1.000000000000000000 ) ) ;
#554 = EDGE_CURVE ( 'NONE', #7818, #5078, #749, .T. ) ;
#555 = AXIS2_PLACEMENT_3D ( 'NONE', #1243, #4686, #510 ) ;
#556 = CIRCLE ( 'NONE', #854, 1.500000000000000000 ) ;
#557 = ORIENTED_EDGE ( 'NONE', *, *, #8978, .T. ) ;
#558 = CARTESIAN_POINT ( 'NONE',  ( -5.000000000000000000, 52.50000000000000711, -53.00000000000000000 ) ) ;
#559 = CARTESIAN_POINT ( 'NONE',  ( -7.611023491189000900, 0.5000000000000071054, 56.85365460874999854 ) ) ;
#560 = DIRECTION ( 'NONE',  ( 0.9709389483281615219, 0.000000000000000000, -0.2393273043749994944 ) ) ;
#561 = DIRECTION ( 'NONE',  ( -0.6842179927525269267, 0.7071067811865509034, -0.1784537430083724674 ) ) ;
#562 = DIRECTION ( 'NONE',  ( 1.000000000000000000, 0.000000000000000000, 0.000000000000000000 ) ) ;
#563 = ORIENTED_EDGE ( 'NONE', *, *, #4602, .F. ) ;
#564 = CARTESIAN_POINT ( 'NONE',  ( -0.3330229394529575226, 3.999999999943019802, 47.99999999972084908 ) ) ;
#565 = EDGE_CURVE ( 'NONE', #5139, #1629, #1278, .T. ) ;
#566 = EDGE_CURVE ( 'NONE', #3612, #6404, #7439, .T. ) ;
#567 = ORIENTED_EDGE ( 'NONE', *, *, #7971, .T. ) ;
#568 = CARTESIAN_POINT ( 'NONE',  ( 2.000000000000008882, 6.500000000000000888, 58.50000000000000000 ) ) ;
#569 = DIRECTION ( 'NONE',  ( 1.000000000000000000, 0.000000000000000000, 0.000000000000000000 ) ) ;
#570 = CARTESIAN_POINT ( 'NONE',  ( 20.00000000000000000, 3.500000000000000000, 0.000000000000000000 ) ) ;
#571 = ORIENTED_EDGE ( 'NONE', *, *, #979, .T. ) ;
#572 = DIRECTION ( 'NONE',  ( 9.050731179009428576E-16, 0.000000000000000000, 1.000000000000000000 ) ) ;
#573 = CARTESIAN_POINT ( 'NONE',  ( 41.98829169550396045, 6.647856132202180746, 5.352143867798851318 ) ) ;
#574 = PLANE ( 'NONE',  #950 ) ;
#575 = CARTESIAN_POINT ( 'NONE',  ( -94.86328234721356978, 3.863593252751675422, 15.82908993169132650 ) ) ;
#576 = LINE ( 'NONE', #8877, #1563 ) ;
#577 = LINE ( 'NONE', #4835, #542 ) ;
#578 = EDGE_LOOP ( 'NONE', ( #3265, #695, #7015, #2030 ) ) ;
#579 = DIRECTION ( 'NONE',  ( 0.000000000000000000, 1.000000000000000000, 0.000000000000000000 ) ) ;
#580 = ADVANCED_FACE ( 'NONE', ( #2856 ), #3456, .F. ) ;
#581 = FACE_OUTER_BOUND ( 'NONE', #2272, .T. ) ;
#582 = CARTESIAN_POINT ( 'NONE',  ( -92.00000000000000000, 1.699999999999999956, -16.75000000000000000 ) ) ;
#583 = LINE ( 'NONE', #6083, #6343 ) ;
#584 = EDGE_CURVE ( 'NONE', #633, #3097, #263, .T. ) ;
#585 = ORIENTED_EDGE ( 'NONE', *, *, #3218, .F. ) ;
#586 = VERTEX_POINT ( 'NONE', #4135 ) ;
#587 = ORIENTED_EDGE ( 'NONE', *, *, #521, .F. ) ;
#588 = LINE ( 'NONE', #8165, #2377 ) ;
#589 = CARTESIAN_POINT ( 'NONE',  ( -87.00000000000000000, 0.000000000000000000, 0.000000000000000000 ) ) ;
#590 = LINE ( 'NONE', #7476, #2413 ) ;
#591 = CARTESIAN_POINT ( 'NONE',  ( 35.00000000000000000, 0.000000000000000000, 4.286263797015734919E-15 ) ) ;
#592 = ORIENTED_EDGE ( 'NONE', *, *, #6166, .T. ) ;
#593 = DIRECTION ( 'NONE',  ( 0.000000000000000000, 0.000000000000000000, -1.000000000000000000 ) ) ;
#594 = DIRECTION ( 'NONE',  ( 0.000000000000000000, 0.000000000000000000, 1.000000000000000000 ) ) ;
#595 = DIRECTION ( 'NONE',  ( -0.000000000000000000, 1.000000000000000000, -0.000000000000000000 ) ) ;
#596 = LINE ( 'NONE', #4909, #5361 ) ;
#597 = ORIENTED_EDGE ( 'NONE', *, *, #7742, .F. ) ;
#598 = CARTESIAN_POINT ( 'NONE',  ( 8.000000000000000000, 0.000000000000000000, -29.44999999999999929 ) ) ;
#599 = EDGE_LOOP ( 'NONE', ( #3705, #3421, #5822, #449 ) ) ;
#600 = CYLINDRICAL_SURFACE ( 'NONE', #6380, 1.999999999999998224 ) ;
#601 = FACE_OUTER_BOUND ( 'NONE', #641, .T. ) ;
#602 = DIRECTION ( 'NONE',  ( 1.000000000000000000, -0.000000000000000000, -0.000000000000000000 ) ) ;
#603 = EDGE_LOOP ( 'NONE', ( #2811, #6773, #2962, #6861, #5030, #3219, #1778, #4345, #3308, #3286 ) ) ;
#604 = DIRECTION ( 'NONE',  ( 0.000000000000000000, 0.000000000000000000, 1.000000000000000000 ) ) ;
#605 = DIRECTION ( 'NONE',  ( 0.000000000000000000, 0.000000000000000000, 1.000000000000000000 ) ) ;
#606 = CARTESIAN_POINT ( 'NONE',  ( -196.3386523170879912, 4.000000000000000000, -1.387778780781445991E-14 ) ) ;
#607 = FACE_BOUND ( 'NONE', #623, .T. ) ;
#608 = CARTESIAN_POINT ( 'NONE',  ( -94.73352879722993691, 3.783310631344584340, -14.41110624952196240 ) ) ;
#609 = EDGE_CURVE ( 'NONE', #1152, #7010, #6988, .T. ) ;
#610 = DIRECTION ( 'NONE',  ( 0.000000000000000000, 0.000000000000000000, -1.000000000000000000 ) ) ;
#611 = LINE ( 'NONE', #2729, #8886 ) ;
#612 = VERTEX_POINT ( 'NONE', #1479 ) ;
#613 = AXIS2_PLACEMENT_3D ( 'NONE', #4844, #2777, #8470 ) ;
#614 = DIRECTION ( 'NONE',  ( 0.000000000000000000, 0.000000000000000000, -1.000000000000000000 ) ) ;
#615 = EDGE_CURVE ( 'NONE', #6257, #5852, #3191, .T. ) ;
#616 = LINE ( 'NONE', #5475, #2273 ) ;
#617 = DIRECTION ( 'NONE',  ( 1.000000000000000000, 0.000000000000000000, -0.000000000000000000 ) ) ;
#618 = EDGE_CURVE ( 'NONE', #4981, #5287, #411, .T. ) ;
#619 = VECTOR ( 'NONE', #105, 1000.000000000000000 ) ;
#620 = EDGE_CURVE ( 'NONE', #6006, #7875, #2038, .T. ) ;
#621 = DIRECTION ( 'NONE',  ( 0.000000000000000000, -1.000000000000000000, 0.000000000000000000 ) ) ;
#622 = ADVANCED_FACE ( 'NONE', ( #853, #8495, #8401, #3598, #5650, #8357, #7028, #1439 ), #712, .T. ) ;
#623 = EDGE_LOOP ( 'NONE', ( #6277, #3079 ) ) ;
#624 = VERTEX_POINT ( 'NONE', #6394 ) ;
#625 = CARTESIAN_POINT ( 'NONE',  ( 2.000000000000000000, 6.499999999999999112, -53.00000000000000000 ) ) ;
#626 = ORIENTED_EDGE ( 'NONE', *, *, #6895, .F. ) ;
#627 = EDGE_CURVE ( 'NONE', #1358, #8100, #2119, .T. ) ;
#628 = CONICAL_SURFACE ( 'NONE', #1223, 1.500000000000001332, 0.7853981633974744803 ) ;
#629 = CARTESIAN_POINT ( 'NONE',  ( 20.00000000000000000, 10.00000000000000000, 6.000000000000000000 ) ) ;
#630 = CARTESIAN_POINT ( 'NONE',  ( 2.000000000000008882, 54.00000000000000711, 51.50000000000000711 ) ) ;
#631 = VECTOR ( 'NONE', #7698, 1000.000000000000000 ) ;
#632 = ORIENTED_EDGE ( 'NONE', *, *, #3649, .F. ) ;
#633 = VERTEX_POINT ( 'NONE', #6340 ) ;
#634 = CARTESIAN_POINT ( 'NONE',  ( 7.020929521015732533, 4.000000000000000000, 55.24505384011007436 ) ) ;
#635 = DIRECTION ( 'NONE',  ( 0.000000000000000000, 0.000000000000000000, 1.000000000000000000 ) ) ;
#636 = AXIS2_PLACEMENT_3D ( 'NONE', #7179, #897, #3696 ) ;
#637 = LINE ( 'NONE', #6240, #1073 ) ;
#638 = DIRECTION ( 'NONE',  ( 0.000000000000000000, 0.000000000000000000, 1.000000000000000000 ) ) ;
#639 = AXIS2_PLACEMENT_3D ( 'NONE', #3939, #5525, #6031 ) ;
#640 = AXIS2_PLACEMENT_3D ( 'NONE', #5323, #8073, #8720 ) ;
#641 = EDGE_LOOP ( 'NONE', ( #6369, #2516, #5842, #6489 ) ) ;
#642 = CARTESIAN_POINT ( 'NONE',  ( -1.658312395177695242, 4.000000000000000000, 47.49999999999999289 ) ) ;
#643 = AXIS2_PLACEMENT_3D ( 'NONE', #4866, #8955, #7669 ) ;
#644 = ORIENTED_EDGE ( 'NONE', *, *, #8724, .T. ) ;
#645 = CIRCLE ( 'NONE', #1236, 1.500000000000001332 ) ;
#646 = DIRECTION ( 'NONE',  ( -0.000000000000000000, -0.000000000000000000, -1.000000000000000000 ) ) ;
#647 = CARTESIAN_POINT ( 'NONE',  ( -53.48771061000000060, 4.000000000000000000, -53.48771061000000060 ) ) ;
#648 = CYLINDRICAL_SURFACE ( 'NONE', #5952, 3.000000000000002665 ) ;
#649 = ORIENTED_EDGE ( 'NONE', *, *, #4619, .T. ) ;
#650 = CYLINDRICAL_SURFACE ( 'NONE', #1065, 1.500000000000000000 ) ;
#651 = CARTESIAN_POINT ( 'NONE',  ( -8.000000000000000000, 3.500000000000000000, 25.00000000000000000 ) ) ;
#652 = DIRECTION ( 'NONE',  ( 0.000000000000000000, 0.000000000000000000, -1.000000000000000000 ) ) ;
#654 = CARTESIAN_POINT ( 'NONE',  ( 20.00000000000000000, 3.500000000000000000, 6.000000000000000000 ) ) ;
#653 = AXIS2_PLACEMENT_3D ( 'NONE', #3863, #8812, #1122 ) ;
#655 = AXIS2_PLACEMENT_3D ( 'NONE', #8742, #4703, #8097 ) ;
#656 = VERTEX_POINT ( 'NONE', #1529 ) ;
#657 = CARTESIAN_POINT ( 'NONE',  ( -94.83746346435877683, 3.927641031418846573, -16.07606770795171514 ) ) ;
#658 = VECTOR ( 'NONE', #6991, 1000.000000000000000 ) ;
#659 = EDGE_CURVE ( 'NONE', #7539, #9067, #5600, .T. ) ;
#660 = DIRECTION ( 'NONE',  ( 1.261613996764426919E-15, 0.002208470701481828925, 0.9999975613256067986 ) ) ;
#661 = AXIS2_PLACEMENT_3D ( 'NONE', #8548, #2268, #5072 ) ;
#662 = LINE ( 'NONE', #8275, #6979 ) ;
#663 = VECTOR ( 'NONE', #4607, 1000.000000000000000 ) ;
#664 = CIRCLE ( 'NONE', #6077, 46.00000000000000000 ) ;
#665 = ORIENTED_EDGE ( 'NONE', *, *, #3428, .F. ) ;
#666 = AXIS2_PLACEMENT_3D ( 'NONE', #1296, #4089, #6882 ) ;
#667 = FACE_OUTER_BOUND ( 'NONE', #3105, .T. ) ;
#668 = FACE_OUTER_BOUND ( 'NONE', #6881, .T. ) ;
#669 = CARTESIAN_POINT ( 'NONE',  ( 5.616384920805930214, 0.000000000000000000, -57.00000000000000000 ) ) ;
#670 = VECTOR ( 'NONE', #7347, 1000.000000000000000 ) ;
#671 = ORIENTED_EDGE ( 'NONE', *, *, #8080, .F. ) ;
#672 = EDGE_CURVE ( 'NONE', #719, #1331, #8369, .T. ) ;
#673 = EDGE_CURVE ( 'NONE', #2836, #8945, #2603, .T. ) ;
#674 = ORIENTED_EDGE ( 'NONE', *, *, #3880, .F. ) ;
#675 = EDGE_CURVE ( 'NONE', #4008, #3216, #5093, .T. ) ;
#676 = LINE ( 'NONE', #4289, #3702 ) ;
#677 = CIRCLE ( 'NONE', #3457, 2.000000000000001776 ) ;
#678 = EDGE_LOOP ( 'NONE', ( #3711, #274, #7835, #5118 ) ) ;
#679 = CIRCLE ( 'NONE', #6829, 2.999999999999999112 ) ;
#680 = ADVANCED_FACE ( 'NONE', ( #4516 ), #2313, .F. ) ;
#681 = PLANE ( 'NONE',  #1811 ) ;
#682 = CARTESIAN_POINT ( 'NONE',  ( 8.000000000000000000, 0.000000000000000000, 20.50000000000000000 ) ) ;
#683 = EDGE_CURVE ( 'NONE', #4643, #3963, #8047, .T. ) ;
#684 = CIRCLE ( 'NONE', #3762, 2.499999999999998668 ) ;
#685 = ORIENTED_EDGE ( 'NONE', *, *, #7884, .F. ) ;
#686 = VERTEX_POINT ( 'NONE', #7172 ) ;
#687 = CARTESIAN_POINT ( 'NONE',  ( 35.00000000000000000, 4.000000000000000000, 4.286263797015734919E-15 ) ) ;
#688 = CARTESIAN_POINT ( 'NONE',  ( -70.50000000000000000, 6.499999999999999112, 4.999999999999999112 ) ) ;
#689 = FACE_OUTER_BOUND ( 'NONE', #2663, .T. ) ;
#690 = DIRECTION ( 'NONE',  ( 0.000000000000000000, 0.000000000000000000, -1.000000000000000000 ) ) ;
#691 = EDGE_CURVE ( 'NONE', #8107, #2219, #3135, .T. ) ;
#692 = EDGE_CURVE ( 'NONE', #838, #2874, #1382, .T. ) ;
#693 = CIRCLE ( 'NONE', #5378, 5.499999999999998224 ) ;
#694 = VECTOR ( 'NONE', #2634, 1000.000000000000000 ) ;
#695 = ORIENTED_EDGE ( 'NONE', *, *, #4045, .T. ) ;
#696 = CARTESIAN_POINT ( 'NONE',  ( 4.738688829644932099, 6.499999999999999112, -54.22457482187821398 ) ) ;
#697 = EDGE_CURVE ( 'NONE', #2256, #2097, #556, .T. ) ;
#698 = ORIENTED_EDGE ( 'NONE', *, *, #7185, .F. ) ;
#699 = AXIS2_PLACEMENT_3D ( 'NONE', #836, #2936, #3631 ) ;
#700 = EDGE_CURVE ( 'NONE', #8778, #7311, #3187, .T. ) ;
#701 = CARTESIAN_POINT ( 'NONE',  ( 5.616384920805909786, 0.5000000000000071054, 57.00000000000000000 ) ) ;
#702 = DIRECTION ( 'NONE',  ( 0.000000000000000000, 1.000000000000000000, 0.000000000000000000 ) ) ;
#703 = CIRCLE ( 'NONE', #3787, 5.499999999999998224 ) ;
#704 = DIRECTION ( 'NONE',  ( 0.000000000000000000, 1.000000000000000000, 0.000000000000000000 ) ) ;
#705 = VERTEX_POINT ( 'NONE', #990 ) ;
#706 = CARTESIAN_POINT ( 'NONE',  ( 48.99999999999999289, 6.157994724319954649, 5.842005275680059562 ) ) ;
#707 = CARTESIAN_POINT ( 'NONE',  ( -92.00000000000000000, 0.000000000000000000, 16.75000000000000000 ) ) ;
#708 = DIRECTION ( 'NONE',  ( 0.000000000000000000, 0.000000000000000000, 1.000000000000000000 ) ) ;
#709 = CARTESIAN_POINT ( 'NONE',  ( 48.99999999999999289, 12.53553390593281591, 3.000000000000000000 ) ) ;
#710 = EDGE_LOOP ( 'NONE', ( #7765, #8754, #122, #5576, #2504, #7660, #7205, #4446, #2465, #3819, #1701, #6457, #7255, #190, #6957, #8653, #4693, #4286, #1599, #7384, #5521, #6968, #1407 ) ) ;
#711 = CARTESIAN_POINT ( 'NONE',  ( 47.85326646087939650, 8.150274115373797201, -5.391959885759224136 ) ) ;
#712 = PLANE ( 'NONE',  #5381 ) ;
#713 = EDGE_CURVE ( 'NONE', #3554, #8029, #7588, .T. ) ;
#714 = LINE ( 'NONE', #4138, #3324 ) ;
#715 = ORIENTED_EDGE ( 'NONE', *, *, #2692, .T. ) ;
#716 = LINE ( 'NONE', #2808, #4471 ) ;
#717 = FACE_BOUND ( 'NONE', #7671, .T. ) ;
#718 = CARTESIAN_POINT ( 'NONE',  ( -8.000000000000000000, 3.500000000000000000, 25.00000000000000000 ) ) ;
#719 = VERTEX_POINT ( 'NONE', #7351 ) ;
#720 = DIRECTION ( 'NONE',  ( -0.000000000000000000, 1.000000000000000000, -0.000000000000000000 ) ) ;
#721 = ORIENTED_EDGE ( 'NONE', *, *, #2178, .T. ) ;
#722 = ORIENTED_EDGE ( 'NONE', *, *, #6806, .T. ) ;
#723 = DIRECTION ( 'NONE',  ( 0.000000000000000000, 0.000000000000000000, 1.000000000000000000 ) ) ;
#724 = EDGE_LOOP ( 'NONE', ( #8952, #3378, #5330, #2930 ) ) ;
#725 = FACE_OUTER_BOUND ( 'NONE', #1048, .T. ) ;
#726 = EDGE_CURVE ( 'NONE', #879, #5956, #4598, .T. ) ;
#727 = DIRECTION ( 'NONE',  ( -1.000000000000000000, 0.000000000000000000, 0.000000000000000000 ) ) ;
#728 = FACE_OUTER_BOUND ( 'NONE', #3828, .T. ) ;
#729 = VERTEX_POINT ( 'NONE', #1032 ) ;
#730 = VERTEX_POINT ( 'NONE', #7217 ) ;
#731 = CARTESIAN_POINT ( 'NONE',  ( 41.09656912459741562, 6.096569124597420952, -5.903430875402585265 ) ) ;
#732 = DIRECTION ( 'NONE',  ( 0.000000000000000000, 0.000000000000000000, 1.000000000000000000 ) ) ;
#733 = DIRECTION ( 'NONE',  ( -1.000000000000000000, 0.000000000000000000, 0.000000000000000000 ) ) ;
#734 = DIRECTION ( 'NONE',  ( 0.000000000000000000, 1.000000000000000000, 0.000000000000000000 ) ) ;
#735 = EDGE_CURVE ( 'NONE', #5324, #5670, #1429, .T. ) ;
#736 = EDGE_CURVE ( 'NONE', #7532, #4713, #3825, .T. ) ;
#737 = EDGE_LOOP ( 'NONE', ( #1597, #2078, #6785, #7332 ) ) ;
#738 = DIRECTION ( 'NONE',  ( 0.000000000000000000, 1.000000000000000000, 0.000000000000000000 ) ) ;
#739 = ORIENTED_EDGE ( 'NONE', *, *, #4941, .F. ) ;
#740 = DIRECTION ( 'NONE',  ( 0.000000000000000000, -0.7071067811865280328, -0.7071067811865670016 ) ) ;
#741 = CARTESIAN_POINT ( 'NONE',  ( -1.999999999999991340, 54.00000000000000711, 53.00000000000000000 ) ) ;
#742 = VERTEX_POINT ( 'NONE', #6618 ) ;
#743 = DIRECTION ( 'NONE',  ( 0.000000000000000000, -1.000000000000000000, 0.000000000000000000 ) ) ;
#744 = CARTESIAN_POINT ( 'NONE',  ( -1.999999999999991340, 54.00000000000000711, 53.00000000000000711 ) ) ;
#745 = LINE ( 'NONE', #1338, #8121 ) ;
#746 = DIRECTION ( 'NONE',  ( -1.000000000000000000, 0.000000000000000000, 0.000000000000000000 ) ) ;
#747 = ORIENTED_EDGE ( 'NONE', *, *, #3546, .T. ) ;
#748 = CARTESIAN_POINT ( 'NONE',  ( 45.99999999999999289, 5.267766952966375982, -6.732233047033617801 ) ) ;
#749 = LINE ( 'NONE', #1345, #1872 ) ;
#750 = ORIENTED_EDGE ( 'NONE', *, *, #8011, .T. ) ;
#751 = CARTESIAN_POINT ( 'NONE',  ( 44.00000000000000000, 52.50000000000000711, 4.500000000000000888 ) ) ;
#752 = EDGE_LOOP ( 'NONE', ( #8909, #467 ) ) ;
#753 = CARTESIAN_POINT ( 'NONE',  ( -5.250000000000000000, -4.200000000000000178, -33.89999999999999858 ) ) ;
#754 = FACE_OUTER_BOUND ( 'NONE', #3491, .T. ) ;
#755 = CARTESIAN_POINT ( 'NONE',  ( -8.000000000000000000, 0.5000000000000000000, -25.00000000000000000 ) ) ;
#756 = EDGE_LOOP ( 'NONE', ( #3992, #6417, #3460, #6742 ) ) ;
#757 = DIRECTION ( 'NONE',  ( 1.000000000000000000, 0.000000000000000000, -2.514091994169285222E-16 ) ) ;
#758 = EDGE_LOOP ( 'NONE', ( #8599, #5902, #1292, #5747 ) ) ;
#759 = ORIENTED_EDGE ( 'NONE', *, *, #272, .F. ) ;
#760 = DIRECTION ( 'NONE',  ( 1.000000000000000000, -0.000000000000000000, -0.000000000000000000 ) ) ;
#761 = ORIENTED_EDGE ( 'NONE', *, *, #3596, .T. ) ;
#762 = CARTESIAN_POINT ( 'NONE',  ( 38.99999999999999289, 3.499999999999999556, -9.828733969669849913 ) ) ;
#763 = CIRCLE ( 'NONE', #5891, 1.499999999999999556 ) ;
#765 = CARTESIAN_POINT ( 'NONE',  ( -82.15000000000000568, 4.000000000000000000, -7.750000000000000000 ) ) ;
#764 = CONICAL_SURFACE ( 'NONE', #8968, 1.500000000000000000, 0.5779019369622463431 ) ;
#766 = DIRECTION ( 'NONE',  ( 0.000000000000000000, 0.000000000000000000, -1.000000000000000000 ) ) ;
#767 = ORIENTED_EDGE ( 'NONE', *, *, #8788, .T. ) ;
#768 = EDGE_CURVE ( 'NONE', #3032, #4352, #936, .T. ) ;
#769 = ORIENTED_EDGE ( 'NONE', *, *, #4743, .T. ) ;
#770 = VECTOR ( 'NONE', #595, 1000.000000000000000 ) ;
#771 = CIRCLE ( 'NONE', #3123, 1.500000000000001332 ) ;
#772 = VERTEX_POINT ( 'NONE', #2355 ) ;
#773 = CARTESIAN_POINT ( 'NONE',  ( 41.09656912459741562, 6.096569124597420952, -5.903430875402585265 ) ) ;
#774 = CARTESIAN_POINT ( 'NONE',  ( -78.89999999999999147, 1.000000000000000000, -10.25000000000000000 ) ) ;
#775 = CARTESIAN_POINT ( 'NONE',  ( -93.06768137013648357, 3.500000000000000000, -26.33212343854044946 ) ) ;
#776 = AXIS2_PLACEMENT_3D ( 'NONE', #1320, #5438, #7566 ) ;
#777 = ORIENTED_EDGE ( 'NONE', *, *, #6573, .F. ) ;
#778 = CARTESIAN_POINT ( 'NONE',  ( 41.00000000000754596, 6.000000000000642153, -3.531551138371561205 ) ) ;
#779 = CIRCLE ( 'NONE', #1364, 1.500000000000001332 ) ;
#780 = VERTEX_POINT ( 'NONE', #335 ) ;
#781 = EDGE_CURVE ( 'NONE', #3032, #2949, #1071, .T. ) ;
#782 = CYLINDRICAL_SURFACE ( 'NONE', #1117, 1.500000000000001332 ) ;
#783 = ADVANCED_FACE ( 'NONE', ( #1663 ), #8674, .F. ) ;
#784 = VECTOR ( 'NONE', #3463, 1000.000000000000114 ) ;
#785 = DIRECTION ( 'NONE',  ( 0.000000000000000000, 0.000000000000000000, -1.000000000000000000 ) ) ;
#786 = CARTESIAN_POINT ( 'NONE',  ( -97.31266482493280989, 4.000000000000000000, 25.82738003130315008 ) ) ;
#787 = ORIENTED_EDGE ( 'NONE', *, *, #7285, .F. ) ;
#788 = VECTOR ( 'NONE', #869, 1000.000000000000000 ) ;
#789 = CARTESIAN_POINT ( 'NONE',  ( -8.000000000000000000, 4.000000000000000000, -20.50000000000000000 ) ) ;
#790 = EDGE_CURVE ( 'NONE', #6171, #2857, #7270, .T. ) ;
#791 =( BOUNDED_SURFACE ( )  B_SPLINE_SURFACE ( 3, 2, ( 
 ( #1605, #2196, #973 ),
 ( #3721, #778, #8661 ),
 ( #6518, #2344, #1650 ),
 ( #2383, #5179, #5682 ),
 ( #239, #3080, #7110 ),
 ( #4447, #3576, #3771 ) ),
 .UNSPECIFIED., .F., .F., .F. ) 
 B_SPLINE_SURFACE_WITH_KNOTS ( ( 4, 2, 4 ),
 ( 3, 3 ),
 ( 0.000000000000000000, 0.3950552761889162823, 0.7901105523778325646 ),
 ( 0.000000000000000000, 1.000000000000000000 ),
 .UNSPECIFIED. ) 
 GEOMETRIC_REPRESENTATION_ITEM ( )  RATIONAL_B_SPLINE_SURFACE ( (
 ( 1.000000000000000000, 0.9238795325112882928, 1.000000000000000000),
 ( 1.000000000000000000, 0.9238888318861017135, 1.000000000000000000),
 ( 1.000000000000000000, 0.9188777629327552487, 1.000000000000000000),
 ( 1.000000000000000000, 0.8991662893379549493, 1.000000000000000000),
 ( 1.000000000000000000, 0.8844650044814320600, 1.000000000000000000),
 ( 1.000000000000000000, 0.8653433603455092937, 1.000000000000000000) ) ) 
 REPRESENTATION_ITEM ( '' )  SURFACE ( )  );
#793 = ADVANCED_FACE ( 'NONE', ( #6581 ), #387, .F. ) ;
#792 = DIRECTION ( 'NONE',  ( 1.000000000000000000, 5.782411586589510481E-16, 0.000000000000000000 ) ) ;
#794 = FILL_AREA_STYLE ('',( #5596 ) ) ;
#795 = ORIENTED_EDGE ( 'NONE', *, *, #7862, .T. ) ;
#796 = CARTESIAN_POINT ( 'NONE',  ( 42.47865460874999854, 0.4999999999999726885, -8.824518986904578810 ) ) ;
#797 = CIRCLE ( 'NONE', #5916, 2.500000000000002220 ) ;
#798 = VECTOR ( 'NONE', #4967, 1000.000000000000000 ) ;
#799 = CIRCLE ( 'NONE', #7242, 46.50000000000000000 ) ;
#800 = DIRECTION ( 'NONE',  ( 0.000000000000000000, 0.9999975613256066875, -0.002208470701481334095 ) ) ;
#801 = CIRCLE ( 'NONE', #5039, 3.000000000000002665 ) ;
#802 = ORIENTED_EDGE ( 'NONE', *, *, #1343, .T. ) ;
#803 = CARTESIAN_POINT ( 'NONE',  ( 42.47865460874999854, -22.05484177649363176, 8.824518986904589468 ) ) ;
#804 = ORIENTED_EDGE ( 'NONE', *, *, #4487, .F. ) ;
#805 = CARTESIAN_POINT ( 'NONE',  ( 5.000000000000000000, 6.447489024775973299, -53.00000000000000000 ) ) ;
#806 = CIRCLE ( 'NONE', #6217, 46.00000000000000000 ) ;
#807 = CARTESIAN_POINT ( 'NONE',  ( 5.616384920805909786, 3.500000000000000000, 59.00000000000000000 ) ) ;
#808 = DIRECTION ( 'NONE',  ( 0.000000000000000000, 0.000000000000000000, -1.000000000000000000 ) ) ;
#809 = VERTEX_POINT ( 'NONE', #110 ) ;
#810 = FACE_OUTER_BOUND ( 'NONE', #1610, .T. ) ;
#811 = VERTEX_POINT ( 'NONE', #3823 ) ;
#812 = CIRCLE ( 'NONE', #8571, 1.500000000000000000 ) ;
#813 = VECTOR ( 'NONE', #5982, 1000.000000000000000 ) ;
#814 = TOROIDAL_SURFACE ( 'NONE', #6956, 1.500000000000000000, 1.500000000000000000 ) ;
#815 = VECTOR ( 'NONE', #646, 1000.000000000000000 ) ;
#816 = ORIENTED_EDGE ( 'NONE', *, *, #1918, .T. ) ;
#817 = CARTESIAN_POINT ( 'NONE',  ( 2.000000000000008882, 52.50000000000000711, 53.00000000000000711 ) ) ;
#818 = VERTEX_POINT ( 'NONE', #4411 ) ;
#819 = CARTESIAN_POINT ( 'NONE',  ( -95.37740409499218686, 0.5000000000000071054, 28.33212343854049919 ) ) ;
#820 = CIRCLE ( 'NONE', #5793, 0.9999999999999991118 ) ;
#821 = VECTOR ( 'NONE', #1795, 999.9999999999998863 ) ;
#822 = CARTESIAN_POINT ( 'NONE',  ( -93.06768137013648357, 4.000000000000000000, 27.83212343854054893 ) ) ;
#823 = DIRECTION ( 'NONE',  ( -0.000000000000000000, -1.000000000000000000, 0.000000000000000000 ) ) ;
#824 = EDGE_CURVE ( 'NONE', #6628, #8616, #2904, .T. ) ;
#825 = ORIENTED_EDGE ( 'NONE', *, *, #3367, .T. ) ;
#826 = VECTOR ( 'NONE', #6470, 1000.000000000000000 ) ;
#827 = VECTOR ( 'NONE', #4541, 1000.000000000000000 ) ;
#828 = ORIENTED_EDGE ( 'NONE', *, *, #7427, .T. ) ;
#829 = CARTESIAN_POINT ( 'NONE',  ( -8.000000000000000000, 3.500000000000000000, -23.00000000000000000 ) ) ;
#830 = DIRECTION ( 'NONE',  ( 0.000000000000000000, 1.000000000000000000, 0.000000000000000000 ) ) ;
#831 = LINE ( 'NONE', #6423, #6043 ) ;
#832 = CARTESIAN_POINT ( 'NONE',  ( 4.825381102911070919, 6.499999988378345250, 54.03069270363711496 ) ) ;
#833 = EDGE_CURVE ( 'NONE', #6144, #3166, #5389, .T. ) ;
#834 = AXIS2_PLACEMENT_3D ( 'NONE', #3902, #3114, #5224 ) ;
#835 = ORIENTED_EDGE ( 'NONE', *, *, #6904, .F. ) ;
#836 = CARTESIAN_POINT ( 'NONE',  ( 2.000000000000008882, 52.50000000000000711, 53.00000000000000000 ) ) ;
#837 = AXIS2_PLACEMENT_3D ( 'NONE', #6263, #3409, #6206 ) ;
#838 = VERTEX_POINT ( 'NONE', #7911 ) ;
#839 = CARTESIAN_POINT ( 'NONE',  ( -97.31266482493280989, 0.5000000000000071054, 25.82738003130315008 ) ) ;
#840 = CARTESIAN_POINT ( 'NONE',  ( -6.986180380252754674, 4.000000000029839242, -53.38543574640039679 ) ) ;
#841 = LINE ( 'NONE', #7994, #4193 ) ;
#842 = AXIS2_PLACEMENT_3D ( 'NONE', #5003, #2299, #3682 ) ;
#843 = ORIENTED_EDGE ( 'NONE', *, *, #5835, .F. ) ;
#844 = LINE ( 'NONE', #3638, #619 ) ;
#845 = LINE ( 'NONE', #7168, #386 ) ;
#846 = VECTOR ( 'NONE', #6026, 1000.000000000000000 ) ;
#847 = CARTESIAN_POINT ( 'NONE',  ( -4.999999999999991118, 6.447489024775967081, 53.00000000000000000 ) ) ;
#848 = CARTESIAN_POINT ( 'NONE',  ( 7.027533477553836505, 4.000000000032563285, 51.53049368959295151 ) ) ;
#849 = ORIENTED_EDGE ( 'NONE', *, *, #4030, .F. ) ;
#850 = CARTESIAN_POINT ( 'NONE',  ( 49.00000000000000000, 11.97402303205138452, 3.166624552721857278 ) ) ;
#851 = EDGE_CURVE ( 'NONE', #3714, #1629, #703, .T. ) ;
#852 = AXIS2_PLACEMENT_3D ( 'NONE', #4724, #8174, #2702 ) ;
#853 = FACE_BOUND ( 'NONE', #578, .T. ) ;
#854 = AXIS2_PLACEMENT_3D ( 'NONE', #6536, #2397, #5839 ) ;
#855 = ORIENTED_EDGE ( 'NONE', *, *, #824, .T. ) ;
#856 = CARTESIAN_POINT ( 'NONE',  ( 2.000000000000000000, 6.499999999999999112, -53.00000000000000000 ) ) ;
#857 = EDGE_LOOP ( 'NONE', ( #6001, #8552, #2781, #4468 ) ) ;
#858 = DIRECTION ( 'NONE',  ( 0.000000000000000000, -1.000000000000000000, 0.000000000000000000 ) ) ;
#859 = LINE ( 'NONE', #3014, #7699 ) ;
#860 = CARTESIAN_POINT ( 'NONE',  ( -65.00000000000000000, 6.500000000000000888, 7.499999999999999112 ) ) ;
#861 = ORIENTED_EDGE ( 'NONE', *, *, #8463, .F. ) ;
#862 = CARTESIAN_POINT ( 'NONE',  ( -10.00000000000000000, 2.399999999999999911, -27.00000000000000000 ) ) ;
#863 = ORIENTED_EDGE ( 'NONE', *, *, #4986, .T. ) ;
#864 = ADVANCED_FACE ( 'NONE', ( #5837 ), #7047, .F. ) ;
#865 = ORIENTED_EDGE ( 'NONE', *, *, #423, .F. ) ;
#866 = DIRECTION ( 'NONE',  ( 0.000000000000000000, -1.000000000000000000, 0.000000000000000000 ) ) ;
#867 = ORIENTED_EDGE ( 'NONE', *, *, #2415, .T. ) ;
#868 = CARTESIAN_POINT ( 'NONE',  ( 8.500000000000000000, 2.399999999999999911, -32.40000000000001279 ) ) ;
#869 = DIRECTION ( 'NONE',  ( 1.000000000000000000, -0.000000000000000000, 0.000000000000000000 ) ) ;
#870 = EDGE_CURVE ( 'NONE', #7842, #495, #3911, .T. ) ;
#871 = LINE ( 'NONE', #2333, #4433 ) ;
#872 = ORIENTED_EDGE ( 'NONE', *, *, #2955, .T. ) ;
#873 = ORIENTED_EDGE ( 'NONE', *, *, #5769, .T. ) ;
#874 = ORIENTED_EDGE ( 'NONE', *, *, #133, .T. ) ;
#875 = FACE_OUTER_BOUND ( 'NONE', #3839, .T. ) ;
#876 = CARTESIAN_POINT ( 'NONE',  ( 50.82365939051769743, 8.027899396642647289, 3.972100603357387794 ) ) ;
#877 = LINE ( 'NONE', #3571, #4136 ) ;
#878 = DIRECTION ( 'NONE',  ( -0.000000000000000000, -1.000000000000000000, -0.000000000000000000 ) ) ;
#879 = VERTEX_POINT ( 'NONE', #1574 ) ;
#880 = FACE_OUTER_BOUND ( 'NONE', #8057, .T. ) ;
#881 = B_SPLINE_CURVE_WITH_KNOTS ( 'NONE', 3,
 ( #847, #1521, #933, #199, #3590, #5784 ),
 .UNSPECIFIED., .F., .F.,
 ( 4, 2, 4 ),
 ( 0.000000000000000000, 0.0006359881693932854059, 0.001271976338786570812 ),
 .UNSPECIFIED. ) ;
#882 = VERTEX_POINT ( 'NONE', #4376 ) ;
#883 = DIRECTION ( 'NONE',  ( 0.000000000000000000, -1.000000000000000000, 0.000000000000000000 ) ) ;
#884 = CARTESIAN_POINT ( 'NONE',  ( -4.825381102911051379, 6.499999988383748040, -54.03069270363714338 ) ) ;
#885 = CARTESIAN_POINT ( 'NONE',  ( -93.06768137013648357, 0.000000000000000000, 27.83212343854054893 ) ) ;
#886 = ORIENTED_EDGE ( 'NONE', *, *, #3596, .F. ) ;
#887 = CARTESIAN_POINT ( 'NONE',  ( -4.999999999999991118, 6.499999999999999112, 47.50000000000000000 ) ) ;
#888 = DIRECTION ( 'NONE',  ( 0.000000000000000000, -1.000000000000000000, 0.000000000000000000 ) ) ;
#889 = DIRECTION ( 'NONE',  ( -0.4081916072927396222, -1.212140432290881979E-15, 0.9128962765483107367 ) ) ;
#890 = VERTEX_POINT ( 'NONE', #7215 ) ;
#891 = CARTESIAN_POINT ( 'NONE',  ( 48.99999999999999289, 8.102112250497976120, 4.521944969084349175 ) ) ;
#892 = CARTESIAN_POINT ( 'NONE',  ( -82.15000000000000568, 1.500000000000000000, -7.750000000000000000 ) ) ;
#893 = EDGE_LOOP ( 'NONE', ( #4530, #4123, #886, #98 ) ) ;
#894 = LINE ( 'NONE', #3693, #103 ) ;
#895 = ORIENTED_EDGE ( 'NONE', *, *, #7244, .T. ) ;
#896 = DIRECTION ( 'NONE',  ( 0.000000000000000000, 0.000000000000000000, -1.000000000000000000 ) ) ;
#897 = DIRECTION ( 'NONE',  ( 4.625929269271485322E-15, -0.000000000000000000, 1.000000000000000000 ) ) ;
#898 = DIRECTION ( 'NONE',  ( 0.000000000000000000, 0.000000000000000000, 1.000000000000000000 ) ) ;
#899 = ORIENTED_EDGE ( 'NONE', *, *, #5320, .T. ) ;
#900 = CARTESIAN_POINT ( 'NONE',  ( -59.50000000000000000, 6.499999999999999112, 1.999999999999999112 ) ) ;
#901 = VERTEX_POINT ( 'NONE', #7312 ) ;
#902 = EDGE_CURVE ( 'NONE', #5814, #1681, #3690, .T. ) ;
#903 = ORIENTED_EDGE ( 'NONE', *, *, #7787, .T. ) ;
#904 = EDGE_CURVE ( 'NONE', #8569, #6302, #291, .T. ) ;
#905 = FACE_OUTER_BOUND ( 'NONE', #1786, .T. ) ;
#906 = EDGE_LOOP ( 'NONE', ( #6540, #149, #5702, #1008 ) ) ;
#907 = LINE ( 'NONE', #8102, #5177 ) ;
#908 = EDGE_CURVE ( 'NONE', #8257, #656, #3734, .T. ) ;
#909 = CARTESIAN_POINT ( 'NONE',  ( -87.00000000000000000, 1.000000000000000000, -12.55000000000000071 ) ) ;
#910 = EDGE_CURVE ( 'NONE', #5883, #2352, #8632, .T. ) ;
#911 = CARTESIAN_POINT ( 'NONE',  ( -65.00000000000000000, 52.50000000000000711, -2.000000000000000888 ) ) ;
#912 = ORIENTED_EDGE ( 'NONE', *, *, #5888, .F. ) ;
#913 = VERTEX_POINT ( 'NONE', #3090 ) ;
#914 = ORIENTED_EDGE ( 'NONE', *, *, #5219, .F. ) ;
#915 = CIRCLE ( 'NONE', #5311, 1.500000000000001332 ) ;
#916 = CARTESIAN_POINT ( 'NONE',  ( 44.00000000000000000, 52.50000000000000711, -3.000000000000000888 ) ) ;
#917 = CARTESIAN_POINT ( 'NONE',  ( 48.42536151291417923, 7.032034121314057806, 4.967965878686722903 ) ) ;
#918 = DIRECTION ( 'NONE',  ( 0.000000000000000000, 1.000000000000000000, 0.000000000000000000 ) ) ;
#919 = CARTESIAN_POINT ( 'NONE',  ( 47.75735931288071612, 7.035533905932730647, -6.000000000000000000 ) ) ;
#920 = AXIS2_PLACEMENT_3D ( 'NONE', #4402, #7851, #8623 ) ;
#921 = ORIENTED_EDGE ( 'NONE', *, *, #6292, .F. ) ;
#922 = CARTESIAN_POINT ( 'NONE',  ( 5.000000000000008882, 52.50000000000000711, 53.00000000000000711 ) ) ;
#923 = AXIS2_PLACEMENT_3D ( 'NONE', #2620, #8210, #2018 ) ;
#924 = CIRCLE ( 'NONE', #4002, 1.500000000000000000 ) ;
#925 = ORIENTED_EDGE ( 'NONE', *, *, #8708, .F. ) ;
#926 = DIRECTION ( 'NONE',  ( 0.000000000000000000, -1.000000000000000000, 0.000000000000000000 ) ) ;
#927 = DIRECTION ( 'NONE',  ( 1.301042606982584860E-16, 1.301042606982605321E-16, -1.000000000000000000 ) ) ;
#928 = ORIENTED_EDGE ( 'NONE', *, *, #3832, .F. ) ;
#929 = CARTESIAN_POINT ( 'NONE',  ( 0.2012499999999904921, -4.200000000000000178, -30.45000000000000284 ) ) ;
#930 = FACE_OUTER_BOUND ( 'NONE', #8586, .T. ) ;
#931 = VECTOR ( 'NONE', #2933, 1000.000000000000000 ) ;
#932 = VECTOR ( 'NONE', #6595, 1000.000000000000000 ) ;
#933 = CARTESIAN_POINT ( 'NONE',  ( -4.977276080935510549, 6.456709782108835505, 53.42358858158609536 ) ) ;
#934 = ORIENTED_EDGE ( 'NONE', *, *, #3668, .T. ) ;
#935 = CARTESIAN_POINT ( 'NONE',  ( -4.999999999999991118, 52.50000000000000711, 56.00000000000000000 ) ) ;
#936 = LINE ( 'NONE', #4412, #5669 ) ;
#937 = LINE ( 'NONE', #2245, #815 ) ;
#938 = CIRCLE ( 'NONE', #2096, 2.000000000000001776 ) ;
#939 = LINE ( 'NONE', #114, #1270 ) ;
#940 = VERTEX_POINT ( 'NONE', #5877 ) ;
#941 = LINE ( 'NONE', #3695, #5935 ) ;
#942 = CARTESIAN_POINT ( 'NONE',  ( -93.06768137013648357, 0.000000000000000000, -26.33212343854044946 ) ) ;
#944 = CARTESIAN_POINT ( 'NONE',  ( 20.00000000000000000, 3.500000000000000000, -6.000000000000000000 ) ) ;
#943 = AXIS2_PLACEMENT_3D ( 'NONE', #470, #434, #6014 ) ;
#945 = AXIS2_PLACEMENT_3D ( 'NONE', #5808, #3159, #2331 ) ;
#946 = EDGE_CURVE ( 'NONE', #1694, #2283, #7489, .T. ) ;
#947 = VECTOR ( 'NONE', #1940, 1000.000000000000000 ) ;
#948 = DIRECTION ( 'NONE',  ( -0.000000000000000000, 0.7071067811865475727, 0.7071067811865475727 ) ) ;
#949 = VERTEX_POINT ( 'NONE', #6104 ) ;
#950 = AXIS2_PLACEMENT_3D ( 'NONE', #5988, #8269, #1989 ) ;
#951 = VECTOR ( 'NONE', #1325, 1000.000000000000000 ) ;
#952 = EDGE_LOOP ( 'NONE', ( #4756, #4330, #3504, #3566 ) ) ;
#953 = CARTESIAN_POINT ( 'NONE',  ( -10.00000000000000000, 2.399999999999999911, -33.89999999999999858 ) ) ;
#954 = ORIENTED_EDGE ( 'NONE', *, *, #4049, .T. ) ;
#955 = CARTESIAN_POINT ( 'NONE',  ( -1.999999999999991340, 52.50000000000000711, 54.50000000000000000 ) ) ;
#956 = DIRECTION ( 'NONE',  ( 0.000000000000000000, 1.000000000000000000, 0.000000000000000000 ) ) ;
#957 = CONICAL_SURFACE ( 'NONE', #6075, 6.000000000000000000, 0.7853981633974758125 ) ;
#958 = CARTESIAN_POINT ( 'NONE',  ( 45.99999999999999289, 54.00000000000000711, 4.500000000000000888 ) ) ;
#959 = EDGE_CURVE ( 'NONE', #7488, #2050, #3865, .T. ) ;
#960 = EDGE_CURVE ( 'NONE', #5302, #6257, #8910, .T. ) ;
#961 = ORIENTED_EDGE ( 'NONE', *, *, #4986, .F. ) ;
#962 = EDGE_CURVE ( 'NONE', #8441, #4736, #2531, .T. ) ;
#963 = ORIENTED_EDGE ( 'NONE', *, *, #4253, .F. ) ;
#964 = CONICAL_SURFACE ( 'NONE', #6082, 46.00000000000000000, 0.7853981633974758125 ) ;
#965 = LINE ( 'NONE', #275, #8590 ) ;
#966 = LINE ( 'NONE', #3765, #3736 ) ;
#967 = CIRCLE ( 'NONE', #4639, 2.500000000000000000 ) ;
#968 = VECTOR ( 'NONE', #9, 1000.000000000000114 ) ;
#969 = CARTESIAN_POINT ( 'NONE',  ( 0.000000000000000000, 54.00000000000000711, 0.000000000000000000 ) ) ;
#970 = FACE_OUTER_BOUND ( 'NONE', #5103, .T. ) ;
#971 = EDGE_CURVE ( 'NONE', #8297, #7175, #6615, .T. ) ;
#972 = VERTEX_POINT ( 'NONE', #6665 ) ;
#973 = CARTESIAN_POINT ( 'NONE',  ( 41.00000000000000000, 7.035533905932737753, -3.000000000000000888 ) ) ;
#974 = VECTOR ( 'NONE', #6149, 1000.000000000000114 ) ;
#975 = ORIENTED_EDGE ( 'NONE', *, *, #2878, .F. ) ;
#976 = EDGE_CURVE ( 'NONE', #2865, #5308, #6794, .T. ) ;
#977 = LINE ( 'NONE', #7939, #87 ) ;
#978 = LINE ( 'NONE', #3777, #8439 ) ;
#979 = EDGE_CURVE ( 'NONE', #1189, #8232, #8028, .T. ) ;
#980 = ORIENTED_EDGE ( 'NONE', *, *, #7008, .T. ) ;
#981 = FACE_OUTER_BOUND ( 'NONE', #3647, .T. ) ;
#982 = DIRECTION ( 'NONE',  ( 0.000000000000000000, 0.000000000000000000, -1.000000000000000000 ) ) ;
#983 = AXIS2_PLACEMENT_3D ( 'NONE', #420, #6003, #5862 ) ;
#984 = CIRCLE ( 'NONE', #6696, 2.000000000000001776 ) ;
#985 = DIRECTION ( 'NONE',  ( -1.000000000000000000, 0.000000000000000000, 0.000000000000000000 ) ) ;
#986 = EDGE_LOOP ( 'NONE', ( #1370, #6311, #3418, #7750 ) ) ;
#987 = DIRECTION ( 'NONE',  ( 0.000000000000000000, -1.000000000000000000, 0.000000000000000000 ) ) ;
#988 = EDGE_CURVE ( 'NONE', #4008, #1142, #4001, .T. ) ;
#989 = ADVANCED_FACE ( 'NONE', ( #1168 ), #1003, .F. ) ;
#990 = CARTESIAN_POINT ( 'NONE',  ( 5.616384920805909786, 0.000000000000000000, 58.50000000000000000 ) ) ;
#991 = AXIS2_PLACEMENT_3D ( 'NONE', #4380, #257, #3058 ) ;
#992 = DIRECTION ( 'NONE',  ( 0.000000000000000000, 1.000000000000000000, 0.000000000000000000 ) ) ;
#993 = ORIENTED_EDGE ( 'NONE', *, *, #8343, .F. ) ;
#994 = DIRECTION ( 'NONE',  ( 0.000000000000000000, 1.000000000000000000, 0.000000000000000000 ) ) ;
#995 = DIRECTION ( 'NONE',  ( -1.598962508291665656E-14, 0.000000000000000000, 1.000000000000000000 ) ) ;
#996 = DIRECTION ( 'NONE',  ( -0.000000000000000000, 1.000000000000000000, 0.000000000000000000 ) ) ;
#997 = AXIS2_PLACEMENT_3D ( 'NONE', #428, #3220, #8806 ) ;
#998 = DIRECTION ( 'NONE',  ( 0.000000000000000000, -1.000000000000000000, 0.000000000000000000 ) ) ;
#999 = EDGE_CURVE ( 'NONE', #1102, #4460, #5926, .T. ) ;
#1000 = ORIENTED_EDGE ( 'NONE', *, *, #999, .F. ) ;
#1001 = EDGE_LOOP ( 'NONE', ( #6885, #4235, #1868, #8036, #3684, #2296, #867, #2330 ) ) ;
#1002 = LINE ( 'NONE', #5210, #32 ) ;
#1003 = TOROIDAL_SURFACE ( 'NONE', #7300, 5.500000000000000000, 2.500000000000000000 ) ;
#1004 = ORIENTED_EDGE ( 'NONE', *, *, #1575, .T. ) ;
#1005 = DIRECTION ( 'NONE',  ( -1.000000000000000000, 0.000000000000000000, 0.000000000000000000 ) ) ;
#1006 = CARTESIAN_POINT ( 'NONE',  ( 39.73223304703365244, 4.732233047033645335, -0.3069134597442498280 ) ) ;
#1007 = CARTESIAN_POINT ( 'NONE',  ( -4.979466606600633227, 6.458894191334840329, 52.59671304700099626 ) ) ;
#1008 = ORIENTED_EDGE ( 'NONE', *, *, #2929, .F. ) ;
#1009 = ORIENTED_EDGE ( 'NONE', *, *, #1118, .F. ) ;
#1010 = ORIENTED_EDGE ( 'NONE', *, *, #2525, .F. ) ;
#1011 = PLANE ( 'NONE',  #834 ) ;
#1012 = DIRECTION ( 'NONE',  ( 0.000000000000000000, -1.000000000000000000, 0.000000000000000000 ) ) ;
#1013 = EDGE_CURVE ( 'NONE', #7679, #6427, #1284, .T. ) ;
#1014 = CARTESIAN_POINT ( 'NONE',  ( -20.00000000000000000, 0.000000000000000000, -6.500000000000000000 ) ) ;
#1015 = EDGE_CURVE ( 'NONE', #6826, #6985, #5286, .T. ) ;
#1016 = LINE ( 'NONE', #8032, #1854 ) ;
#1017 = CYLINDRICAL_SURFACE ( 'NONE', #1832, 1.500000000000001332 ) ;
#1018 = EDGE_CURVE ( 'NONE', #6628, #6449, #6118, .T. ) ;
#1019 = ORIENTED_EDGE ( 'NONE', *, *, #4147, .T. ) ;
#1020 = DIRECTION ( 'NONE',  ( 0.000000000000000000, 1.000000000000000000, 0.000000000000000000 ) ) ;
#1021 = EDGE_LOOP ( 'NONE', ( #5170, #2187, #3180, #6391, #57 ) ) ;
#1022 = CARTESIAN_POINT ( 'NONE',  ( -8.000000000000000000, 0.000000000000000000, 25.50000000000000000 ) ) ;
#1023 = CARTESIAN_POINT ( 'NONE',  ( -92.00000000000000000, -6.000000000000000000, -15.25000000000000000 ) ) ;
#1024 = EDGE_CURVE ( 'NONE', #6706, #8249, #8989, .T. ) ;
#1025 = EDGE_LOOP ( 'NONE', ( #3399, #8743, #3203, #6357, #3599, #2165, #1980, #2189 ) ) ;
#1026 = CARTESIAN_POINT ( 'NONE',  ( -1.381640767958990379, 6.499999985702324956, -50.00000000000000000 ) ) ;
#1027 = EDGE_CURVE ( 'NONE', #6144, #219, #4458, .T. ) ;
#1028 = DIRECTION ( 'NONE',  ( 0.000000000000000000, -1.000000000000000000, 0.000000000000000000 ) ) ;
#1029 = CARTESIAN_POINT ( 'NONE',  ( 45.99999999999999289, 54.00000000000000711, -3.000000000000000000 ) ) ;
#1030 = VERTEX_POINT ( 'NONE', #4730 ) ;
#1031 = DIRECTION ( 'NONE',  ( -4.415659757031874253E-15, 0.000000000000000000, 1.000000000000000000 ) ) ;
#1032 = CARTESIAN_POINT ( 'NONE',  ( 0.000000000000000000, 0.000000000000000000, 43.50000000000000000 ) ) ;
#1033 = CARTESIAN_POINT ( 'NONE',  ( 38.99999999999999289, 0.3333851672701361735, 9.653185138813977773 ) ) ;
#1034 = CARTESIAN_POINT ( 'NONE',  ( 4.825381102911062925, 6.499999988383748040, -54.03069270363711496 ) ) ;
#1035 = VERTEX_POINT ( 'NONE', #6752 ) ;
#1036 = CARTESIAN_POINT ( 'NONE',  ( -8.000000000000000000, 0.5000000000000000000, -23.00000000000000000 ) ) ;
#1037 = PLANE ( 'NONE',  #2695 ) ;
#1038 = DIRECTION ( 'NONE',  ( -0.000000000000000000, 0.7071067811865670016, 0.7071067811865280328 ) ) ;
#1039 = CARTESIAN_POINT ( 'NONE',  ( 44.00000000000000000, 6.000000000000004441, -6.000000000000000888 ) ) ;
#1040 = ORIENTED_EDGE ( 'NONE', *, *, #1297, .F. ) ;
#1041 = CARTESIAN_POINT ( 'NONE',  ( 41.87867965644035451, 8.646446609406746475, -5.121320343559642829 ) ) ;
#1042 = ORIENTED_EDGE ( 'NONE', *, *, #3941, .T. ) ;
#1043 = DIRECTION ( 'NONE',  ( 0.000000000000000000, -0.7071067811865474617, 0.7071067811865474617 ) ) ;
#1044 = VERTEX_POINT ( 'NONE', #8213 ) ;
#1045 = CARTESIAN_POINT ( 'NONE',  ( -6.986180380252474009, 4.000000000029897862, 53.38543574640038969 ) ) ;
#1046 = CARTESIAN_POINT ( 'NONE',  ( 39.73197684757726478, 4.731976847577258560, -1.627303237954180991E-16 ) ) ;
#1047 = DIRECTION ( 'NONE',  ( 0.000000000000000000, 1.000000000000000000, 0.000000000000000000 ) ) ;
#1048 = EDGE_LOOP ( 'NONE', ( #2594, #4886, #5617, #5577 ) ) ;
#1049 = ORIENTED_EDGE ( 'NONE', *, *, #5659, .F. ) ;
#1050 = EDGE_LOOP ( 'NONE', ( #2073, #3300, #722, #5245 ) ) ;
#1051 = CARTESIAN_POINT ( 'NONE',  ( 7.500000000000007994, 6.447489024775963529, 53.00000000000001421 ) ) ;
#1052 = CARTESIAN_POINT ( 'NONE',  ( -20.00000000000000000, 0.4999999999999730216, 0.000000000000000000 ) ) ;
#1053 = DIRECTION ( 'NONE',  ( 0.000000000000000000, -1.000000000000000000, 0.000000000000000000 ) ) ;
#1054 = CARTESIAN_POINT ( 'NONE',  ( 39.73223304703365244, 4.732233047033645335, -0.4603702609048089256 ) ) ;
#1055 = EDGE_LOOP ( 'NONE', ( #5774, #5212, #5627, #5652 ) ) ;
#1056 = CARTESIAN_POINT ( 'NONE',  ( 8.000000000000000000, 10.00000000000000000, -23.00000000000000000 ) ) ;
#1057 = EDGE_CURVE ( 'NONE', #3031, #818, #7643, .T. ) ;
#1058 = VERTEX_POINT ( 'NONE', #1757 ) ;
#1059 = DIRECTION ( 'NONE',  ( 0.000000000000000000, 1.000000000000000000, 0.000000000000000000 ) ) ;
#1060 = CARTESIAN_POINT ( 'NONE',  ( -82.15000000000000568, 1.000000000000000000, -4.500000000000000000 ) ) ;
#1061 = EDGE_LOOP ( 'NONE', ( #8961, #5427, #4072, #3222 ) ) ;
#1062 = LINE ( 'NONE', #4552, #6319 ) ;
#1063 = DIRECTION ( 'NONE',  ( 0.000000000000000000, 0.000000000000000000, 1.000000000000000000 ) ) ;
#1064 = CYLINDRICAL_SURFACE ( 'NONE', #7830, 1.500000000000001332 ) ;
#1065 = AXIS2_PLACEMENT_3D ( 'NONE', #1143, #4228, #9000 ) ;
#1066 = EDGE_LOOP ( 'NONE', ( #5637, #2153, #5642, #5300 ) ) ;
#1067 = CARTESIAN_POINT ( 'NONE',  ( -53.48771061000000060, 0.000000000000000000, -53.48771061000000060 ) ) ;
#1068 = VECTOR ( 'NONE', #8764, 999.9999999999998863 ) ;
#1069 = EDGE_CURVE ( 'NONE', #5698, #719, #801, .T. ) ;
#1070 = EDGE_CURVE ( 'NONE', #286, #7415, #7533, .T. ) ;
#1071 = LINE ( 'NONE', #7949, #3056 ) ;
#1072 = LINE ( 'NONE', #5791, #7549 ) ;
#1073 = VECTOR ( 'NONE', #5580, 1000.000000000000000 ) ;
#1074 = ADVANCED_FACE ( 'NONE', ( #4958 ), #2837, .F. ) ;
#1075 = CARTESIAN_POINT ( 'NONE',  ( -4.977313831875624039, 6.456694478655389702, -53.42332007969543639 ) ) ;
#1076 = ORIENTED_EDGE ( 'NONE', *, *, #7973, .T. ) ;
#1077 = AXIS2_PLACEMENT_3D ( 'NONE', #1056, #4158, #1367 ) ;
#1078 = ADVANCED_FACE ( 'NONE', ( #3392 ), #5619, .F. ) ;
#1079 = CARTESIAN_POINT ( 'NONE',  ( 2.000000000000000000, 52.50000000000000711, -54.50000000000000000 ) ) ;
#1080 = CARTESIAN_POINT ( 'NONE',  ( 40.99999999999999289, 6.000000000000005329, 6.000000000000000000 ) ) ;
#1081 = CARTESIAN_POINT ( 'NONE',  ( -83.75000000000000000, 4.000000000000000000, -4.500000000000000000 ) ) ;
#1082 = EDGE_CURVE ( 'NONE', #972, #3754, #5923, .T. ) ;
#1083 = AXIS2_PLACEMENT_3D ( 'NONE', #868, #1453, #5032 ) ;
#1084 = VECTOR ( 'NONE', #1873, 1000.000000000000000 ) ;
#1085 = ORIENTED_EDGE ( 'NONE', *, *, #8554, .T. ) ;
#1086 = CARTESIAN_POINT ( 'NONE',  ( 40.99999999999999289, 7.035533905932735088, 3.000000000000000000 ) ) ;
#1087 = EDGE_LOOP ( 'NONE', ( #8318, #4268, #4004, #2530 ) ) ;
#1088 = ADVANCED_FACE ( 'NONE', ( #1380 ), #5244, .F. ) ;
#1089 = DIRECTION ( 'NONE',  ( 0.000000000000000000, 0.000000000000000000, -1.000000000000000000 ) ) ;
#1090 = ORIENTED_EDGE ( 'NONE', *, *, #4043, .F. ) ;
#1091 = AXIS2_PLACEMENT_3D ( 'NONE', #862, #757, #8413 ) ;
#1092 = DIRECTION ( 'NONE',  ( 0.000000000000000000, -1.000000000000000000, 0.000000000000000000 ) ) ;
#1093 = CARTESIAN_POINT ( 'NONE',  ( -4.999999999999990230, 4.414471088662160980, 52.99551012850317022 ) ) ;
#1094 =( BOUNDED_CURVE ( )  B_SPLINE_CURVE ( 3, ( #6992, #3414, #6863, #3462 ),
 .UNSPECIFIED., .F., .F. ) 
 B_SPLINE_CURVE_WITH_KNOTS ( ( 4, 4 ),
 ( 5.497787143782137953, 6.283185307179586232 ),
 .UNSPECIFIED. ) 
 CURVE ( )  GEOMETRIC_REPRESENTATION_ITEM ( )  RATIONAL_B_SPLINE_CURVE ( ( 1.000000000000000000, 0.9492530216741911220, 0.9492530216741911220, 1.000000000000000000 ) ) 
 REPRESENTATION_ITEM ( '' )  );
#1095 = CARTESIAN_POINT ( 'NONE',  ( -4.810925642721950446, 4.143771770856420567, 51.94417862342893244 ) ) ;
#1096 = ADVANCED_FACE ( 'NONE', ( #4170 ), #7016, .T. ) ;
#1097 = CIRCLE ( 'NONE', #2830, 2.500000000000000888 ) ;
#1098 = ORIENTED_EDGE ( 'NONE', *, *, #691, .F. ) ;
#1099 = VECTOR ( 'NONE', #746, 1000.000000000000000 ) ;
#1100 = ADVANCED_FACE ( 'NONE', ( #1425 ), #4206, .F. ) ;
#1101 = AXIS2_PLACEMENT_3D ( 'NONE', #1023, #3818, #6609 ) ;
#1102 = VERTEX_POINT ( 'NONE', #8304 ) ;
#1103 = VERTEX_POINT ( 'NONE', #2023 ) ;
#1104 = DIRECTION ( 'NONE',  ( 0.000000000000000000, 0.000000000000000000, 1.000000000000000000 ) ) ;
#1105 = VECTOR ( 'NONE', #4654, 1000.000000000000114 ) ;
#1106 = DIRECTION ( 'NONE',  ( 0.000000000000000000, 0.7071067811865280328, 0.7071067811865670016 ) ) ;
#1107 = VECTOR ( 'NONE', #2613, 1000.000000000000000 ) ;
#1108 = CARTESIAN_POINT ( 'NONE',  ( 39.00000000000000711, 4.000000000000000000, -0.4603702609048098138 ) ) ;
#1109 = AXIS2_PLACEMENT_3D ( 'NONE', #6122, #3808, #8963 ) ;
#1110 = ORIENTED_EDGE ( 'NONE', *, *, #1630, .F. ) ;
#1111 = DIRECTION ( 'NONE',  ( 0.000000000000000000, 0.000000000000000000, 1.000000000000000000 ) ) ;
#1112 = ADVANCED_FACE ( 'NONE', ( #8946 ), #6318, .T. ) ;
#1113 = VERTEX_POINT ( 'NONE', #45 ) ;
#1114 = VECTOR ( 'NONE', #2460, 1000.000000000000000 ) ;
#1115 = DIRECTION ( 'NONE',  ( 0.000000000000000000, 0.000000000000000000, 1.000000000000000000 ) ) ;
#1116 = CARTESIAN_POINT ( 'NONE',  ( -92.00000000000000000, 1.699999999999999956, -15.25000000000000000 ) ) ;
#1117 = AXIS2_PLACEMENT_3D ( 'NONE', #3582, #2895, #5684 ) ;
#1118 = EDGE_CURVE ( 'NONE', #3065, #3155, #1169, .T. ) ;
#1119 = ORIENTED_EDGE ( 'NONE', *, *, #6533, .F. ) ;
#1120 = CARTESIAN_POINT ( 'NONE',  ( 48.99999999999999289, 0.5000000000000281997, 7.217068779995509331 ) ) ;
#1121 = FACE_OUTER_BOUND ( 'NONE', #5991, .T. ) ;
#1122 = DIRECTION ( 'NONE',  ( 0.000000000000000000, 0.000000000000000000, -1.000000000000000000 ) ) ;
#1123 = VERTEX_POINT ( 'NONE', #598 ) ;
#1124 = DIRECTION ( 'NONE',  ( 0.000000000000000000, 1.000000000000000000, 0.000000000000000000 ) ) ;
#1125 = VECTOR ( 'NONE', #7998, 1000.000000000000000 ) ;
#1126 = ORIENTED_EDGE ( 'NONE', *, *, #999, .T. ) ;
#1127 = LINE ( 'NONE', #1893, #7700 ) ;
#1128 = LINE ( 'NONE', #2537, #8604 ) ;
#1129 = VECTOR ( 'NONE', #3481, 1000.000000000000000 ) ;
#1130 = AXIS2_PLACEMENT_3D ( 'NONE', #3521, #3484, #9074 ) ;
#1131 = ORIENTED_EDGE ( 'NONE', *, *, #8577, .T. ) ;
#1132 = DIRECTION ( 'NONE',  ( 0.000000000000000000, 0.000000000000000000, -1.000000000000000000 ) ) ;
#1133 = EDGE_CURVE ( 'NONE', #5099, #2949, #7714, .T. ) ;
#1134 = LINE ( 'NONE', #395, #230 ) ;
#1135 = LINE ( 'NONE', #5341, #3877 ) ;
#1136 = FACE_OUTER_BOUND ( 'NONE', #8751, .T. ) ;
#1137 = CIRCLE ( 'NONE', #4785, 2.500000000000002220 ) ;
#1138 = LINE ( 'NONE', #6205, #1147 ) ;
#1139 = ORIENTED_EDGE ( 'NONE', *, *, #5662, .F. ) ;
#1140 = CYLINDRICAL_SURFACE ( 'NONE', #5623, 2.500000000000000444 ) ;
#1141 = B_SPLINE_CURVE_WITH_KNOTS ( 'NONE', 3,
 ( #1172, #7354, #8677, #1075, #4467, #7272 ),
 .UNSPECIFIED., .F., .F.,
 ( 4, 2, 4 ),
 ( 0.000000000000000000, 0.0006365881798735211318, 0.001273176359747042264 ),
 .UNSPECIFIED. ) ;
#1142 = VERTEX_POINT ( 'NONE', #6189 ) ;
#1143 = CARTESIAN_POINT ( 'NONE',  ( 0.000000000000000000, 52.50000000000000711, 4.500000000000000888 ) ) ;
#1144 = CIRCLE ( 'NONE', #3468, 2.000000000000001776 ) ;
#1145 = CARTESIAN_POINT ( 'NONE',  ( 41.00000000000754596, 6.000000000003155698, 3.531551138372495124 ) ) ;
#1146 = CARTESIAN_POINT ( 'NONE',  ( -82.95000000000000284, 1.500000000000000000, 10.25000000000000000 ) ) ;
#1147 = VECTOR ( 'NONE', #9008, 1000.000000000000000 ) ;
#1148 = DIRECTION ( 'NONE',  ( 0.000000000000000000, 0.000000000000000000, 1.000000000000000000 ) ) ;
#1149 = AXIS2_PLACEMENT_3D ( 'NONE', #5583, #4086, #2106 ) ;
#1150 = CIRCLE ( 'NONE', #699, 3.000000000000002665 ) ;
#1151 = ORIENTED_EDGE ( 'NONE', *, *, #959, .F. ) ;
#1152 = VERTEX_POINT ( 'NONE', #8341 ) ;
#1153 = VERTEX_POINT ( 'NONE', #2062 ) ;
#1154 = CARTESIAN_POINT ( 'NONE',  ( -4.999999999999996447, 4.414471088662168086, -52.99551012850317733 ) ) ;
#1155 = ADVANCED_FACE ( 'NONE', ( #4856 ), #6264, .T. ) ;
#1156 = DIRECTION ( 'NONE',  ( 0.000000000000000000, 1.000000000000000000, 0.000000000000000000 ) ) ;
#1157 = CARTESIAN_POINT ( 'NONE',  ( 7.002861551584980582, 3.999999999967436715, 52.24772463097486508 ) ) ;
#1158 = EDGE_LOOP ( 'NONE', ( #855, #2871, #4811, #8518 ) ) ;
#1159 = DIRECTION ( 'NONE',  ( 1.000000000000000000, 0.000000000000000000, 5.782411586589350736E-16 ) ) ;
#1160 = ORIENTED_EDGE ( 'NONE', *, *, #5305, .F. ) ;
#1161 = CARTESIAN_POINT ( 'NONE',  ( -86.75000000000000000, 4.000000000000000000, 7.500000000000000000 ) ) ;
#1162 = DIRECTION ( 'NONE',  ( 0.000000000000000000, 0.000000000000000000, 1.000000000000000000 ) ) ;
#1163 = VERTEX_POINT ( 'NONE', #8484 ) ;
#1164 = FACE_OUTER_BOUND ( 'NONE', #5493, .T. ) ;
#1165 = FACE_OUTER_BOUND ( 'NONE', #1203, .T. ) ;
#1166 = DIRECTION ( 'NONE',  ( 0.000000000000000000, 0.000000000000000000, -1.000000000000000000 ) ) ;
#1167 = EDGE_LOOP ( 'NONE', ( #2302, #7726, #4637, #3059, #2458 ) ) ;
#1168 = FACE_OUTER_BOUND ( 'NONE', #372, .T. ) ;
#1169 = B_SPLINE_CURVE_WITH_KNOTS ( 'NONE', 3,
 ( #4911, #8438, #5545, #4777, #1330, #696 ),
 .UNSPECIFIED., .F., .F.,
 ( 4, 2, 4 ),
 ( 0.000000000000000000, 0.0006359881693932855143, 0.001271976338786571029 ),
 .UNSPECIFIED. ) ;
#1170 = ORIENTED_EDGE ( 'NONE', *, *, #6051, .T. ) ;
#1171 = DIRECTION ( 'NONE',  ( 0.9128962765483104036, 0.000000000000000000, -0.4081916072927405104 ) ) ;
#1172 = CARTESIAN_POINT ( 'NONE',  ( -4.738688829644932099, 6.499999999999999112, -54.22457482187821398 ) ) ;
#1173 = VERTEX_POINT ( 'NONE', #7204 ) ;
#1174 = DIRECTION ( 'NONE',  ( 0.000000000000000000, 0.000000000000000000, 1.000000000000000000 ) ) ;
#1175 = CARTESIAN_POINT ( 'NONE',  ( -91.41851592179749275, 0.5000000000000071054, -27.46360623735125017 ) ) ;
#1176 = CARTESIAN_POINT ( 'NONE',  ( 1.227936752781739971, 4.000000001861146792, -47.75343130466468011 ) ) ;
#1177 = DIRECTION ( 'NONE',  ( 0.000000000000000000, -1.000000000000000000, 0.000000000000000000 ) ) ;
#1178 = DIRECTION ( 'NONE',  ( 0.9204648600993767804, 0.000000000000000000, 0.3908253335215550184 ) ) ;
#1179 = ORIENTED_EDGE ( 'NONE', *, *, #6094, .F. ) ;
#1180 = CARTESIAN_POINT ( 'NONE',  ( -2.000000000000000000, 6.499999999999999112, -53.00000000000000000 ) ) ;
#1181 = VERTEX_POINT ( 'NONE', #7937 ) ;
#1182 = DIRECTION ( 'NONE',  ( 0.000000000000000000, 0.000000000000000000, -1.000000000000000000 ) ) ;
#1183 = DIRECTION ( 'NONE',  ( 0.000000000000000000, -1.000000000000000000, 0.000000000000000000 ) ) ;
#1184 = DIRECTION ( 'NONE',  ( 0.000000000000000000, -1.000000000000000000, 0.000000000000000000 ) ) ;
#1185 = VERTEX_POINT ( 'NONE', #1510 ) ;
#1186 = EDGE_CURVE ( 'NONE', #4968, #6404, #3549, .T. ) ;
#1187 = ORIENTED_EDGE ( 'NONE', *, *, #3653, .F. ) ;
#1188 = ADVANCED_FACE ( 'NONE', ( #280 ), #1929, .F. ) ;
#1189 = VERTEX_POINT ( 'NONE', #922 ) ;
#1190 = ADVANCED_FACE ( 'NONE', ( #186 ), #5000, .F. ) ;
#1191 = DIRECTION ( 'NONE',  ( 0.000000000000000000, 0.000000000000000000, 1.000000000000000000 ) ) ;
#1192 = ADVANCED_FACE ( 'NONE', ( #7056 ), #791, .F. ) ;
#1193 = DIRECTION ( 'NONE',  ( 0.000000000000000000, -1.000000000000000000, 0.000000000000000000 ) ) ;
#1194 = DIRECTION ( 'NONE',  ( 0.000000000000000000, 0.7071067811865470176, 0.7071067811865480168 ) ) ;
#1195 = ORIENTED_EDGE ( 'NONE', *, *, #5945, .F. ) ;
#1196 = CARTESIAN_POINT ( 'NONE',  ( -53.48771061000000060, 3.500000000000000000, -53.48771061000000060 ) ) ;
#1197 = ORIENTED_EDGE ( 'NONE', *, *, #5393, .F. ) ;
#1198 = LINE ( 'NONE', #2569, #5523 ) ;
#1199 = DIRECTION ( 'NONE',  ( 0.000000000000000000, -1.000000000000000000, 0.000000000000000000 ) ) ;
#1200 = DIRECTION ( 'NONE',  ( 0.000000000000000000, -1.000000000000000000, 0.000000000000000000 ) ) ;
#1201 = CARTESIAN_POINT ( 'NONE',  ( -4.999999999999991118, 54.00000000000000711, 50.00000000000000000 ) ) ;
#1202 =( NAMED_UNIT ( * ) SI_UNIT ( $, .STERADIAN. ) SOLID_ANGLE_UNIT ( ) );
#1203 = EDGE_LOOP ( 'NONE', ( #7582, #5478, #7101, #715, #7883, #7333, #8839 ) ) ;
#1204 = DIRECTION ( 'NONE',  ( 0.000000000000000000, -0.7071067811865474617, -0.7071067811865474617 ) ) ;
#1205 = EDGE_LOOP ( 'NONE', ( #5250, #4254, #4859, #5912 ) ) ;
#1206 = CARTESIAN_POINT ( 'NONE',  ( -93.06768137013648357, 4.000000000000000000, -26.33212343854044946 ) ) ;
#1207 = DIRECTION ( 'NONE',  ( -1.000000000000000000, 1.301042606982605124E-15, -0.000000000000000000 ) ) ;
#1208 = ORIENTED_EDGE ( 'NONE', *, *, #6249, .T. ) ;
#1209 = CARTESIAN_POINT ( 'NONE',  ( -78.39999999999999147, 1.000000000000000000, -4.499999999999944933 ) ) ;
#1210 = CIRCLE ( 'NONE', #8527, 46.00000000000000000 ) ;
#1211 = DIRECTION ( 'NONE',  ( 0.000000000000000000, 0.000000000000000000, -1.000000000000000000 ) ) ;
#1212 = CARTESIAN_POINT ( 'NONE',  ( 1.221136016670429925, 4.230466975876868041, -50.00000000000098055 ) ) ;
#1213 = CARTESIAN_POINT ( 'NONE',  ( -8.000000000000000000, 0.4999999999999730216, 23.00000000000000000 ) ) ;
#1214 = LINE ( 'NONE', #4016, #694 ) ;
#1215 = AXIS2_PLACEMENT_3D ( 'NONE', #4899, #7520, #2697 ) ;
#1216 = LINE ( 'NONE', #8881, #1678 ) ;
#1217 = ORIENTED_EDGE ( 'NONE', *, *, #14, .T. ) ;
#1218 = CARTESIAN_POINT ( 'NONE',  ( 53.48771061000000060, 3.500000000000000000, 53.48771061000000060 ) ) ;
#1219 = EDGE_CURVE ( 'NONE', #1189, #8569, #1150, .T. ) ;
#1220 = CARTESIAN_POINT ( 'NONE',  ( -62.00000000000000000, 52.50000000000000711, 1.999999999999999112 ) ) ;
#1221 = CARTESIAN_POINT ( 'NONE',  ( -86.00000000000000000, 1.000000000000000000, 12.55000000000000071 ) ) ;
#1222 = VECTOR ( 'NONE', #1594, 1000.000000000000114 ) ;
#1223 = AXIS2_PLACEMENT_3D ( 'NONE', #5568, #621, #6865 ) ;
#1224 = CYLINDRICAL_SURFACE ( 'NONE', #5745, 1.500000000000001332 ) ;
#1225 = ORIENTED_EDGE ( 'NONE', *, *, #7596, .T. ) ;
#1226 = ORIENTED_EDGE ( 'NONE', *, *, #7006, .F. ) ;
#1227 = CONICAL_SURFACE ( 'NONE', #6349, 6.000000000000000000, 0.7853981633974758125 ) ;
#1228 = TOROIDAL_SURFACE ( 'NONE', #205, 5.500000000000000000, 2.500000000000000000 ) ;
#1229 = ORIENTED_EDGE ( 'NONE', *, *, #1400, .T. ) ;
#1230 = DIRECTION ( 'NONE',  ( 0.000000000000000000, 0.000000000000000000, -1.000000000000000000 ) ) ;
#1231 = DIRECTION ( 'NONE',  ( 0.000000000000000000, 0.000000000000000000, -1.000000000000000000 ) ) ;
#1232 = EDGE_CURVE ( 'NONE', #6257, #1030, #6426, .T. ) ;
#1233 = DIRECTION ( 'NONE',  ( 0.000000000000000000, 1.000000000000000000, 0.000000000000000000 ) ) ;
#1234 = AXIS2_PLACEMENT_3D ( 'NONE', #7069, #5690, #792 ) ;
#1235 = ADVANCED_FACE ( 'NONE', ( #2892, #7253 ), #5095, .T. ) ;
#1236 = AXIS2_PLACEMENT_3D ( 'NONE', #8683, #2361, #898 ) ;
#1237 = EDGE_LOOP ( 'NONE', ( #2972, #975, #2815, #9042 ) ) ;
#1238 = CARTESIAN_POINT ( 'NONE',  ( -92.00000000000000000, 1.699999999999999956, -15.25000000000000000 ) ) ;
#1239 = VECTOR ( 'NONE', #2100, 1000.000000000000000 ) ;
#1240 = ORIENTED_EDGE ( 'NONE', *, *, #6324, .T. ) ;
#1241 = PRODUCT_DEFINITION_CONTEXT ( 'detailed design', #1911, 'design' ) ;
#1242 = AXIS2_PLACEMENT_3D ( 'NONE', #2548, #3976, #3886 ) ;
#1243 = CARTESIAN_POINT ( 'NONE',  ( -2.000000000000000000, 6.500000000000000888, -58.50000000000000000 ) ) ;
#1244 = DIRECTION ( 'NONE',  ( 8.673617379884027583E-16, 0.000000000000000000, 1.000000000000000000 ) ) ;
#1245 = VECTOR ( 'NONE', #2172, 1000.000000000000000 ) ;
#1246 = EDGE_CURVE ( 'NONE', #2358, #8647, #5050, .T. ) ;
#1247 = DIRECTION ( 'NONE',  ( 0.000000000000000000, 0.000000000000000000, 1.000000000000000000 ) ) ;
#1248 = CARTESIAN_POINT ( 'NONE',  ( -62.00000000000000000, 52.50000000000000711, 4.999999999999999112 ) ) ;
#1249 = ORIENTED_EDGE ( 'NONE', *, *, #5416, .T. ) ;
#1250 = DIRECTION ( 'NONE',  ( 0.000000000000000000, 0.000000000000000000, 1.000000000000000000 ) ) ;
#1251 = CIRCLE ( 'NONE', #1398, 46.50000000000000000 ) ;
#1252 = ORIENTED_EDGE ( 'NONE', *, *, #2063, .T. ) ;
#1253 = EDGE_CURVE ( 'NONE', #7415, #8819, #6569, .T. ) ;
#1254 = DIRECTION ( 'NONE',  ( 0.000000000000000000, -1.000000000000000000, 0.000000000000000000 ) ) ;
#1255 = CARTESIAN_POINT ( 'NONE',  ( 39.73223304703365244, 4.732233047033644446, -7.267766952966340455 ) ) ;
#1256 = ORIENTED_EDGE ( 'NONE', *, *, #8139, .F. ) ;
#1257 = DIRECTION ( 'NONE',  ( 0.000000000000000000, -1.000000000000000000, 0.000000000000000000 ) ) ;
#1258 = AXIS2_PLACEMENT_3D ( 'NONE', #6887, #1391, #3451 ) ;
#1259 = ADVANCED_FACE ( 'NONE', ( #880 ), #3679, .F. ) ;
#1260 = CARTESIAN_POINT ( 'NONE',  ( 35.00000000000000000, 0.000000000000000000, 4.286263797015734919E-15 ) ) ;
#1261 = CARTESIAN_POINT ( 'NONE',  ( -92.00000000000000000, 1.699999999999999956, -13.75000000000000000 ) ) ;
#1262 = CARTESIAN_POINT ( 'NONE',  ( -82.95000000000000284, 1.000000000000000000, -10.25000000000000000 ) ) ;
#1263 = VECTOR ( 'NONE', #5537, 1000.000000000000000 ) ;
#1264 = LINE ( 'NONE', #6860, #6835 ) ;
#1265 = VERTEX_POINT ( 'NONE', #7902 ) ;
#1266 = CARTESIAN_POINT ( 'NONE',  ( -92.00000000000000000, 1.699999999999999956, 15.25000000000000000 ) ) ;
#1267 = CARTESIAN_POINT ( 'NONE',  ( -6.990325341823560912, 4.000000000000000000, 52.99459477901500293 ) ) ;
#1268 = CARTESIAN_POINT ( 'NONE',  ( -87.00000000000000000, 1.500000000000000000, -4.500000000000000000 ) ) ;
#1269 = CIRCLE ( 'NONE', #6395, 1.500000000000001332 ) ;
#1270 = VECTOR ( 'NONE', #2316, 1000.000000000000000 ) ;
#1271 = EDGE_CURVE ( 'NONE', #312, #4219, #1787, .T. ) ;
#1272 = DIRECTION ( 'NONE',  ( 0.000000000000000000, 0.000000000000000000, -1.000000000000000000 ) ) ;
#1273 = VERTEX_POINT ( 'NONE', #6704 ) ;
#1274 = EDGE_LOOP ( 'NONE', ( #4396, #4940, #8207, #7305 ) ) ;
#1275 = AXIS2_PLACEMENT_3D ( 'NONE', #5456, #5418, #5550 ) ;
#1276 = ORIENTED_EDGE ( 'NONE', *, *, #5070, .F. ) ;
#1277 = DIRECTION ( 'NONE',  ( 0.000000000000000000, 0.000000000000000000, -1.000000000000000000 ) ) ;
#1278 = CIRCLE ( 'NONE', #3332, 2.500000000000002220 ) ;
#1279 = DIRECTION ( 'NONE',  ( 0.000000000000000000, -4.625929269271490844E-15, -1.000000000000000000 ) ) ;
#1280 = CARTESIAN_POINT ( 'NONE',  ( -96.82884964244770742, 0.000000000000000000, 25.95356588311249979 ) ) ;
#1281 = ORIENTED_EDGE ( 'NONE', *, *, #7035, .T. ) ;
#1282 = CARTESIAN_POINT ( 'NONE',  ( -92.00000000000000000, 4.000000000000000000, -15.25000000000000000 ) ) ;
#1283 = AXIS2_PLACEMENT_3D ( 'NONE', #4812, #1372, #2618 ) ;
#1284 = CIRCLE ( 'NONE', #2748, 1.500000000000001332 ) ;
#1285 = ORIENTED_EDGE ( 'NONE', *, *, #8637, .F. ) ;
#1286 = EDGE_CURVE ( 'NONE', #4643, #3035, #7068, .T. ) ;
#1287 = FACE_OUTER_BOUND ( 'NONE', #8200, .T. ) ;
#1288 = CARTESIAN_POINT ( 'NONE',  ( -86.00000000000000000, 1.000000000000000000, -12.55000000000000071 ) ) ;
#1289 = CYLINDRICAL_SURFACE ( 'NONE', #3551, 1.500000000000001332 ) ;
#1290 = DIRECTION ( 'NONE',  ( 0.000000000000000000, -1.000000000000000000, 0.000000000000000000 ) ) ;
#1291 = ADVANCED_FACE ( 'NONE', ( #3174 ), #2225, .T. ) ;
#1292 = ORIENTED_EDGE ( 'NONE', *, *, #3537, .T. ) ;
#1293 = CARTESIAN_POINT ( 'NONE',  ( -1.658312395177695686, 6.499999999999999112, 50.00000000000000000 ) ) ;
#1294 = ORIENTED_EDGE ( 'NONE', *, *, #6507, .T. ) ;
#1295 = EDGE_CURVE ( 'NONE', #331, #7311, #1882, .T. ) ;
#1296 = CARTESIAN_POINT ( 'NONE',  ( 2.000000000000000000, 54.00000000000000711, -53.00000000000000000 ) ) ;
#1297 = EDGE_CURVE ( 'NONE', #7267, #4211, #771, .T. ) ;
#1298 = CARTESIAN_POINT ( 'NONE',  ( 5.616384920805930214, 3.500000000000000000, -59.00000000000000000 ) ) ;
#1299 = DIRECTION ( 'NONE',  ( 0.000000000000000000, 0.000000000000000000, 1.000000000000000000 ) ) ;
#1300 = VERTEX_POINT ( 'NONE', #4684 ) ;
#1301 = LINE ( 'NONE', #4628, #8229 ) ;
#1302 = DIRECTION ( 'NONE',  ( -1.000000000000000000, 0.000000000000000000, 0.000000000000000000 ) ) ;
#1303 = ADVANCED_FACE ( 'NONE', ( #3852 ), #8116, .F. ) ;
#1305 = EDGE_CURVE ( 'NONE', #686, #1185, #8096, .T. ) ;
#1304 = DIRECTION ( 'NONE',  ( 0.000000000000000000, 0.000000000000000000, 1.000000000000000000 ) ) ;
#1306 = DIRECTION ( 'NONE',  ( 0.000000000000000000, 0.000000000000000000, 1.000000000000000000 ) ) ;
#1307 = DIRECTION ( 'NONE',  ( 0.000000000000000000, -1.000000000000000000, 0.000000000000000000 ) ) ;
#1308 = CARTESIAN_POINT ( 'NONE',  ( -2.000000000000000000, 54.00000000000000711, -50.00000000000000000 ) ) ;
#1309 = EDGE_CURVE ( 'NONE', #8065, #5088, #1665, .T. ) ;
#1310 = LINE ( 'NONE', #8321, #6552 ) ;
#1311 = ORIENTED_EDGE ( 'NONE', *, *, #63, .F. ) ;
#1312 = DIRECTION ( 'NONE',  ( 1.000000000000000000, 0.000000000000000000, 0.000000000000000000 ) ) ;
#1313 = FACE_BOUND ( 'NONE', #8138, .T. ) ;
#1314 = CARTESIAN_POINT ( 'NONE',  ( 48.99999999999999289, 4.782931220004494222, -7.217068779995491568 ) ) ;
#1315 = CARTESIAN_POINT ( 'NONE',  ( -8.000000000000000000, 10.00000000000000000, 23.00000000000000000 ) ) ;
#1316 = ORIENTED_EDGE ( 'NONE', *, *, #2308, .T. ) ;
#1317 = ORIENTED_EDGE ( 'NONE', *, *, #4045, .F. ) ;
#1318 = DIRECTION ( 'NONE',  ( -0.9709389483281615219, 0.000000000000000000, 0.2393273043749994944 ) ) ;
#1319 = ORIENTED_EDGE ( 'NONE', *, *, #5416, .F. ) ;
#1320 = CARTESIAN_POINT ( 'NONE',  ( 0.000000000000000000, 4.000000000000000000, 0.000000000000000000 ) ) ;
#1321 = PLANE ( 'NONE',  #2840 ) ;
#1322 = FACE_OUTER_BOUND ( 'NONE', #893, .T. ) ;
#1323 = VERTEX_POINT ( 'NONE', #5273 ) ;
#1324 = CARTESIAN_POINT ( 'NONE',  ( -1.999999999999991340, 52.50000000000000711, 53.00000000000000711 ) ) ;
#1325 = DIRECTION ( 'NONE',  ( 0.000000000000000000, -1.000000000000000000, 0.000000000000000000 ) ) ;
#1326 = DIRECTION ( 'NONE',  ( -1.000000000000000000, 0.000000000000000000, 0.000000000000000000 ) ) ;
#1327 = CARTESIAN_POINT ( 'NONE',  ( -35.00000000000000000, 4.000000000000000000, 0.000000000000000000 ) ) ;
#1328 = EDGE_CURVE ( 'NONE', #1044, #2921, #3952, .T. ) ;
#1329 = EDGE_LOOP ( 'NONE', ( #1229, #925, #8429, #3901 ) ) ;
#1330 = CARTESIAN_POINT ( 'NONE',  ( 4.825387965616006802, 6.500000000000002665, -54.03067735560525620 ) ) ;
#1331 = VERTEX_POINT ( 'NONE', #8070 ) ;
#1332 = LINE ( 'NONE', #1385, #7694 ) ;
#1333 = DIRECTION ( 'NONE',  ( 0.000000000000000000, 0.000000000000000000, 1.000000000000000000 ) ) ;
#1334 = DIRECTION ( 'NONE',  ( 0.000000000000000000, 0.000000000000000000, 1.000000000000000000 ) ) ;
#1335 = ORIENTED_EDGE ( 'NONE', *, *, #2599, .F. ) ;
#1336 = CARTESIAN_POINT ( 'NONE',  ( -92.00000000000000000, 0.000000000000000000, 15.25000000000000000 ) ) ;
#1337 = CARTESIAN_POINT ( 'NONE',  ( -92.00000000000000000, 1.699999999999999956, -15.25000000000000000 ) ) ;
#1338 = CARTESIAN_POINT ( 'NONE',  ( -89.25000000000000000, 1.000000000000000000, 8.500000000000000000 ) ) ;
#1339 = CYLINDRICAL_SURFACE ( 'NONE', #6210, 1.500000000000001332 ) ;
#1340 = ADVANCED_FACE ( 'NONE', ( #3217 ), #2438, .F. ) ;
#1341 = ORIENTED_EDGE ( 'NONE', *, *, #735, .F. ) ;
#1342 = CARTESIAN_POINT ( 'NONE',  ( -94.77482900700697144, 3.768113210215454423, -14.59328356929427528 ) ) ;
#1343 = EDGE_CURVE ( 'NONE', #7679, #949, #924, .T. ) ;
#1344 = EDGE_CURVE ( 'NONE', #2116, #624, #2532, .T. ) ;
#1345 = CARTESIAN_POINT ( 'NONE',  ( 8.000000000000000000, 10.00000000000000000, -21.00000000000000000 ) ) ;
#1346 = EDGE_CURVE ( 'NONE', #426, #3812, #1836, .T. ) ;
#1347 = EDGE_CURVE ( 'NONE', #4114, #8505, #6743, .T. ) ;
#1348 = DIRECTION ( 'NONE',  ( 0.000000000000000000, 1.000000000000000000, 0.000000000000000000 ) ) ;
#1349 = ORIENTED_EDGE ( 'NONE', *, *, #3677, .T. ) ;
#1350 = CIRCLE ( 'NONE', #1790, 2.499999999999998668 ) ;
#1351 = CARTESIAN_POINT ( 'NONE',  ( 4.738688829644932099, 6.499999999999999112, -54.22457482187821398 ) ) ;
#1352 = DIRECTION ( 'NONE',  ( -0.000000000000000000, 1.000000000000000000, 0.000000000000000000 ) ) ;
#1353 = CARTESIAN_POINT ( 'NONE',  ( -78.89999999999999147, 1.500000000000000000, 7.500000000000000000 ) ) ;
#1354 = ADVANCED_FACE ( 'NONE', ( #8035 ), #6042, .F. ) ;
#1355 = CONICAL_SURFACE ( 'NONE', #7057, 1.500000000000001332, 0.7853981633974758125 ) ;
#1356 = CARTESIAN_POINT ( 'NONE',  ( -1.879066676236450120E-24, 6.449489742783179658, 50.00000000000000000 ) ) ;
#1357 = AXIS2_PLACEMENT_3D ( 'NONE', #3513, #3427, #1920 ) ;
#1358 = VERTEX_POINT ( 'NONE', #1746 ) ;
#1359 = ADVANCED_FACE ( 'NONE', ( #4545 ), #7339, .F. ) ;
#1360 = EDGE_LOOP ( 'NONE', ( #2958, #3724, #527, #563 ) ) ;
#1361 = AXIS2_PLACEMENT_3D ( 'NONE', #3181, #6748, #468 ) ;
#1362 = CARTESIAN_POINT ( 'NONE',  ( 8.000000000000000000, -4.200000000000000178, -30.45000000000000284 ) ) ;
#1363 = ORIENTED_EDGE ( 'NONE', *, *, #683, .F. ) ;
#1364 = AXIS2_PLACEMENT_3D ( 'NONE', #669, #5075, #6303 ) ;
#1365 = DIRECTION ( 'NONE',  ( 0.000000000000000000, -1.000000000000000000, 0.000000000000000000 ) ) ;
#1366 = EDGE_CURVE ( 'NONE', #4999, #3642, #2385, .T. ) ;
#1367 = DIRECTION ( 'NONE',  ( 0.000000000000000000, 0.000000000000000000, -1.000000000000000000 ) ) ;
#1368 = EDGE_CURVE ( 'NONE', #1058, #2651, #6190, .T. ) ;
#1369 = AXIS2_PLACEMENT_3D ( 'NONE', #81, #8562, #1494 ) ;
#1370 = ORIENTED_EDGE ( 'NONE', *, *, #4197, .T. ) ;
#1371 = ORIENTED_EDGE ( 'NONE', *, *, #4977, .F. ) ;
#1372 = DIRECTION ( 'NONE',  ( 0.000000000000000000, 1.000000000000000000, 0.000000000000000000 ) ) ;
#1373 = CARTESIAN_POINT ( 'NONE',  ( -8.000000000000000000, 3.500000000000000000, -25.00000000000000000 ) ) ;
#1374 = VECTOR ( 'NONE', #4409, 1000.000000000000114 ) ;
#1375 = DIRECTION ( 'NONE',  ( 0.000000000000000000, -1.000000000000000000, 0.000000000000000000 ) ) ;
#1376 = CARTESIAN_POINT ( 'NONE',  ( -92.00000000000000000, 4.000000000000000000, 15.25000000000000000 ) ) ;
#1377 = CIRCLE ( 'NONE', #3290, 2.000000000000001776 ) ;
#1378 = AXIS2_PLACEMENT_3D ( 'NONE', #1060, #1199, #378 ) ;
#1379 = ORIENTED_EDGE ( 'NONE', *, *, #1742, .F. ) ;
#1380 = FACE_OUTER_BOUND ( 'NONE', #5804, .T. ) ;
#1381 = ADVANCED_FACE ( 'NONE', ( #6276 ), #5739, .F. ) ;
#1382 = B_SPLINE_CURVE_WITH_KNOTS ( 'NONE', 3,
 ( #1714, #6479, #8542, #293, #3007, #2260 ),
 .UNSPECIFIED., .F., .F.,
 ( 4, 2, 4 ),
 ( 0.000000000000000000, 0.0008295543463014484883, 0.001659108692602896977 ),
 .UNSPECIFIED. ) ;
#1383 = VERTEX_POINT ( 'NONE', #6964 ) ;
#1384 = STYLED_ITEM ( 'NONE', ( #6294 ), #7869 ) ;
#1385 = CARTESIAN_POINT ( 'NONE',  ( -5.616384920805930214, 4.000000000000000000, -58.50000000000000000 ) ) ;
#1386 = VECTOR ( 'NONE', #7527, 1000.000000000000000 ) ;
#1387 = DIRECTION ( 'NONE',  ( 0.000000000000000000, 0.000000000000000000, 1.000000000000000000 ) ) ;
#1388 = DIRECTION ( 'NONE',  ( 0.000000000000000000, 0.000000000000000000, -1.000000000000000000 ) ) ;
#1389 = EDGE_LOOP ( 'NONE', ( #7450, #4397, #759, #1119 ) ) ;
#1390 = CYLINDRICAL_SURFACE ( 'NONE', #2374, 0.2500000000000071609 ) ;
#1391 = DIRECTION ( 'NONE',  ( -0.000000000000000000, -1.000000000000000000, -0.000000000000000000 ) ) ;
#1392 = CARTESIAN_POINT ( 'NONE',  ( -8.500000000000001776, 4.000000000000000000, -26.99999999999999645 ) ) ;
#1393 =( LENGTH_UNIT ( ) NAMED_UNIT ( * ) SI_UNIT ( .MILLI., .METRE. ) );
#1394 = ORIENTED_EDGE ( 'NONE', *, *, #4871, .T. ) ;
#1395 = CARTESIAN_POINT ( 'NONE',  ( -94.66857178581180676, 3.813941804150938086, -14.16874208879659491 ) ) ;
#1396 = CIRCLE ( 'NONE', #8277, 2.500000000000000888 ) ;
#1397 = DIRECTION ( 'NONE',  ( 1.000000000000000000, 0.000000000000000000, 0.000000000000000000 ) ) ;
#1398 = AXIS2_PLACEMENT_3D ( 'NONE', #119, #164, #1670 ) ;
#1399 = DIRECTION ( 'NONE',  ( 0.000000000000000000, -1.000000000000000000, 0.000000000000000000 ) ) ;
#1400 = EDGE_CURVE ( 'NONE', #7658, #5382, #6484, .T. ) ;
#1401 = VERTEX_POINT ( 'NONE', #5575 ) ;
#1402 = CARTESIAN_POINT ( 'NONE',  ( -2.000000000000000000, 54.00000000000000711, -51.50000000000000711 ) ) ;
#1403 = FACE_BOUND ( 'NONE', #1061, .T. ) ;
#1404 = DIRECTION ( 'NONE',  ( 0.7893522173763266592, 0.000000000000000000, -0.6139406135149199084 ) ) ;
#1405 = CARTESIAN_POINT ( 'NONE',  ( -78.89999999999999147, 1.000000000000000000, -12.55000000000000071 ) ) ;
#1406 = VECTOR ( 'NONE', #5640, 1000.000000000000000 ) ;
#1407 = ORIENTED_EDGE ( 'NONE', *, *, #7802, .T. ) ;
#1408 = ORIENTED_EDGE ( 'NONE', *, *, #5157, .F. ) ;
#1409 = DIRECTION ( 'NONE',  ( 0.000000000000000000, 0.000000000000000000, 1.000000000000000000 ) ) ;
#1410 = VECTOR ( 'NONE', #366, 1000.000000000000000 ) ;
#1411 = EDGE_LOOP ( 'NONE', ( #6420, #8212, #7743, #6265 ) ) ;
#1412 = CIRCLE ( 'NONE', #1711, 5.500000000000000000 ) ;
#1413 = DIRECTION ( 'NONE',  ( 0.000000000000000000, 0.000000000000000000, -1.000000000000000000 ) ) ;
#1414 = DIRECTION ( 'NONE',  ( 0.000000000000000000, -1.000000000000000000, 0.000000000000000000 ) ) ;
#1415 = DIRECTION ( 'NONE',  ( 1.000000000000000000, 0.000000000000000000, 0.000000000000000000 ) ) ;
#1416 = CONICAL_SURFACE ( 'NONE', #1862, 1.500000000000001332, 0.5779019369622441227 ) ;
#1417 = EDGE_LOOP ( 'NONE', ( #166, #7234, #2906, #5979 ) ) ;
#1418 = ADVANCED_FACE ( 'NONE', ( #7613 ), #4285, .F. ) ;
#1419 = ORIENTED_EDGE ( 'NONE', *, *, #7116, .T. ) ;
#1420 = DIRECTION ( 'NONE',  ( 0.000000000000000000, 0.000000000000000000, 1.000000000000000000 ) ) ;
#1421 = DIRECTION ( 'NONE',  ( 0.000000000000000000, 0.000000000000000000, -1.000000000000000000 ) ) ;
#1422 = CARTESIAN_POINT ( 'NONE',  ( 44.99999999999995737, 10.00000000000002665, -2.000000000000039968 ) ) ;
#1423 = DIRECTION ( 'NONE',  ( -1.000000000000000000, 0.000000000000000000, 0.000000000000000000 ) ) ;
#1424 = ORIENTED_EDGE ( 'NONE', *, *, #9061, .T. ) ;
#1425 = FACE_OUTER_BOUND ( 'NONE', #4311, .T. ) ;
#1426 = ORIENTED_EDGE ( 'NONE', *, *, #412, .T. ) ;
#1427 = PLANE ( 'NONE',  #3023 ) ;
#1428 = CARTESIAN_POINT ( 'NONE',  ( -6.990325341823533378, 3.999999999999998224, -52.99459477901500293 ) ) ;
#1429 = CIRCLE ( 'NONE', #3476, 46.00000000000000000 ) ;
#1430 = DIRECTION ( 'NONE',  ( 0.000000000000000000, 0.000000000000000000, 1.000000000000000000 ) ) ;
#1431 = ORIENTED_EDGE ( 'NONE', *, *, #2418, .T. ) ;
#1432 = DIRECTION ( 'NONE',  ( 0.000000000000000000, 1.000000000000000000, 0.000000000000000000 ) ) ;
#1433 = DIRECTION ( 'NONE',  ( 1.000000000000000000, 0.000000000000000000, -0.000000000000000000 ) ) ;
#1434 =( BOUNDED_SURFACE ( )  B_SPLINE_SURFACE ( 3, 2, ( 
 ( #1785, #4642, #8112 ),
 ( #8068, #5229, #461 ),
 ( #7435, #4542, #1157 ),
 ( #4496, #4585, #848 ),
 ( #7987, #8847, #8712 ),
 ( #3172, #1700, #8659 ) ),
 .UNSPECIFIED., .F., .F., .F. ) 
 B_SPLINE_SURFACE_WITH_KNOTS ( ( 4, 2, 4 ),
 ( 3, 3 ),
 ( 0.004287836223634321729, 0.005387099841244503973, 0.006486363458854687083 ),
 ( 0.000000000000000000, 1.000000000000000000 ),
 .UNSPECIFIED. ) 
 GEOMETRIC_REPRESENTATION_ITEM ( )  RATIONAL_B_SPLINE_SURFACE ( (
 ( 1.000000000000000000, 0.7758446568967888313, 1.000000000000000000),
 ( 1.000000000000000000, 0.7753227318895861142, 1.000000000000000000),
 ( 1.000000000000000000, 0.7686577635854809909, 1.000000000000000000),
 ( 1.000000000000000000, 0.7450089274789575278, 1.000000000000000000),
 ( 1.000000000000000000, 0.7279975162778516973, 1.000000000000000000),
 ( 1.000000000000000000, 0.7071067811865490160, 1.000000000000000000) ) ) 
 REPRESENTATION_ITEM ( '' )  SURFACE ( )  );
#1435 = CARTESIAN_POINT ( 'NONE',  ( 44.00000000000000000, 7.035533905932730647, 6.000000000000000000 ) ) ;
#1436 = DIRECTION ( 'NONE',  ( 0.000000000000000000, 0.000000000000000000, 1.000000000000000000 ) ) ;
#1437 = ORIENTED_EDGE ( 'NONE', *, *, #498, .F. ) ;
#1438 = CARTESIAN_POINT ( 'NONE',  ( 47.44824417214310586, 5.412661635809703498, -6.587338364190292062 ) ) ;
#1439 = FACE_BOUND ( 'NONE', #9005, .T. ) ;
#1440 = VERTEX_POINT ( 'NONE', #9025 ) ;
#1441 = CARTESIAN_POINT ( 'NONE',  ( 38.99999999999999289, 3.833282085345066204, 9.477686090023084375 ) ) ;
#1442 = EDGE_LOOP ( 'NONE', ( #362, #8932, #2559, #3019 ) ) ;
#1443 = DIRECTION ( 'NONE',  ( -0.000000000000000000, -1.000000000000000000, -0.000000000000000000 ) ) ;
#1444 = CARTESIAN_POINT ( 'NONE',  ( 0.000000000000000000, 54.00000000000000711, 0.000000000000000000 ) ) ;
#1445 = CARTESIAN_POINT ( 'NONE',  ( -8.000000000000000000, 0.4999999999999730216, 25.00000000000000000 ) ) ;
#1446 = EDGE_CURVE ( 'NONE', #6018, #4957, #340, .T. ) ;
#1447 = ORIENTED_EDGE ( 'NONE', *, *, #7183, .T. ) ;
#1448 = CARTESIAN_POINT ( 'NONE',  ( -5.616384920805909786, 4.000000000000000000, 57.00000000000000000 ) ) ;
#1449 = EDGE_LOOP ( 'NONE', ( #6483, #3467, #7472, #2175 ) ) ;
#1450 = ORIENTED_EDGE ( 'NONE', *, *, #5293, .F. ) ;
#1451 = CARTESIAN_POINT ( 'NONE',  ( -53.48771061000000060, 0.000000000000000000, -53.48771061000000060 ) ) ;
#1452 = VERTEX_POINT ( 'NONE', #682 ) ;
#1453 = DIRECTION ( 'NONE',  ( 0.000000000000000000, 1.000000000000000000, 0.000000000000000000 ) ) ;
#1454 = LINE ( 'NONE', #175, #3722 ) ;
#1455 = CARTESIAN_POINT ( 'NONE',  ( 0.000000000000000000, 1.000000000000000000, 0.000000000000000000 ) ) ;
#1456 = EDGE_CURVE ( 'NONE', #7026, #6710, #8974, .T. ) ;
#1457 = EDGE_CURVE ( 'NONE', #1035, #6990, #7364, .T. ) ;
#1458 = VERTEX_POINT ( 'NONE', #8246 ) ;
#1459 = ADVANCED_FACE ( 'NONE', ( #3348 ), #1800, .F. ) ;
#1460 = EDGE_CURVE ( 'NONE', #5965, #7922, #2673, .T. ) ;
#1461 = ORIENTED_EDGE ( 'NONE', *, *, #3884, .F. ) ;
#1462 = DIRECTION ( 'NONE',  ( -0.000000000000000000, -1.000000000000000000, -0.000000000000000000 ) ) ;
#1463 = CARTESIAN_POINT ( 'NONE',  ( -35.00000000000000000, 4.000000000000000000, -1.500000000000000000 ) ) ;
#1464 = CARTESIAN_POINT ( 'NONE',  ( 20.00000000000000000, 0.000000000000000000, 0.000000000000000000 ) ) ;
#1465 = CYLINDRICAL_SURFACE ( 'NONE', #1703, 2.500000000000000444 ) ;
#1466 = EDGE_LOOP ( 'NONE', ( #4862, #8704, #1692, #6289 ) ) ;
#1467 = DIRECTION ( 'NONE',  ( 0.000000000000000000, 1.000000000000000000, 0.000000000000000000 ) ) ;
#1468 = ORIENTED_EDGE ( 'NONE', *, *, #6739, .F. ) ;
#1469 = DIRECTION ( 'NONE',  ( 0.000000000000000000, -1.000000000000000000, 0.000000000000000000 ) ) ;
#1470 = DIRECTION ( 'NONE',  ( 0.000000000000000000, -1.000000000000000000, 0.000000000000000000 ) ) ;
#1471 = CYLINDRICAL_SURFACE ( 'NONE', #250, 1.249999999999999334 ) ;
#1472 = ORIENTED_EDGE ( 'NONE', *, *, #4821, .T. ) ;
#1473 = CARTESIAN_POINT ( 'NONE',  ( -95.37740409499218686, 4.000000000000000000, 28.33212343854049919 ) ) ;
#1474 = CARTESIAN_POINT ( 'NONE',  ( -87.00000000000000000, 4.000000000000000000, -4.500000000000000000 ) ) ;
#1475 = DIRECTION ( 'NONE',  ( 0.000000000000000000, 0.000000000000000000, 1.000000000000000000 ) ) ;
#1476 = DIRECTION ( 'NONE',  ( 0.000000000000000000, 0.000000000000000000, 1.000000000000000000 ) ) ;
#1477 = ORIENTED_EDGE ( 'NONE', *, *, #5835, .T. ) ;
#1478 = CARTESIAN_POINT ( 'NONE',  ( 51.49975572909922050, 10.81960246434875472, -1.180397535651326990 ) ) ;
#1479 = CARTESIAN_POINT ( 'NONE',  ( 43.79521196805579564, 3.500000000000041300, -8.499999999999923617 ) ) ;
#1480 = ORIENTED_EDGE ( 'NONE', *, *, #8575, .T. ) ;
#1481 = CARTESIAN_POINT ( 'NONE',  ( 38.99999999999999289, 3.499999999999999556, -9.828733969669849913 ) ) ;
#1482 = EDGE_LOOP ( 'NONE', ( #7827, #5458, #7906, #7931, #5319 ) ) ;
#1483 = CARTESIAN_POINT ( 'NONE',  ( 8.000000000000000000, 3.500000000000000000, 25.00000000000000000 ) ) ;
#1484 = DIRECTION ( 'NONE',  ( 0.000000000000000000, 0.000000000000000000, -1.000000000000000000 ) ) ;
#1485 = DIRECTION ( 'NONE',  ( 0.000000000000000000, 0.000000000000000000, -1.000000000000000000 ) ) ;
#1486 = EDGE_CURVE ( 'NONE', #8559, #7535, #6232, .T. ) ;
#1487 = EDGE_LOOP ( 'NONE', ( #143, #238, #8235, #2549 ) ) ;
#1488 = DIRECTION ( 'NONE',  ( -1.000000000000000000, 0.000000000000000000, 0.000000000000000000 ) ) ;
#1489 = EDGE_LOOP ( 'NONE', ( #4709, #6508, #3935, #8605 ) ) ;
#1490 = EDGE_CURVE ( 'NONE', #1401, #7818, #8331, .T. ) ;
#1491 = ORIENTED_EDGE ( 'NONE', *, *, #1070, .F. ) ;
#1492 = DIRECTION ( 'NONE',  ( 0.000000000000000000, -1.000000000000000000, 0.000000000000000000 ) ) ;
#1493 = ORIENTED_EDGE ( 'NONE', *, *, #4087, .T. ) ;
#1494 = DIRECTION ( 'NONE',  ( 0.000000000000000000, 1.000000000000000000, 0.000000000000000000 ) ) ;
#1495 = AXIS2_PLACEMENT_3D ( 'NONE', #7808, #743, #2251 ) ;
#1497 = DIRECTION ( 'NONE',  ( -0.000000000000000000, -1.000000000000000000, 0.000000000000000000 ) ) ;
#1496 = AXIS2_PLACEMENT_3D ( 'NONE', #4982, #7784, #7041 ) ;
#1498 = LINE ( 'NONE', #7192, #2820 ) ;
#1499 = ORIENTED_EDGE ( 'NONE', *, *, #4550, .F. ) ;
#1500 = CONICAL_SURFACE ( 'NONE', #8676, 1.500000000000001332, 0.7853981633974715937 ) ;
#1501 = AXIS2_PLACEMENT_3D ( 'NONE', #506, #2615, #3253 ) ;
#1502 = ORIENTED_EDGE ( 'NONE', *, *, #3254, .F. ) ;
#1503 = CARTESIAN_POINT ( 'NONE',  ( 8.000000000000000000, 3.500000000000000000, 21.00000000000000000 ) ) ;
#1504 = CARTESIAN_POINT ( 'NONE',  ( 48.99986676132684238, 12.58736941731511294, 2.971726084700566428 ) ) ;
#1505 = ADVANCED_FACE ( 'NONE', ( #1322 ), #2780, .F. ) ;
#1506 = DIRECTION ( 'NONE',  ( 0.000000000000000000, 0.000000000000000000, 1.000000000000000000 ) ) ;
#1507 = CARTESIAN_POINT ( 'NONE',  ( 4.890069851683661817, 6.483365955755253651, 53.83140453016753924 ) ) ;
#1508 = AXIS2_PLACEMENT_3D ( 'NONE', #7611, #8292, #2647 ) ;
#1509 = VERTEX_POINT ( 'NONE', #630 ) ;
#1510 = CARTESIAN_POINT ( 'NONE',  ( -7.611023491189009782, 3.500000000000000000, -56.85365460874999854 ) ) ;
#1511 = AXIS2_PLACEMENT_3D ( 'NONE', #1455, #4252, #5084 ) ;
#1512 = ORIENTED_EDGE ( 'NONE', *, *, #4506, .F. ) ;
#1513 = CARTESIAN_POINT ( 'NONE',  ( -83.75000000000000000, 1.000000000000000000, -8.250000000000000000 ) ) ;
#1514 = VECTOR ( 'NONE', #2810, 1000.000000000000000 ) ;
#1515 = CARTESIAN_POINT ( 'NONE',  ( 4.738688829644940981, 6.499999999999999112, 54.22457482187821398 ) ) ;
#1516 = DIRECTION ( 'NONE',  ( 0.000000000000000000, -1.000000000000000000, 0.000000000000000000 ) ) ;
#1517 = VERTEX_POINT ( 'NONE', #8206 ) ;
#1518 = VECTOR ( 'NONE', #5083, 1000.000000000000114 ) ;
#1519 = DIRECTION ( 'NONE',  ( 0.000000000000000000, 0.000000000000000000, 1.000000000000000000 ) ) ;
#1520 = DIRECTION ( 'NONE',  ( -1.000000000000000000, 0.000000000000000000, 0.000000000000000000 ) ) ;
#1521 = CARTESIAN_POINT ( 'NONE',  ( -4.999999999999991118, 6.446629909180638052, 53.21218636201273711 ) ) ;
#1522 = CARTESIAN_POINT ( 'NONE',  ( 8.000000000000000000, 2.399999999999999911, -31.44999999999999929 ) ) ;
#1523 = ORIENTED_EDGE ( 'NONE', *, *, #7507, .F. ) ;
#1524 = CARTESIAN_POINT ( 'NONE',  ( 1.243439575949558946E-16, 4.000000000000000000, 47.99999999999999289 ) ) ;
#1525 = AXIS2_PLACEMENT_3D ( 'NONE', #3133, #6663, #8043 ) ;
#1526 = VECTOR ( 'NONE', #996, 1000.000000000000000 ) ;
#1527 = ADVANCED_FACE ( 'NONE', ( #728 ), #2094, .T. ) ;
#1528 = VECTOR ( 'NONE', #8124, 1000.000000000000000 ) ;
#1529 = CARTESIAN_POINT ( 'NONE',  ( -87.00000000000000000, 1.000000000000000000, -10.25000000000000000 ) ) ;
#1530 = ORIENTED_EDGE ( 'NONE', *, *, #3170, .F. ) ;
#1531 = CARTESIAN_POINT ( 'NONE',  ( 0.000000000000000000, 4.000000000000000000, -59.00000000000000000 ) ) ;
#1532 = ORIENTED_EDGE ( 'NONE', *, *, #8046, .T. ) ;
#1533 = EDGE_CURVE ( 'NONE', #1401, #6706, #4847, .T. ) ;
#1534 = CARTESIAN_POINT ( 'NONE',  ( 43.64558429249581195, 4.732233047033645335, 7.267766952966340455 ) ) ;
#1535 = AXIS2_PLACEMENT_3D ( 'NONE', #1743, #5315, #2515 ) ;
#1536 = AXIS2_PLACEMENT_3D ( 'NONE', #6600, #3847, #8226 ) ;
#1537 = DIRECTION ( 'NONE',  ( 0.000000000000000000, 0.000000000000000000, 1.000000000000000000 ) ) ;
#1538 = DIRECTION ( 'NONE',  ( 0.000000000000000000, 0.000000000000000000, 1.000000000000000000 ) ) ;
#1539 = EDGE_LOOP ( 'NONE', ( #486, #7852, #4161, #5346 ) ) ;
#1540 = DIRECTION ( 'NONE',  ( 0.000000000000000000, -1.000000000000000000, 0.000000000000000000 ) ) ;
#1541 = ORIENTED_EDGE ( 'NONE', *, *, #4102, .T. ) ;
#1542 = AXIS2_PLACEMENT_3D ( 'NONE', #8361, #6347, #2127 ) ;
#1543 = VECTOR ( 'NONE', #3970, 1000.000000000000000 ) ;
#1544 = EDGE_LOOP ( 'NONE', ( #1628, #5709, #4154, #3089 ) ) ;
#1545 = CARTESIAN_POINT ( 'NONE',  ( -94.80305753050039641, 4.000000000000000000, 16.31905027042929746 ) ) ;
#1546 = EDGE_LOOP ( 'NONE', ( #5993, #2035, #7770, #8414 ) ) ;
#1547 = CARTESIAN_POINT ( 'NONE',  ( -8.500000000000001776, 2.399999999999999911, -26.99999999999999645 ) ) ;
#1548 = AXIS2_PLACEMENT_3D ( 'NONE', #1337, #3531, #6935 ) ;
#1549 = LINE ( 'NONE', #909, #4448 ) ;
#1550 = CARTESIAN_POINT ( 'NONE',  ( 1.836970198721025250E-16, 4.000000000000000000, 46.50000000000000000 ) ) ;
#1551 = ORIENTED_EDGE ( 'NONE', *, *, #414, .F. ) ;
#1552 = ORIENTED_EDGE ( 'NONE', *, *, #5321, .F. ) ;
#1553 = VECTOR ( 'NONE', #5628, 999.9999999999998863 ) ;
#1554 = VECTOR ( 'NONE', #3627, 1000.000000000000000 ) ;
#1555 = ORIENTED_EDGE ( 'NONE', *, *, #7512, .T. ) ;
#1556 = CARTESIAN_POINT ( 'NONE',  ( 0.2012499999999904921, 0.000000000000000000, -30.45000000000000284 ) ) ;
#1557 = CARTESIAN_POINT ( 'NONE',  ( 47.06760354168125815, 6.136703253154999871, 5.863296746846342167 ) ) ;
#1558 = DIRECTION ( 'NONE',  ( 0.000000000000000000, 1.000000000000000000, 0.000000000000000000 ) ) ;
#1559 = CARTESIAN_POINT ( 'NONE',  ( -70.50000000000000000, 4.000000000000000000, 1.999999999999999112 ) ) ;
#1560 = EDGE_LOOP ( 'NONE', ( #5087, #279, #221, #5944 ) ) ;
#1561 = CARTESIAN_POINT ( 'NONE',  ( 5.250000000000000000, -4.200000000000000178, -27.00000000000000000 ) ) ;
#1562 = CIRCLE ( 'NONE', #6545, 2.500000000000000444 ) ;
#1563 = VECTOR ( 'NONE', #4795, 1000.000000000000000 ) ;
#1564 = EDGE_LOOP ( 'NONE', ( #5316, #44, #8726, #5069 ) ) ;
#1565 = CARTESIAN_POINT ( 'NONE',  ( -5.616384920805909786, 0.000000000000000000, 58.50000000000000000 ) ) ;
#1566 = CARTESIAN_POINT ( 'NONE',  ( -4.890069851683654711, 6.483365955755253651, -53.83140453016753213 ) ) ;
#1567 = DIRECTION ( 'NONE',  ( 1.000000000000000000, 0.000000000000000000, 0.000000000000000000 ) ) ;
#1568 = AXIS2_PLACEMENT_3D ( 'NONE', #5097, #4266, #5589 ) ;
#1569 = ORIENTED_EDGE ( 'NONE', *, *, #8681, .F. ) ;
#1570 = CARTESIAN_POINT ( 'NONE',  ( 48.10097199311508831, 5.572915052943929304, -6.427084947056069808 ) ) ;
#1571 = CARTESIAN_POINT ( 'NONE',  ( 37.96446609406726935, 6.500000000000000888, 0.000000000000000000 ) ) ;
#1572 = DIRECTION ( 'NONE',  ( 0.000000000000000000, -0.000000000000000000, 1.000000000000000000 ) ) ;
#1573 = ORIENTED_EDGE ( 'NONE', *, *, #4223, .T. ) ;
#1574 = CARTESIAN_POINT ( 'NONE',  ( 41.87867965644035451, 8.646446609406746475, -5.121320343559642829 ) ) ;
#1575 = EDGE_CURVE ( 'NONE', #4746, #1300, #6309, .T. ) ;
#1576 = CIRCLE ( 'NONE', #1283, 46.49999999999997868 ) ;
#1577 = ADVANCED_FACE ( 'NONE', ( #5034 ), #132, .F. ) ;
#1578 = DIRECTION ( 'NONE',  ( 0.000000000000000000, 1.000000000000000000, 0.000000000000000000 ) ) ;
#1579 = ORIENTED_EDGE ( 'NONE', *, *, #8315, .F. ) ;
#1580 = EDGE_CURVE ( 'NONE', #1591, #3663, #2879, .T. ) ;
#1581 = DIRECTION ( 'NONE',  ( 0.000000000000000000, 1.000000000000000000, 0.000000000000000000 ) ) ;
#1582 = ORIENTED_EDGE ( 'NONE', *, *, #2969, .F. ) ;
#1583 = EDGE_CURVE ( 'NONE', #2372, #3355, #8427, .T. ) ;
#1584 = CARTESIAN_POINT ( 'NONE',  ( 0.000000000000000000, 4.000000000000000000, 9.035533905932723542 ) ) ;
#1585 = DIRECTION ( 'NONE',  ( 0.000000000000000000, 1.000000000000000000, 0.000000000000000000 ) ) ;
#1586 = DIRECTION ( 'NONE',  ( 1.000000000000000000, -0.000000000000000000, 0.000000000000000000 ) ) ;
#1587 = ORIENTED_EDGE ( 'NONE', *, *, #5972, .T. ) ;
#1588 = FACE_OUTER_BOUND ( 'NONE', #5714, .T. ) ;
#1589 = EDGE_CURVE ( 'NONE', #6018, #4915, #3267, .T. ) ;
#1590 = ORIENTED_EDGE ( 'NONE', *, *, #3005, .T. ) ;
#1591 = VERTEX_POINT ( 'NONE', #5712 ) ;
#1592 = CARTESIAN_POINT ( 'NONE',  ( -91.41851592179749275, 3.500000000000000000, 27.46360623735135320 ) ) ;
#1593 = ORIENTED_EDGE ( 'NONE', *, *, #2581, .F. ) ;
#1594 = DIRECTION ( 'NONE',  ( -0.6185368711514638296, -0.6185368711514638296, -0.4845867084973698447 ) ) ;
#1595 = CARTESIAN_POINT ( 'NONE',  ( -2.000000000000000000, 52.50000000000000711, -51.50000000000000711 ) ) ;
#1596 = CARTESIAN_POINT ( 'NONE',  ( 2.000000000000000000, 52.50000000000000711, -53.00000000000000000 ) ) ;
#1597 = ORIENTED_EDGE ( 'NONE', *, *, #6812, .T. ) ;
#1598 = ORIENTED_EDGE ( 'NONE', *, *, #2790, .T. ) ;
#1599 = ORIENTED_EDGE ( 'NONE', *, *, #1935, .T. ) ;
#1600 = CARTESIAN_POINT ( 'NONE',  ( -3.673940397442064798E-16, 4.000000000000000000, -42.00000000000000000 ) ) ;
#1601 = CARTESIAN_POINT ( 'NONE',  ( 48.92828181434479262, 11.13782398711731503, 3.762387228445362997 ) ) ;
#1602 = CARTESIAN_POINT ( 'NONE',  ( -8.000000000000000000, 4.000000000000000000, -20.50000000000000000 ) ) ;
#1603 = CARTESIAN_POINT ( 'NONE',  ( 4.977472311430791052, 6.456637480609306756, 53.42236935856773528 ) ) ;
#1604 = ORIENTED_EDGE ( 'NONE', *, *, #7178, .F. ) ;
#1605 = CARTESIAN_POINT ( 'NONE',  ( 40.26776695296638309, 5.267766952966383087, -3.000000000000000888 ) ) ;
#1606 = ORIENTED_EDGE ( 'NONE', *, *, #7728, .F. ) ;
#1607 = CARTESIAN_POINT ( 'NONE',  ( 40.26776695296639730, 5.267766952966383087, -4.032919260252334048 ) ) ;
#1608 = DIRECTION ( 'NONE',  ( 0.000000000000000000, 0.000000000000000000, 1.000000000000000000 ) ) ;
#1609 = EDGE_CURVE ( 'NONE', #7641, #3391, #871, .T. ) ;
#1610 = EDGE_LOOP ( 'NONE', ( #2487, #2210, #3720, #4565 ) ) ;
#1611 = FACE_OUTER_BOUND ( 'NONE', #1668, .T. ) ;
#1612 = CARTESIAN_POINT ( 'NONE',  ( -78.89999999999999147, 4.000000000000000000, 7.500000000000000000 ) ) ;
#1613 = DIRECTION ( 'NONE',  ( 0.000000000000000000, 0.000000000000000000, -1.000000000000000000 ) ) ;
#1614 = ORIENTED_EDGE ( 'NONE', *, *, #6153, .F. ) ;
#1615 = CARTESIAN_POINT ( 'NONE',  ( 0.6490751646322182600, 4.370759469249280826, 50.00000000000000000 ) ) ;
#1616 = CARTESIAN_POINT ( 'NONE',  ( 53.48771061000000060, 4.000000000000000000, -53.48771061000000060 ) ) ;
#1617 = DIRECTION ( 'NONE',  ( 0.000000000000000000, 0.000000000000000000, -1.000000000000000000 ) ) ;
#1618 = DIRECTION ( 'NONE',  ( 1.000000000000000000, 0.000000000000000000, 0.000000000000000000 ) ) ;
#1619 = VERTEX_POINT ( 'NONE', #7238 ) ;
#1620 = CARTESIAN_POINT ( 'NONE',  ( -92.00000000000000000, 4.000000000000000000, 15.25000000000000000 ) ) ;
#1621 = ADVANCED_FACE ( 'NONE', ( #7045 ), #2282, .F. ) ;
#1622 = CARTESIAN_POINT ( 'NONE',  ( 0.000000000000000000, 0.000000000000000000, 45.00000000000000000 ) ) ;
#1623 = FACE_OUTER_BOUND ( 'NONE', #3163, .T. ) ;
#1624 = EDGE_CURVE ( 'NONE', #2949, #8190, #6776, .T. ) ;
#1625 = ADVANCED_FACE ( 'NONE', ( #2143, #5124, #3758, #6364 ), #3619, .T. ) ;
#1626 = LINE ( 'NONE', #7960, #5751 ) ;
#1627 = EDGE_CURVE ( 'NONE', #5287, #3157, #348, .T. ) ;
#1628 = ORIENTED_EDGE ( 'NONE', *, *, #3060, .T. ) ;
#1629 = VERTEX_POINT ( 'NONE', #4987 ) ;
#1630 = EDGE_CURVE ( 'NONE', #1637, #1300, #1498, .T. ) ;
#1631 = DIRECTION ( 'NONE',  ( 1.000000000000000000, -0.000000000000000000, 0.000000000000000000 ) ) ;
#1632 = ORIENTED_EDGE ( 'NONE', *, *, #5945, .T. ) ;
#1633 = CARTESIAN_POINT ( 'NONE',  ( -6.997903490875247101, 4.000000000035012881, 54.53168401791840836 ) ) ;
#1634 = DIRECTION ( 'NONE',  ( 0.000000000000000000, -0.7071067811865574537, -0.7071067811865374697 ) ) ;
#1635 = DIRECTION ( 'NONE',  ( 1.000000000000000000, 0.000000000000000000, -0.000000000000000000 ) ) ;
#1636 = ADVANCED_FACE ( 'NONE', ( #2226 ), #3713, .T. ) ;
#1637 = VERTEX_POINT ( 'NONE', #6555 ) ;
#1638 = EDGE_CURVE ( 'NONE', #8071, #8555, #2393, .T. ) ;
#1639 = ORIENTED_EDGE ( 'NONE', *, *, #908, .F. ) ;
#1640 = ORIENTED_EDGE ( 'NONE', *, *, #6563, .T. ) ;
#1641 = AXIS2_PLACEMENT_3D ( 'NONE', #7423, #8313, #7591 ) ;
#1642 = FACE_OUTER_BOUND ( 'NONE', #1066, .T. ) ;
#1643 = CARTESIAN_POINT ( 'NONE',  ( 51.36851665963094860, 9.370057034151392017, 2.629942965848663938 ) ) ;
#1644 = CONICAL_SURFACE ( 'NONE', #6320, 6.000000000000000000, 0.7853981633974758125 ) ;
#1645 = ADVANCED_FACE ( 'NONE', ( #4394 ), #176, .T. ) ;
#1646 = DIRECTION ( 'NONE',  ( 0.000000000000000000, -0.000000000000000000, -1.000000000000000000 ) ) ;
#1647 = DIRECTION ( 'NONE',  ( 0.000000000000000000, 0.000000000000000000, 1.000000000000000000 ) ) ;
#1648 = EDGE_CURVE ( 'NONE', #4683, #6378, #7524, .T. ) ;
#1649 = ORIENTED_EDGE ( 'NONE', *, *, #1775, .F. ) ;
#1650 = CARTESIAN_POINT ( 'NONE',  ( 41.07903346336928507, 7.180428588776403664, -3.789951366623529161 ) ) ;
#1651 = VECTOR ( 'NONE', #8985, 1000.000000000000000 ) ;
#1652 = VERTEX_POINT ( 'NONE', #225 ) ;
#1653 = DIRECTION ( 'NONE',  ( 0.000000000000000000, 0.000000000000000000, 1.000000000000000000 ) ) ;
#1654 = DIRECTION ( 'NONE',  ( 0.000000000000000000, 0.000000000000000000, -1.000000000000000000 ) ) ;
#1655 = ORIENTED_EDGE ( 'NONE', *, *, #4609, .T. ) ;
#1656 = CARTESIAN_POINT ( 'NONE',  ( 7.611023491189009782, 0.5000000000000071054, -56.85365460874999854 ) ) ;
#1657 = LINE ( 'NONE', #2350, #5941 ) ;
#1658 = AXIS2_PLACEMENT_3D ( 'NONE', #8330, #4762, #1279 ) ;
#1659 = EDGE_CURVE ( 'NONE', #6271, #2988, #2092, .T. ) ;
#1660 = DIRECTION ( 'NONE',  ( 0.000000000000000000, -1.000000000000000000, 0.000000000000000000 ) ) ;
#1661 = VERTEX_POINT ( 'NONE', #958 ) ;
#1662 = CARTESIAN_POINT ( 'NONE',  ( 1.221082318445197545, 4.230482043440066953, 50.00000000000001421 ) ) ;
#1663 = FACE_OUTER_BOUND ( 'NONE', #3165, .T. ) ;
#1664 = AXIS2_PLACEMENT_3D ( 'NONE', #8228, #8282, #4707 ) ;
#1665 = B_SPLINE_CURVE_WITH_KNOTS ( 'NONE', 3,
 ( #373, #322, #5966, #463, #3990, #6782 ),
 .UNSPECIFIED., .F., .F.,
 ( 4, 2, 4 ),
 ( 0.000000000000000000, 0.001312625903070055791, 0.002625251806140111582 ),
 .UNSPECIFIED. ) ;
#1666 = DIRECTION ( 'NONE',  ( 0.000000000000000000, -1.000000000000000000, 0.000000000000000000 ) ) ;
#1667 = AXIS2_PLACEMENT_3D ( 'NONE', #8013, #6627, #8827 ) ;
#1668 = EDGE_LOOP ( 'NONE', ( #6436, #5265, #6431, #4381, #6697, #1226, #6237, #8714 ) ) ;
#1669 = CARTESIAN_POINT ( 'NONE',  ( 39.84022050117850000, 4.000000000000000000, 9.035533905932723542 ) ) ;
#1670 = DIRECTION ( 'NONE',  ( 0.000000000000000000, 0.000000000000000000, 1.000000000000000000 ) ) ;
#1672 = DIRECTION ( 'NONE',  ( -0.4081916072927396222, 1.291321562393890480E-15, -0.9128962765483107367 ) ) ;
#1671 = CIRCLE ( 'NONE', #643, 1.500000000000001332 ) ;
#1673 = AXIS2_PLACEMENT_3D ( 'NONE', #8010, #3746, #7180 ) ;
#1674 = AXIS2_PLACEMENT_3D ( 'NONE', #7484, #4687, #3913 ) ;
#1675 = DIRECTION ( 'NONE',  ( 0.000000000000000000, 0.000000000000000000, 1.000000000000000000 ) ) ;
#1676 = ORIENTED_EDGE ( 'NONE', *, *, #2194, .F. ) ;
#1677 = EDGE_CURVE ( 'NONE', #2169, #2325, #1687, .T. ) ;
#1678 = VECTOR ( 'NONE', #2595, 1000.000000000000000 ) ;
#1679 = B_SPLINE_CURVE_WITH_KNOTS ( 'NONE', 3,
 ( #5921, #8810, #432, #7309, #4456, #1753, #8667, #3959, #327, #3129 ),
 .UNSPECIFIED., .F., .F.,
 ( 4, 2, 2, 2, 4 ),
 ( 0.000000000000000000, 0.0007189565006746167618, 0.001437913001349233524, 0.002156869502023850069, 0.002875826002698467047 ),
 .UNSPECIFIED. ) ;
#1680 = CIRCLE ( 'NONE', #2416, 1.500000000000001332 ) ;
#1681 = VERTEX_POINT ( 'NONE', #3110 ) ;
#1682 = DIRECTION ( 'NONE',  ( 0.000000000000000000, 0.000000000000000000, 1.000000000000000000 ) ) ;
#1683 = VERTEX_POINT ( 'NONE', #7374 ) ;
#1684 = LINE ( 'NONE', #7970, #8114 ) ;
#1685 = DIRECTION ( 'NONE',  ( 0.000000000000000000, 0.000000000000000000, -1.000000000000000000 ) ) ;
#1686 = AXIS2_PLACEMENT_3D ( 'NONE', #8748, #2470, #5261 ) ;
#1687 = LINE ( 'NONE', #3895, #932 ) ;
#1688 = AXIS2_PLACEMENT_3D ( 'NONE', #3099, #4469, #5113 ) ;
#1689 = ORIENTED_EDGE ( 'NONE', *, *, #8752, .T. ) ;
#1690 = VECTOR ( 'NONE', #883, 1000.000000000000000 ) ;
#1691 = EDGE_CURVE ( 'NONE', #1185, #5395, #271, .T. ) ;
#1692 = ORIENTED_EDGE ( 'NONE', *, *, #2462, .F. ) ;
#1693 = EDGE_CURVE ( 'NONE', #4029, #2807, #7819, .T. ) ;
#1694 = VERTEX_POINT ( 'NONE', #7469 ) ;
#1695 = DIRECTION ( 'NONE',  ( 1.000000000000000000, 0.000000000000000000, 0.000000000000000000 ) ) ;
#1696 = FACE_OUTER_BOUND ( 'NONE', #3965, .T. ) ;
#1697 = CIRCLE ( 'NONE', #2433, 1.499999999999999556 ) ;
#1698 = DIRECTION ( 'NONE',  ( 0.000000000000000000, 1.000000000000000000, -0.000000000000000000 ) ) ;
#1699 = CARTESIAN_POINT ( 'NONE',  ( 6.987089219394754025, 3.999999999964994224, 53.77798064943715417 ) ) ;
#1700 = CARTESIAN_POINT ( 'NONE',  ( 4.761394580298133228, 4.000000000000009770, 51.82752399943531429 ) ) ;
#1701 = ORIENTED_EDGE ( 'NONE', *, *, #713, .T. ) ;
#1702 = DIRECTION ( 'NONE',  ( 0.000000000000000000, -1.000000000000000000, 0.000000000000000000 ) ) ;
#1703 = AXIS2_PLACEMENT_3D ( 'NONE', #3389, #1423, #8943 ) ;
#1704 = ORIENTED_EDGE ( 'NONE', *, *, #5985, .F. ) ;
#1705 = DIRECTION ( 'NONE',  ( -1.000000000000000000, 0.000000000000000000, 0.000000000000000000 ) ) ;
#1706 = CARTESIAN_POINT ( 'NONE',  ( 35.00000000000000000, 1.699999999999999956, -1.500000000000000000 ) ) ;
#1707 = VERTEX_POINT ( 'NONE', #5217 ) ;
#1708 = CARTESIAN_POINT ( 'NONE',  ( -1.227885085548884980, 4.000000001861577559, -47.75345053984010946 ) ) ;
#1709 = DIRECTION ( 'NONE',  ( 0.000000000000000000, 0.000000000000000000, -1.000000000000000000 ) ) ;
#1710 = CIRCLE ( 'NONE', #6834, 6.451250000000001705 ) ;
#1711 = AXIS2_PLACEMENT_3D ( 'NONE', #6471, #8626, #1608 ) ;
#1712 = VERTEX_POINT ( 'NONE', #5857 ) ;
#1713 = CARTESIAN_POINT ( 'NONE',  ( 9.629649721936179265E-32, 6.449489742783177881, 50.00000000000000000 ) ) ;
#1714 = CARTESIAN_POINT ( 'NONE',  ( -1.658312395177696352, 6.499999999999999112, -50.00000000000000000 ) ) ;
#1715 = CIRCLE ( 'NONE', #4658, 2.499999999999998668 ) ;
#1716 = CARTESIAN_POINT ( 'NONE',  ( 4.738688829644940981, 6.499999999999999112, 54.22457482187821398 ) ) ;
#1717 = CARTESIAN_POINT ( 'NONE',  ( -93.06768137013648357, 0.5000000000000071054, 26.33212343854054893 ) ) ;
#1718 = ORIENTED_EDGE ( 'NONE', *, *, #946, .T. ) ;
#1719 = DIRECTION ( 'NONE',  ( 0.000000000000000000, 0.000000000000000000, 1.000000000000000000 ) ) ;
#1720 = LINE ( 'NONE', #3971, #4913 ) ;
#1721 = PLANE ( 'NONE',  #6656 ) ;
#1722 = CIRCLE ( 'NONE', #6709, 3.000000000000002665 ) ;
#1723 = VECTOR ( 'NONE', #6716, 1000.000000000000000 ) ;
#1724 = CARTESIAN_POINT ( 'NONE',  ( 43.60487178062292202, 7.035533905933987420, -6.000000000000000000 ) ) ;
#1725 = ORIENTED_EDGE ( 'NONE', *, *, #6106, .T. ) ;
#1726 = CARTESIAN_POINT ( 'NONE',  ( 48.99999999999999289, -22.05484177649363176, -7.217068779995491568 ) ) ;
#1727 = ORIENTED_EDGE ( 'NONE', *, *, #4343, .F. ) ;
#1728 = LINE ( 'NONE', #7967, #5586 ) ;
#1729 = EDGE_LOOP ( 'NONE', ( #5259, #1655, #2935, #5932 ) ) ;
#1730 = EDGE_CURVE ( 'NONE', #3208, #7488, #3862, .T. ) ;
#1731 = CARTESIAN_POINT ( 'NONE',  ( -4.866171957004040927, 4.256731389155300249, 53.91788425146982178 ) ) ;
#1732 =( BOUNDED_SURFACE ( )  B_SPLINE_SURFACE ( 3, 2, ( 
 ( #1428, #8486, #100 ),
 ( #840, #4225, #3634 ),
 ( #2247, #2843, #7019 ),
 ( #5054, #6429, #1566 ),
 ( #4369, #7163, #884 ),
 ( #5778, #5870, #8072 ) ),
 .UNSPECIFIED., .F., .F., .F. ) 
 B_SPLINE_SURFACE_WITH_KNOTS ( ( 4, 2, 4 ),
 ( 3, 3 ),
 ( 0.004184103987939891134, 0.005335233723397295180, 0.006486363458854698359 ),
 ( 0.000000000000000000, 1.000000000000000000 ),
 .UNSPECIFIED. ) 
 GEOMETRIC_REPRESENTATION_ITEM ( )  RATIONAL_B_SPLINE_SURFACE ( (
 ( 1.000000000000000000, 0.7758446568967867218, 1.000000000000000000),
 ( 1.000000000000000000, 0.7764887929018760016, 1.000000000000000000),
 ( 1.000000000000000000, 0.7703434300840052984, 1.000000000000000000),
 ( 1.000000000000000000, 0.7466016803805235469, 1.000000000000000000),
 ( 1.000000000000000000, 0.7289866434326178757, 1.000000000000000000),
 ( 1.000000000000000000, 0.7071067811865480168, 1.000000000000000000) ) ) 
 REPRESENTATION_ITEM ( '' )  SURFACE ( )  );
#1733 = CARTESIAN_POINT ( 'NONE',  ( -82.95000000000000284, 1.500000000000000000, -10.25000000000000000 ) ) ;
#1734 = CARTESIAN_POINT ( 'NONE',  ( -6.990325341823533378, 3.999999999999998224, 52.99459477901500293 ) ) ;
#1735 = ORIENTED_EDGE ( 'NONE', *, *, #1767, .F. ) ;
#1736 = EDGE_LOOP ( 'NONE', ( #3851, #1532, #8947, #8044, #5552, #2240, #7572, #308, #3487, #7559, #6131, #1512, #6727, #7148, #7059, #2883 ) ) ;
#1737 = ORIENTED_EDGE ( 'NONE', *, *, #333, .T. ) ;
#1738 = DIRECTION ( 'NONE',  ( 0.000000000000000000, 0.000000000000000000, -1.000000000000000000 ) ) ;
#1739 = DIRECTION ( 'NONE',  ( 0.000000000000000000, 1.000000000000000000, 0.000000000000000000 ) ) ;
#1740 = DIRECTION ( 'NONE',  ( 0.000000000000000000, -1.000000000000000000, 0.000000000000000000 ) ) ;
#1741 = DIRECTION ( 'NONE',  ( -0.7052112295670801556, 0.7071067811865280328, 0.05174090927413700636 ) ) ;
#1742 = EDGE_CURVE ( 'NONE', #1030, #4232, #3408, .T. ) ;
#1743 = CARTESIAN_POINT ( 'NONE',  ( 0.000000000000000000, 1.699999999999999956, 45.00000000000000000 ) ) ;
#1744 = ADVANCED_FACE ( 'NONE', ( #6692 ), #6044, .F. ) ;
#1745 = VERTEX_POINT ( 'NONE', #8652 ) ;
#1746 = CARTESIAN_POINT ( 'NONE',  ( -79.14999999999999147, 1.500000000000000000, 7.750000000000000000 ) ) ;
#1747 = EDGE_CURVE ( 'NONE', #5436, #426, #4486, .T. ) ;
#1748 = EDGE_CURVE ( 'NONE', #6985, #5413, #1806, .T. ) ;
#1749 = ORIENTED_EDGE ( 'NONE', *, *, #7188, .F. ) ;
#1750 = DIRECTION ( 'NONE',  ( 0.000000000000000000, 0.000000000000000000, -1.000000000000000000 ) ) ;
#1751 = DIRECTION ( 'NONE',  ( 0.000000000000000000, 0.000000000000000000, -1.000000000000000000 ) ) ;
#1752 = ORIENTED_EDGE ( 'NONE', *, *, #4588, .F. ) ;
#1753 = CARTESIAN_POINT ( 'NONE',  ( 41.76732092339991453, 7.457673384285551599, -5.232679076600057044 ) ) ;
#1754 = CARTESIAN_POINT ( 'NONE',  ( -7.062556730546565298, 6.499999999999999112, 50.85046066563145217 ) ) ;
#1755 = CARTESIAN_POINT ( 'NONE',  ( -78.39999999999999147, 1.000000000000000000, 7.500000000000000000 ) ) ;
#1756 = ORIENTED_EDGE ( 'NONE', *, *, #2243, .T. ) ;
#1757 = CARTESIAN_POINT ( 'NONE',  ( -92.00000000000000000, 4.000000000000000000, -18.25000000000000000 ) ) ;
#1758 = CARTESIAN_POINT ( 'NONE',  ( -87.50000000000000000, 1.000000000000000000, -4.500000000000000000 ) ) ;
#1759 = ADVANCED_FACE ( 'NONE', ( #361 ), #4533, .F. ) ;
#1760 = LINE ( 'NONE', #3057, #813 ) ;
#1761 = CARTESIAN_POINT ( 'NONE',  ( 5.000315289324505308, 4.417380193892178397, -53.23943179616111365 ) ) ;
#1762 = ORIENTED_EDGE ( 'NONE', *, *, #6242, .T. ) ;
#1763 = DIRECTION ( 'NONE',  ( 0.000000000000000000, 0.000000000000000000, 1.000000000000000000 ) ) ;
#1764 = ADVANCED_FACE ( 'NONE', ( #2370 ), #7417, .F. ) ;
#1765 = DIRECTION ( 'NONE',  ( 0.000000000000000000, -1.000000000000000000, 0.000000000000000000 ) ) ;
#1766 = DIRECTION ( 'NONE',  ( 0.000000000000000000, 1.000000000000000000, 0.000000000000000000 ) ) ;
#1767 = EDGE_CURVE ( 'NONE', #4713, #1883, #4576, .T. ) ;
#1768 = FACE_OUTER_BOUND ( 'NONE', #2718, .T. ) ;
#1769 = VERTEX_POINT ( 'NONE', #4631 ) ;
#1770 = LINE ( 'NONE', #8191, #7399 ) ;
#1771 = ORIENTED_EDGE ( 'NONE', *, *, #7165, .F. ) ;
#1772 = DIRECTION ( 'NONE',  ( 0.000000000000000000, -1.000000000000000000, 0.000000000000000000 ) ) ;
#1773 = ORIENTED_EDGE ( 'NONE', *, *, #9027, .F. ) ;
#1774 = PLANE ( 'NONE',  #7691 ) ;
#1775 = EDGE_CURVE ( 'NONE', #6171, #729, #8158, .T. ) ;
#1776 = DIRECTION ( 'NONE',  ( 0.000000000000000000, 1.000000000000000000, 0.000000000000000000 ) ) ;
#1777 = CARTESIAN_POINT ( 'NONE',  ( -4.761394580298121681, 6.499999999999999112, 51.82752399943534272 ) ) ;
#1778 = ORIENTED_EDGE ( 'NONE', *, *, #2362, .T. ) ;
#1779 = EDGE_CURVE ( 'NONE', #5088, #4946, #3962, .T. ) ;
#1780 = EDGE_LOOP ( 'NONE', ( #4357, #7323 ) ) ;
#1781 = EDGE_LOOP ( 'NONE', ( #4933, #2091 ) ) ;
#1782 =( BOUNDED_CURVE ( )  B_SPLINE_CURVE ( 3, ( #1534, #2080, #7136, #20 ),
 .UNSPECIFIED., .F., .T. ) 
 B_SPLINE_CURVE_WITH_KNOTS ( ( 4, 4 ),
 ( 3.126848946823880038, 3.571133685638477662 ),
 .UNSPECIFIED. ) 
 CURVE ( )  GEOMETRIC_REPRESENTATION_ITEM ( )  RATIONAL_B_SPLINE_CURVE ( ( 1.000000000000000000, 0.9836184544398725027, 0.9836184544398725027, 1.000000000000000000 ) ) 
 REPRESENTATION_ITEM ( '' )  );
#1783 = FACE_OUTER_BOUND ( 'NONE', #599, .T. ) ;
#1784 = DIRECTION ( 'NONE',  ( 0.000000000000000000, 0.000000000000000000, 1.000000000000000000 ) ) ;
#1785 = CARTESIAN_POINT ( 'NONE',  ( 5.000000000000008882, 6.447489024775959976, 53.00000000000001421 ) ) ;
#1786 = EDGE_LOOP ( 'NONE', ( #7623, #162, #2568, #7376 ) ) ;
#1787 = LINE ( 'NONE', #3907, #1068 ) ;
#1788 = ORIENTED_EDGE ( 'NONE', *, *, #3142, .F. ) ;
#1789 = EDGE_CURVE ( 'NONE', #3714, #3669, #198, .T. ) ;
#1790 = AXIS2_PLACEMENT_3D ( 'NONE', #6591, #3025, #8560 ) ;
#1791 = CARTESIAN_POINT ( 'NONE',  ( -1.658312395177696352, 6.499999999999999112, -47.50000000000000000 ) ) ;
#1792 = DIRECTION ( 'NONE',  ( 0.000000000000000000, -1.000000000000000000, 0.000000000000000000 ) ) ;
#1793 = ORIENTED_EDGE ( 'NONE', *, *, #417, .T. ) ;
#1794 = CARTESIAN_POINT ( 'NONE',  ( -1.658312395177694576, 3.999999999999986233, -50.00000000000000711 ) ) ;
#1795 = DIRECTION ( 'NONE',  ( 0.08554784193506480283, -0.7045145728585991973, 0.7045145728585880951 ) ) ;
#1796 =( LENGTH_UNIT ( ) NAMED_UNIT ( * ) SI_UNIT ( .MILLI., .METRE. ) );
#1797 = VECTOR ( 'NONE', #8953, 1000.000000000000000 ) ;
#1798 = ORIENTED_EDGE ( 'NONE', *, *, #673, .T. ) ;
#1799 = CARTESIAN_POINT ( 'NONE',  ( -8.000000000000000000, 4.000000000000000000, -23.00000000000000000 ) ) ;
#1800 = CONICAL_SURFACE ( 'NONE', #2085, 1.500000000000001332, 0.5779019369622441227 ) ;
#1801 = VERTEX_POINT ( 'NONE', #6269 ) ;
#1802 = LINE ( 'NONE', #294, #663 ) ;
#1803 = AXIS2_PLACEMENT_3D ( 'NONE', #5091, #918, #7013 ) ;
#1804 = CYLINDRICAL_SURFACE ( 'NONE', #9038, 1.500000000000000000 ) ;
#1805 = ORIENTED_EDGE ( 'NONE', *, *, #5888, .T. ) ;
#1806 = CIRCLE ( 'NONE', #8687, 1.499999999999999556 ) ;
#1807 = DIRECTION ( 'NONE',  ( 0.000000000000000000, -1.000000000000000000, 0.000000000000000000 ) ) ;
#1808 = CARTESIAN_POINT ( 'NONE',  ( 20.00000000000000000, 10.00000000000000000, -6.000000000000000000 ) ) ;
#1809 = CARTESIAN_POINT ( 'NONE',  ( 1.658312395177695686, 6.499999999999999112, -50.00000000000000000 ) ) ;
#1810 = EDGE_CURVE ( 'NONE', #7875, #6382, #4708, .T. ) ;
#1811 = AXIS2_PLACEMENT_3D ( 'NONE', #3472, #130, #2779 ) ;
#1812 = CARTESIAN_POINT ( 'NONE',  ( 0.000000000000000000, 0.000000000000000000, -46.50000000000000000 ) ) ;
#1813 = AXIS2_PLACEMENT_3D ( 'NONE', #347, #6544, #3149 ) ;
#1814 = ORIENTED_EDGE ( 'NONE', *, *, #6226, .T. ) ;
#1815 = ADVANCED_FACE ( 'NONE', ( #1950 ), #5432, .F. ) ;
#1816 = FACE_OUTER_BOUND ( 'NONE', #6015, .T. ) ;
#1817 = VERTEX_POINT ( 'NONE', #9059 ) ;
#1818 = AXIS2_PLACEMENT_3D ( 'NONE', #8143, #1765, #3143 ) ;
#1819 = CIRCLE ( 'NONE', #8692, 0.2500000000000002220 ) ;
#1820 = DIRECTION ( 'NONE',  ( 0.000000000000000000, 1.000000000000000000, 0.000000000000000000 ) ) ;
#1821 = VECTOR ( 'NONE', #8902, 999.9999999999998863 ) ;
#1822 = FACE_OUTER_BOUND ( 'NONE', #737, .T. ) ;
#1823 = DIRECTION ( 'NONE',  ( 1.000000000000000000, 0.000000000000000000, 0.000000000000000000 ) ) ;
#1824 = CARTESIAN_POINT ( 'NONE',  ( -4.899748647125677259, 6.484746662153502150, 52.20544389134542484 ) ) ;
#1825 = VECTOR ( 'NONE', #6888, 1000.000000000000114 ) ;
#1826 = ORIENTED_EDGE ( 'NONE', *, *, #6377, .F. ) ;
#1827 = AXIS2_PLACEMENT_3D ( 'NONE', #4473, #6587, #3145 ) ;
#1828 = CIRCLE ( 'NONE', #1109, 6.451250000000001705 ) ;
#1829 = ORIENTED_EDGE ( 'NONE', *, *, #5494, .F. ) ;
#1830 = ORIENTED_EDGE ( 'NONE', *, *, #3240, .F. ) ;
#1831 = CARTESIAN_POINT ( 'NONE',  ( -4.877111879684131068, 4.247321242193738300, -52.12014274747129861 ) ) ;
#1832 = AXIS2_PLACEMENT_3D ( 'NONE', #3811, #3905, #3850 ) ;
#1833 = CARTESIAN_POINT ( 'NONE',  ( 39.73223304108414311, 4.732233041084130676, 0.1534826022008483615 ) ) ;
#1834 = CIRCLE ( 'NONE', #5479, 3.000000000000000000 ) ;
#1835 = ORIENTED_EDGE ( 'NONE', *, *, #9030, .F. ) ;
#1836 = LINE ( 'NONE', #7437, #8679 ) ;
#1837 = ORIENTED_EDGE ( 'NONE', *, *, #3379, .F. ) ;
#1838 = VECTOR ( 'NONE', #8643, 999.9999999999998863 ) ;
#1839 = AXIS2_PLACEMENT_3D ( 'NONE', #1079, #6152, #2585 ) ;
#1840 = CARTESIAN_POINT ( 'NONE',  ( 53.48771061000000060, 4.000000000000000000, 53.48771061000000060 ) ) ;
#1841 = CARTESIAN_POINT ( 'NONE',  ( 53.48771061000000060, 4.000000000000000000, -53.48771061000000060 ) ) ;
#1842 = CIRCLE ( 'NONE', #6376, 1.500000000000001332 ) ;
#1843 = ORIENTED_EDGE ( 'NONE', *, *, #6616, .F. ) ;
#1844 = CARTESIAN_POINT ( 'NONE',  ( -5.616384920805909786, 0.000000000000000000, 57.00000000000000000 ) ) ;
#1845 = CARTESIAN_POINT ( 'NONE',  ( -8.000000000000000000, 3.500000000000000000, -25.00000000000000000 ) ) ;
#1846 = CARTESIAN_POINT ( 'NONE',  ( -93.06768137013648357, 0.000000000000000000, 27.83212343854054893 ) ) ;
#1847 = ORIENTED_EDGE ( 'NONE', *, *, #2689, .T. ) ;
#1848 = DIRECTION ( 'NONE',  ( 1.000000000000000000, 0.000000000000000000, 0.000000000000000000 ) ) ;
#1849 = AXIS2_PLACEMENT_3D ( 'NONE', #469, #8723, #433 ) ;
#1850 = ORIENTED_EDGE ( 'NONE', *, *, #565, .F. ) ;
#1851 = CARTESIAN_POINT ( 'NONE',  ( 6.994297151824685699, 4.000000000025639935, -52.62008077245523907 ) ) ;
#1852 = PLANE ( 'NONE',  #8302 ) ;
#1853 = AXIS2_PLACEMENT_3D ( 'NONE', #916, #3036, #1738 ) ;
#1854 = VECTOR ( 'NONE', #1741, 1000.000000000000114 ) ;
#1855 = EDGE_LOOP ( 'NONE', ( #3542, #2136, #3680, #5204 ) ) ;
#1856 = LINE ( 'NONE', #6066, #3443 ) ;
#1857 = LINE ( 'NONE', #3874, #7406 ) ;
#1858 = CARTESIAN_POINT ( 'NONE',  ( 3.673940397442052472E-16, 4.000000000000000000, -47.99999999999999289 ) ) ;
#1859 = EDGE_CURVE ( 'NONE', #8505, #1619, #2642, .T. ) ;
#1860 = EDGE_CURVE ( 'NONE', #7930, #3010, #7557, .T. ) ;
#1861 = DIRECTION ( 'NONE',  ( 0.000000000000000000, 0.000000000000000000, 1.000000000000000000 ) ) ;
#1862 = AXIS2_PLACEMENT_3D ( 'NONE', #9054, #3499, #6120 ) ;
#1863 = DIRECTION ( 'NONE',  ( 0.000000000000000000, 1.000000000000000000, 0.000000000000000000 ) ) ;
#1864 = ORIENTED_EDGE ( 'NONE', *, *, #2160, .F. ) ;
#1865 = EDGE_CURVE ( 'NONE', #6607, #5883, #3132, .T. ) ;
#1866 = ADVANCED_FACE ( 'NONE', ( #4148 ), #628, .T. ) ;
#1867 = CYLINDRICAL_SURFACE ( 'NONE', #8711, 2.500000000000002220 ) ;
#1868 = ORIENTED_EDGE ( 'NONE', *, *, #3081, .F. ) ;
#1869 = AXIS2_PLACEMENT_3D ( 'NONE', #7492, #6930, #3359 ) ;
#1870 = CARTESIAN_POINT ( 'NONE',  ( -93.06768137013648357, 0.000000000000000000, -27.83212343854044590 ) ) ;
#1871 = DIRECTION ( 'NONE',  ( 0.000000000000000000, -1.000000000000000000, 0.000000000000000000 ) ) ;
#1872 = VECTOR ( 'NONE', #2075, 1000.000000000000000 ) ;
#1873 = DIRECTION ( 'NONE',  ( 0.000000000000000000, -1.000000000000000000, 0.000000000000000000 ) ) ;
#1874 = EDGE_LOOP ( 'NONE', ( #4804, #8396, #1639, #7609 ) ) ;
#1875 = ORIENTED_EDGE ( 'NONE', *, *, #5505, .T. ) ;
#1876 = AXIS2_PLACEMENT_3D ( 'NONE', #1616, #3691, #8730 ) ;
#1877 = ORIENTED_EDGE ( 'NONE', *, *, #5281, .F. ) ;
#1878 = DIRECTION ( 'NONE',  ( 0.000000000000000000, 1.000000000000000000, 0.000000000000000000 ) ) ;
#1879 = CARTESIAN_POINT ( 'NONE',  ( 5.250000000000000000, 0.000000000000000000, -33.89999999999999858 ) ) ;
#1880 = CARTESIAN_POINT ( 'NONE',  ( 39.00000000000000711, 4.000000000000000000, 0.4603702609048107575 ) ) ;
#1881 = ORIENTED_EDGE ( 'NONE', *, *, #870, .F. ) ;
#1882 = LINE ( 'NONE', #6605, #6182 ) ;
#1883 = VERTEX_POINT ( 'NONE', #2604 ) ;
#1884 = DIRECTION ( 'NONE',  ( -1.000000000000000000, 0.000000000000000000, 2.514091994169285222E-16 ) ) ;
#1885 = CARTESIAN_POINT ( 'NONE',  ( -65.00000000000000000, 54.00000000000000711, 1.999999999999999112 ) ) ;
#1886 = DIRECTION ( 'NONE',  ( 0.000000000000000000, -1.000000000000000000, 0.000000000000000000 ) ) ;
#1887 = DIRECTION ( 'NONE',  ( 0.000000000000000000, 0.000000000000000000, -1.000000000000000000 ) ) ;
#1888 = LINE ( 'NONE', #1846, #6666 ) ;
#1889 = ORIENTED_EDGE ( 'NONE', *, *, #4564, .T. ) ;
#1890 = DIRECTION ( 'NONE',  ( -0.000000000000000000, 1.000000000000000000, -0.000000000000000000 ) ) ;
#1891 = ORIENTED_EDGE ( 'NONE', *, *, #976, .T. ) ;
#1892 = ADVANCED_FACE ( 'NONE', ( #7506 ), #1224, .F. ) ;
#1893 = CARTESIAN_POINT ( 'NONE',  ( 0.000000000000000000, 1.000000000000000000, -13.54999999999999893 ) ) ;
#1894 = CARTESIAN_POINT ( 'NONE',  ( -2.000000000000000000, 54.00000000000000711, -53.00000000000000711 ) ) ;
#1895 = ORIENTED_EDGE ( 'NONE', *, *, #8960, .F. ) ;
#1896 = LINE ( 'NONE', #3363, #7992 ) ;
#1897 = CARTESIAN_POINT ( 'NONE',  ( 7.611023491189000900, 4.000000000000000000, 56.85365460874999854 ) ) ;
#1898 = CARTESIAN_POINT ( 'NONE',  ( 1.105479845712803222, 6.485927641334546578, -50.00000000000000000 ) ) ;
#1899 = CARTESIAN_POINT ( 'NONE',  ( -94.77929011013857519, 3.763129084287190729, 14.59050998125421295 ) ) ;
#1900 = DIRECTION ( 'NONE',  ( -0.000000000000000000, -1.000000000000000000, -0.000000000000000000 ) ) ;
#1901 = ORIENTED_EDGE ( 'NONE', *, *, #659, .F. ) ;
#1902 = FACE_OUTER_BOUND ( 'NONE', #6146, .T. ) ;
#1903 = EDGE_CURVE ( 'NONE', #3140, #890, #583, .T. ) ;
#1904 = ORIENTED_EDGE ( 'NONE', *, *, #2228, .T. ) ;
#1905 = EDGE_CURVE ( 'NONE', #8794, #2207, #4025, .T. ) ;
#1906 = DIRECTION ( 'NONE',  ( 0.000000000000000000, 0.000000000000000000, 1.000000000000000000 ) ) ;
#1907 = DIRECTION ( 'NONE',  ( 0.000000000000000000, -1.000000000000000000, 0.000000000000000000 ) ) ;
#1908 = LINE ( 'NONE', #8929, #7083 ) ;
#1909 = DIRECTION ( 'NONE',  ( 0.000000000000000000, -1.000000000000000000, 0.000000000000000000 ) ) ;
#1910 = ORIENTED_EDGE ( 'NONE', *, *, #8524, .F. ) ;
#1911 = APPLICATION_CONTEXT ( 'automotive_design' ) ;
#1912 = EDGE_CURVE ( 'NONE', #7627, #7429, #4439, .T. ) ;
#1913 = EDGE_LOOP ( 'NONE', ( #1881, #865, #7887, #3921 ) ) ;
#1914 = ORIENTED_EDGE ( 'NONE', *, *, #3294, .T. ) ;
#1915 = CARTESIAN_POINT ( 'NONE',  ( -1.999999999999991340, 6.499999999999999112, 50.00000000000000000 ) ) ;
#1916 = FACE_OUTER_BOUND ( 'NONE', #6549, .T. ) ;
#1917 = CARTESIAN_POINT ( 'NONE',  ( -2.000000000000000000, 52.50000000000000711, -53.00000000000000711 ) ) ;
#1918 = EDGE_CURVE ( 'NONE', #586, #2891, #6168, .T. ) ;
#1919 = ORIENTED_EDGE ( 'NONE', *, *, #2607, .F. ) ;
#1920 = DIRECTION ( 'NONE',  ( 1.000000000000000000, 0.000000000000000000, 0.000000000000000000 ) ) ;
#1921 = ADVANCED_FACE ( 'NONE', ( #8967 ), #2681, .T. ) ;
#1922 = ORIENTED_EDGE ( 'NONE', *, *, #6162, .F. ) ;
#1923 = EDGE_CURVE ( 'NONE', #1661, #8785, #6784, .T. ) ;
#1924 = LINE ( 'NONE', #3350, #6388 ) ;
#1925 = CARTESIAN_POINT ( 'NONE',  ( 5.616384920805930214, 3.500000000000000000, -59.00000000000000000 ) ) ;
#1926 = ADVANCED_FACE ( 'NONE', ( #4803 ), #7605, .F. ) ;
#1927 = FACE_OUTER_BOUND ( 'NONE', #758, .T. ) ;
#1928 = DIRECTION ( 'NONE',  ( 0.000000000000000000, 0.000000000000000000, -1.000000000000000000 ) ) ;
#1929 = CONICAL_SURFACE ( 'NONE', #7118, 1.500000000000000000, 0.5779019369622463431 ) ;
#1930 = VERTEX_POINT ( 'NONE', #7639 ) ;
#1931 = VERTEX_POINT ( 'NONE', #1356 ) ;
#1932 = CARTESIAN_POINT ( 'NONE',  ( 7.020929521015710328, 6.500000000000000888, -55.24505384011006726 ) ) ;
#1933 = DIRECTION ( 'NONE',  ( 0.000000000000000000, -1.000000000000000000, 0.000000000000000000 ) ) ;
#1934 = ORIENTED_EDGE ( 'NONE', *, *, #3005, .F. ) ;
#1935 = EDGE_CURVE ( 'NONE', #3391, #4029, #779, .T. ) ;
#1936 = DIRECTION ( 'NONE',  ( 0.7071067811865531239, -0.7071067811865420216, 0.000000000000000000 ) ) ;
#1937 = CIRCLE ( 'NONE', #613, 1.249999999999999334 ) ;
#1938 = CARTESIAN_POINT ( 'NONE',  ( 42.93239645831249618, 6.136703253151832627, 5.863296746847178831 ) ) ;
#1939 = CARTESIAN_POINT ( 'NONE',  ( 48.99999999999999289, 54.00000000000000711, 6.000000000000000000 ) ) ;
#1940 = DIRECTION ( 'NONE',  ( 0.000000000000000000, 1.000000000000000000, 0.000000000000000000 ) ) ;
#1941 = DIRECTION ( 'NONE',  ( -0.3908253335215550184, 1.719736999871974938E-15, 0.9204648600993768914 ) ) ;
#1942 = VECTOR ( 'NONE', #5873, 1000.000000000000000 ) ;
#1943 = DIRECTION ( 'NONE',  ( 0.9709389483281612998, 0.000000000000000000, 0.2393273043750004936 ) ) ;
#1944 = ORIENTED_EDGE ( 'NONE', *, *, #7866, .F. ) ;
#1945 = CARTESIAN_POINT ( 'NONE',  ( 4.979330267050140257, 6.458948729602749239, 52.59583168450011215 ) ) ;
#1946 = DIRECTION ( 'NONE',  ( 1.000000000000000000, 0.000000000000000000, 0.000000000000000000 ) ) ;
#1947 = DIRECTION ( 'NONE',  ( 0.000000000000000000, -1.000000000000000000, 0.000000000000000000 ) ) ;
#1948 = AXIS2_PLACEMENT_3D ( 'NONE', #2876, #6453, #8509 ) ;
#1949 = AXIS2_PLACEMENT_3D ( 'NONE', #3942, #3071, #1148 ) ;
#1950 = FACE_OUTER_BOUND ( 'NONE', #8148, .T. ) ;
#1951 = ADVANCED_FACE ( 'NONE', ( #810 ), #167, .F. ) ;
#1952 = ORIENTED_EDGE ( 'NONE', *, *, #3368, .F. ) ;
#1953 = ORIENTED_EDGE ( 'NONE', *, *, #4393, .F. ) ;
#1954 = ADVANCED_FACE ( 'NONE', ( #2271 ), #3552, .F. ) ;
#1955 = AXIS2_PLACEMENT_3D ( 'NONE', #302, #948, #7320 ) ;
#1956 = EDGE_LOOP ( 'NONE', ( #7929, #8365, #4227, #6558, #7396, #4657 ) ) ;
#1957 = LINE ( 'NONE', #6869, #5010 ) ;
#1958 = DIRECTION ( 'NONE',  ( -1.000000000000000000, 0.000000000000000000, 0.000000000000000000 ) ) ;
#1959 = CARTESIAN_POINT ( 'NONE',  ( -1.999999999999991340, 6.499999999999999112, 56.00000000000000000 ) ) ;
#1960 = CIRCLE ( 'NONE', #8407, 1.500000000000000000 ) ;
#1961 = ORIENTED_EDGE ( 'NONE', *, *, #5260, .F. ) ;
#1962 = CARTESIAN_POINT ( 'NONE',  ( 0.000000000000000000, 1.699999999999999956, 45.00000000000000000 ) ) ;
#1963 = ADVANCED_FACE ( 'NONE', ( #5663 ), #4009, .T. ) ;
#1964 = VECTOR ( 'NONE', #6787, 1000.000000000000000 ) ;
#1965 = ADVANCED_FACE ( 'NONE', ( #5744 ), #357, .F. ) ;
#1966 = VERTEX_POINT ( 'NONE', #7142 ) ;
#1967 = EDGE_CURVE ( 'NONE', #3812, #5021, #5801, .T. ) ;
#1968 = EDGE_CURVE ( 'NONE', #1113, #5049, #3565, .T. ) ;
#1969 = AXIS2_PLACEMENT_3D ( 'NONE', #6741, #3949, #6603 ) ;
#1970 = DIRECTION ( 'NONE',  ( 0.1692299598466640298, 0.7071067811865434649, -0.6865575144809807906 ) ) ;
#1971 = CARTESIAN_POINT ( 'NONE',  ( 45.99999999999999289, 7.035533905932735088, 6.000000000000000000 ) ) ;
#1972 = AXIS2_PLACEMENT_3D ( 'NONE', #4442, #830, #3569 ) ;
#1973 = DIRECTION ( 'NONE',  ( 0.1692299598466590060, 0.7071067811865476838, 0.6865575144809777930 ) ) ;
#1974 = PLANE ( 'NONE',  #8157 ) ;
#1975 = ORIENTED_EDGE ( 'NONE', *, *, #4434, .T. ) ;
#1976 = DIRECTION ( 'NONE',  ( 0.000000000000000000, 0.000000000000000000, 1.000000000000000000 ) ) ;
#1977 = ADVANCED_FACE ( 'NONE', ( #1588 ), #2812, .T. ) ;
#1978 = CIRCLE ( 'NONE', #7266, 46.50000000000000000 ) ;
#1979 = AXIS2_PLACEMENT_3D ( 'NONE', #5933, #5199, #1719 ) ;
#1980 = ORIENTED_EDGE ( 'NONE', *, *, #3081, .T. ) ;
#1981 = CARTESIAN_POINT ( 'NONE',  ( 7.062556730546592831, 4.000000000000000000, -50.85046066563145928 ) ) ;
#1982 = CARTESIAN_POINT ( 'NONE',  ( 39.73223304703365244, 4.732233047033645335, 0.4603702609048098138 ) ) ;
#1983 = DIRECTION ( 'NONE',  ( 0.000000000000000000, 0.000000000000000000, 1.000000000000000000 ) ) ;
#1984 = EDGE_LOOP ( 'NONE', ( #6132, #2395, #2249, #4636 ) ) ;
#1985 = DIRECTION ( 'NONE',  ( 0.000000000000000000, 0.000000000000000000, 1.000000000000000000 ) ) ;
#1986 = CARTESIAN_POINT ( 'NONE',  ( -93.06768137013648357, 0.000000000000000000, 26.33212343854054893 ) ) ;
#1987 = VECTOR ( 'NONE', #6199, 1000.000000000000000 ) ;
#1988 = DIRECTION ( 'NONE',  ( 0.000000000000000000, 1.000000000000000000, 0.000000000000000000 ) ) ;
#1989 = DIRECTION ( 'NONE',  ( 1.000000000000000000, 0.000000000000000000, 0.000000000000000000 ) ) ;
#1990 = CARTESIAN_POINT ( 'NONE',  ( 45.99999999999999289, 54.00000000000000711, -6.000000000000000000 ) ) ;
#1991 = CARTESIAN_POINT ( 'NONE',  ( 48.99999999999999289, 6.157994724319954649, 5.842005275680059562 ) ) ;
#1992 = CIRCLE ( 'NONE', #7121, 2.499999999999998668 ) ;
#1993 = CIRCLE ( 'NONE', #4778, 1.500000000000001332 ) ;
#1994 = CARTESIAN_POINT ( 'NONE',  ( -78.89999999999999147, 0.000000000000000000, 12.55000000000000071 ) ) ;
#1995 = ORIENTED_EDGE ( 'NONE', *, *, #7761, .T. ) ;
#1996 = DIRECTION ( 'NONE',  ( 0.000000000000000000, 0.000000000000000000, 1.000000000000000000 ) ) ;
#1997 = LINE ( 'NONE', #4240, #6940 ) ;
#1998 = CARTESIAN_POINT ( 'NONE',  ( -65.00000000000000000, 54.00000000000000711, -2.000000000000000888 ) ) ;
#1999 = AXIS2_PLACEMENT_3D ( 'NONE', #4398, #8706, #7380 ) ;
#2000 = AXIS2_PLACEMENT_3D ( 'NONE', #8358, #2769, #6159 ) ;
#2001 = DIRECTION ( 'NONE',  ( 1.000000000000000000, 0.000000000000000000, 0.000000000000000000 ) ) ;
#2002 = ORIENTED_EDGE ( 'NONE', *, *, #5964, .F. ) ;
#2003 = EDGE_CURVE ( 'NONE', #6412, #8217, #6446, .T. ) ;
#2004 = CIRCLE ( 'NONE', #7438, 1.500000000000000000 ) ;
#2005 = ORIENTED_EDGE ( 'NONE', *, *, #5219, .T. ) ;
#2006 = DIRECTION ( 'NONE',  ( -0.7052112295670790454, -0.7071067811865290320, 0.05174090927413710350 ) ) ;
#2007 = CIRCLE ( 'NONE', #5233, 2.500000000000002220 ) ;
#2008 = B_SPLINE_CURVE_WITH_KNOTS ( 'NONE', 3,
 ( #4562, #2495, #6537, #5196, #3869, #5248 ),
 .UNSPECIFIED., .F., .F.,
 ( 4, 2, 4 ),
 ( 0.000000000000000000, 0.0008295543463014484883, 0.001659108692602896977 ),
 .UNSPECIFIED. ) ;
#2009 = ORIENTED_EDGE ( 'NONE', *, *, #2305, .T. ) ;
#2010 = CARTESIAN_POINT ( 'NONE',  ( -5.000000000000000000, 6.447489024775967081, -53.00000000000000000 ) ) ;
#2011 = CARTESIAN_POINT ( 'NONE',  ( 48.99999999999999289, 52.50000000000000711, 3.000000000000000000 ) ) ;
#2012 = CARTESIAN_POINT ( 'NONE',  ( 53.48771061000000060, 4.000000000000000000, 53.48771061000000060 ) ) ;
#2013 = CIRCLE ( 'NONE', #9021, 1.500000000000001332 ) ;
#2014 = EDGE_LOOP ( 'NONE', ( #5040, #5484, #384, #1689 ) ) ;
#2015 = CARTESIAN_POINT ( 'NONE',  ( 8.000000000000000000, 0.000000000000000000, -20.50000000000000000 ) ) ;
#2016 = DIRECTION ( 'NONE',  ( 0.000000000000000000, -1.000000000000000000, 0.000000000000000000 ) ) ;
#2017 = EDGE_CURVE ( 'NONE', #2283, #2219, #6405, .T. ) ;
#2018 = DIRECTION ( 'NONE',  ( 0.000000000000000000, 0.000000000000000000, 1.000000000000000000 ) ) ;
#2019 = ADVANCED_FACE ( 'NONE', ( #5611 ), #8504, .T. ) ;
#2020 = DIRECTION ( 'NONE',  ( 0.000000000000000000, -1.000000000000000000, 0.000000000000000000 ) ) ;
#2021 = ADVANCED_FACE ( 'NONE', ( #7037 ), #7828, .T. ) ;
#2022 = ORIENTED_EDGE ( 'NONE', *, *, #5205, .T. ) ;
#2023 = CARTESIAN_POINT ( 'NONE',  ( -5.616384920805930214, 4.000000000000000000, -58.50000000000000000 ) ) ;
#2024 = ADVANCED_FACE ( 'NONE', ( #2176 ), #3656, .T. ) ;
#2025 = EDGE_LOOP ( 'NONE', ( #4071, #1676, #2782, #7814 ) ) ;
#2026 = FACE_OUTER_BOUND ( 'NONE', #129, .T. ) ;
#2027 = ADVANCED_FACE ( 'NONE', ( #8553 ), #3870, .T. ) ;
#2028 = CARTESIAN_POINT ( 'NONE',  ( -63.50000000000000000, 52.50000000000000711, -2.000000000000000888 ) ) ;
#2029 = CARTESIAN_POINT ( 'NONE',  ( -82.95000000000000284, 4.000000000000000000, -12.75000000000000000 ) ) ;
#2030 = ORIENTED_EDGE ( 'NONE', *, *, #8755, .T. ) ;
#2031 = DIRECTION ( 'NONE',  ( 1.000000000000000000, 0.000000000000000000, 0.000000000000000000 ) ) ;
#2032 = FACE_OUTER_BOUND ( 'NONE', #4983, .T. ) ;
#2033 = CARTESIAN_POINT ( 'NONE',  ( -78.39999999999999147, 1.000000000000000000, -4.499999999999944933 ) ) ;
#2034 = DIRECTION ( 'NONE',  ( 0.000000000000000000, 0.000000000000000000, -1.000000000000000000 ) ) ;
#2035 = ORIENTED_EDGE ( 'NONE', *, *, #1286, .F. ) ;
#2036 = CARTESIAN_POINT ( 'NONE',  ( 46.78995136662248910, 7.180428588776059939, -5.920966536631138588 ) ) ;
#2037 = EDGE_CURVE ( 'NONE', #1591, #1681, #2545, .T. ) ;
#2038 = LINE ( 'NONE', #5560, #4203 ) ;
#2039 = CARTESIAN_POINT ( 'NONE',  ( -8.000000000000000000, 3.500000000000000000, -23.00000000000000000 ) ) ;
#2040 = ORIENTED_EDGE ( 'NONE', *, *, #21, .F. ) ;
#2041 = ADVANCED_FACE ( 'NONE', ( #216 ), #8551, .F. ) ;
#2042 = CARTESIAN_POINT ( 'NONE',  ( -65.00000000000000000, 52.50000000000000711, 1.999999999999999112 ) ) ;
#2043 = ADVANCED_FACE ( 'NONE', ( #1136 ), #2544, .F. ) ;
#2044 = FACE_OUTER_BOUND ( 'NONE', #756, .T. ) ;
#2045 = DIRECTION ( 'NONE',  ( 0.000000000000000000, 0.000000000000000000, -1.000000000000000000 ) ) ;
#2046 = CARTESIAN_POINT ( 'NONE',  ( 0.000000000000000000, 4.000000000000000000, 58.50000000000000000 ) ) ;
#2047 = ORIENTED_EDGE ( 'NONE', *, *, #5221, .F. ) ;
#2048 = ORIENTED_EDGE ( 'NONE', *, *, #7596, .F. ) ;
#2049 = DIRECTION ( 'NONE',  ( 0.000000000000000000, 0.000000000000000000, -1.000000000000000000 ) ) ;
#2050 = VERTEX_POINT ( 'NONE', #3748 ) ;
#2051 = EDGE_CURVE ( 'NONE', #8245, #1694, #1626, .T. ) ;
#2052 = CARTESIAN_POINT ( 'NONE',  ( -95.37740409499218686, 0.000000000000000000, 26.33212343854054893 ) ) ;
#2053 = CARTESIAN_POINT ( 'NONE',  ( 8.000000000000000000, 3.500000000000000000, -21.00000000000000000 ) ) ;
#2054 = B_SPLINE_CURVE_WITH_KNOTS ( 'NONE', 3,
 ( #4485, #1006, #6156, #1046, #7926, #6594, #6116 ),
 .UNSPECIFIED., .F., .F.,
 ( 4, 3, 4 ),
 ( 0.000000000000000000, 0.0004603704034816808854, 0.0009207408069633617707 ),
 .UNSPECIFIED. ) ;
#2055 = ORIENTED_EDGE ( 'NONE', *, *, #2745, .F. ) ;
#2056 = ORIENTED_EDGE ( 'NONE', *, *, #2869, .T. ) ;
#2057 = CARTESIAN_POINT ( 'NONE',  ( -5.000000000000000000, 52.50000000000000711, -56.00000000000000000 ) ) ;
#2058 = CARTESIAN_POINT ( 'NONE',  ( -5.616384920805930214, 3.500000000000000000, -57.00000000000000000 ) ) ;
#2059 = FACE_OUTER_BOUND ( 'NONE', #7071, .T. ) ;
#2060 = DIRECTION ( 'NONE',  ( 0.000000000000000000, 0.000000000000000000, -1.000000000000000000 ) ) ;
#2061 = EDGE_LOOP ( 'NONE', ( #3932, #4534, #4963, #7379 ) ) ;
#2062 = CARTESIAN_POINT ( 'NONE',  ( 5.616384920805930214, 4.000000000000000000, -58.50000000000000000 ) ) ;
#2063 = EDGE_CURVE ( 'NONE', #5852, #6257, #3420, .T. ) ;
#2064 = ORIENTED_EDGE ( 'NONE', *, *, #7759, .F. ) ;
#2065 = CARTESIAN_POINT ( 'NONE',  ( 44.00000000000000000, 54.00000000000000711, 3.000000000000000000 ) ) ;
#2066 = LINE ( 'NONE', #5380, #8170 ) ;
#2067 = FACE_OUTER_BOUND ( 'NONE', #952, .T. ) ;
#2068 = EDGE_LOOP ( 'NONE', ( #1341, #8660, #3239, #3632 ) ) ;
#2069 = FACE_OUTER_BOUND ( 'NONE', #8546, .T. ) ;
#2070 = CARTESIAN_POINT ( 'NONE',  ( -3.276559976873924627E-14, 3.500000000000000000, 28.33212343854064841 ) ) ;
#2071 = CARTESIAN_POINT ( 'NONE',  ( 20.00000000000000000, 0.000000000000000000, -6.500000000000000000 ) ) ;
#2072 = CARTESIAN_POINT ( 'NONE',  ( -8.500000000000001776, 2.399999999999999911, -32.39999999999999858 ) ) ;
#2073 = ORIENTED_EDGE ( 'NONE', *, *, #7061, .T. ) ;
#2074 = CARTESIAN_POINT ( 'NONE',  ( 48.01170830450417526, 6.647856132200483437, -5.352143867799871835 ) ) ;
#2075 = DIRECTION ( 'NONE',  ( 0.000000000000000000, -1.000000000000000000, 0.000000000000000000 ) ) ;
#2076 = AXIS2_PLACEMENT_3D ( 'NONE', #929, #3730, #2846 ) ;
#2077 = DIRECTION ( 'NONE',  ( 0.000000000000000000, 0.000000000000000000, 1.000000000000000000 ) ) ;
#2078 = ORIENTED_EDGE ( 'NONE', *, *, #8117, .F. ) ;
#2079 = VECTOR ( 'NONE', #7696, 1000.000000000000000 ) ;
#2080 = CARTESIAN_POINT ( 'NONE',  ( 43.67763811259055728, 4.468259311849520188, 7.531740688150462049 ) ) ;
#2081 = CARTESIAN_POINT ( 'NONE',  ( -82.95000000000000284, 1.500000000000000000, 10.25000000000000000 ) ) ;
#2082 = DIRECTION ( 'NONE',  ( 0.000000000000000000, -1.000000000000000000, 0.000000000000000000 ) ) ;
#2083 = VECTOR ( 'NONE', #4305, 1000.000000000000000 ) ;
#2084 = DIRECTION ( 'NONE',  ( 0.000000000000000000, 0.000000000000000000, 1.000000000000000000 ) ) ;
#2085 = AXIS2_PLACEMENT_3D ( 'NONE', #1962, #7704, #4810 ) ;
#2086 = EDGE_CURVE ( 'NONE', #5883, #6607, #4146, .T. ) ;
#2087 = ORIENTED_EDGE ( 'NONE', *, *, #4604, .T. ) ;
#2088 = ORIENTED_EDGE ( 'NONE', *, *, #61, .T. ) ;
#2089 = VECTOR ( 'NONE', #5174, 1000.000000000000000 ) ;
#2090 = CARTESIAN_POINT ( 'NONE',  ( -20.00000000000000000, 3.500000000000000000, 6.000000000000000000 ) ) ;
#2091 = ORIENTED_EDGE ( 'NONE', *, *, #2086, .T. ) ;
#2092 = CIRCLE ( 'NONE', #493, 2.500000000000000444 ) ;
#2093 = CARTESIAN_POINT ( 'NONE',  ( 53.48771061000000060, 4.000000000000000000, 53.48771061000000060 ) ) ;
#2094 = PLANE ( 'NONE',  #1357 ) ;
#2095 = CIRCLE ( 'NONE', #4288, 102.8386523170878064 ) ;
#2096 = AXIS2_PLACEMENT_3D ( 'NONE', #8093, #7227, #1675 ) ;
#2097 = VERTEX_POINT ( 'NONE', #3930 ) ;
#2098 = ORIENTED_EDGE ( 'NONE', *, *, #1730, .F. ) ;
#2099 = PLANE ( 'NONE',  #983 ) ;
#2100 = DIRECTION ( 'NONE',  ( 1.000000000000000000, 0.000000000000000000, 0.000000000000000000 ) ) ;
#2101 = VECTOR ( 'NONE', #4095, 1000.000000000000000 ) ;
#2102 = CARTESIAN_POINT ( 'NONE',  ( -1.999999999999991340, 6.499999999999999112, 53.00000000000000000 ) ) ;
#2103 = DIRECTION ( 'NONE',  ( 0.000000000000000000, -1.000000000000000000, 0.000000000000000000 ) ) ;
#2104 = VECTOR ( 'NONE', #1404, 1000.000000000000114 ) ;
#2105 = ORIENTED_EDGE ( 'NONE', *, *, #8440, .T. ) ;
#2106 = DIRECTION ( 'NONE',  ( -1.000000000000000000, 0.000000000000000000, 0.000000000000000000 ) ) ;
#2107 = ORIENTED_EDGE ( 'NONE', *, *, #5491, .F. ) ;
#2108 = DIRECTION ( 'NONE',  ( 1.000000000000000000, 0.000000000000000000, 0.000000000000000000 ) ) ;
#2109 = TOROIDAL_SURFACE ( 'NONE', #4758, 1.500000000000000000, 1.500000000000000000 ) ;
#2110 = CARTESIAN_POINT ( 'NONE',  ( 20.00000000000000000, 3.500000000000000000, -6.000000000000000000 ) ) ;
#2111 = LINE ( 'NONE', #7020, #7707 ) ;
#2112 = ORIENTED_EDGE ( 'NONE', *, *, #2522, .F. ) ;
#2113 = DIRECTION ( 'NONE',  ( 0.000000000000000000, 1.000000000000000000, 0.000000000000000000 ) ) ;
#2114 = CARTESIAN_POINT ( 'NONE',  ( 0.000000000000000000, 4.000000000000000000, -58.50000000000000000 ) ) ;
#2115 = CARTESIAN_POINT ( 'NONE',  ( 38.99999999999999289, 3.499999999999999556, 9.828733969669862347 ) ) ;
#2116 = VERTEX_POINT ( 'NONE', #1812 ) ;
#2117 = CARTESIAN_POINT ( 'NONE',  ( 50.41708670007007953, 7.411592162337989009, -4.588407837662036748 ) ) ;
#2118 = AXIS2_PLACEMENT_3D ( 'NONE', #1620, #994, #1763 ) ;
#2119 = LINE ( 'NONE', #6297, #2152 ) ;
#2120 = EDGE_LOOP ( 'NONE', ( #912, #1919, #1555, #524 ) ) ;
#2121 = VECTOR ( 'NONE', #260, 1000.000000000000000 ) ;
#2122 = DIRECTION ( 'NONE',  ( 0.7052112295670790454, 0.7071067811865290320, 0.05174090927413710350 ) ) ;
#2123 = VECTOR ( 'NONE', #8128, 1000.000000000000000 ) ;
#2124 = ORIENTED_EDGE ( 'NONE', *, *, #3060, .F. ) ;
#2125 = CARTESIAN_POINT ( 'NONE',  ( -8.000000000000000000, 0.4999999999999730216, 21.00000000000000000 ) ) ;
#2126 = EDGE_CURVE ( 'NONE', #5308, #5443, #938, .T. ) ;
#2127 = DIRECTION ( 'NONE',  ( 0.000000000000000000, 0.000000000000000000, -1.000000000000000000 ) ) ;
#2128 = DIRECTION ( 'NONE',  ( 1.000000000000000000, 0.000000000000000000, 0.000000000000000000 ) ) ;
#2129 = ADVANCED_FACE ( 'NONE', ( #1768 ), #1228, .F. ) ;
#2130 = ORIENTED_EDGE ( 'NONE', *, *, #2869, .F. ) ;
#2131 = ADVANCED_FACE ( 'NONE', ( #7279 ), #5344, .T. ) ;
#2132 = DIRECTION ( 'NONE',  ( 0.000000000000000000, -1.000000000000000000, 0.000000000000000000 ) ) ;
#2133 = VECTOR ( 'NONE', #3041, 1000.000000000000114 ) ;
#2134 = EDGE_CURVE ( 'NONE', #3984, #6614, #8255, .T. ) ;
#2135 = EDGE_LOOP ( 'NONE', ( #6560, #243, #8861, #437, #8457 ) ) ;
#2136 = ORIENTED_EDGE ( 'NONE', *, *, #4612, .T. ) ;
#2137 = DIRECTION ( 'NONE',  ( 0.000000000000000000, 0.7071067811865280328, -0.7071067811865670016 ) ) ;
#2138 = AXIS2_PLACEMENT_3D ( 'NONE', #5761, #180, #5716 ) ;
#2139 = EDGE_LOOP ( 'NONE', ( #9019, #4902, #7901, #2881 ) ) ;
#2140 = CIRCLE ( 'NONE', #7872, 1.500000000000001332 ) ;
#2141 = CARTESIAN_POINT ( 'NONE',  ( 37.96446609406726935, 6.500000000000000888, 0.000000000000000000 ) ) ;
#2142 = DIRECTION ( 'NONE',  ( 0.000000000000000000, -0.7071067811865474617, 0.7071067811865474617 ) ) ;
#2143 = FACE_BOUND ( 'NONE', #1781, .T. ) ;
#2144 = VECTOR ( 'NONE', #5983, 1000.000000000000114 ) ;
#2145 = ORIENTED_EDGE ( 'NONE', *, *, #1486, .T. ) ;
#2146 = ORIENTED_EDGE ( 'NONE', *, *, #6733, .T. ) ;
#2147 = DIRECTION ( 'NONE',  ( 0.000000000000000000, -1.000000000000000000, 0.000000000000000000 ) ) ;
#2148 = CARTESIAN_POINT ( 'NONE',  ( 48.98309516721562318, 10.80774262969186417, 1.192257370308225539 ) ) ;
#2149 = LINE ( 'NONE', #4215, #3712 ) ;
#2150 = CARTESIAN_POINT ( 'NONE',  ( 43.79521196805556116, 3.499999999999972022, 8.499999999999992895 ) ) ;
#2151 = VECTOR ( 'NONE', #3311, 1000.000000000000000 ) ;
#2152 = VECTOR ( 'NONE', #16, 1000.000000000000000 ) ;
#2153 = ORIENTED_EDGE ( 'NONE', *, *, #5860, .F. ) ;
#2154 = CARTESIAN_POINT ( 'NONE',  ( 10.00000000000000178, 4.000000000000000000, -28.50000000000000000 ) ) ;
#2155 = ORIENTED_EDGE ( 'NONE', *, *, #6094, .T. ) ;
#2156 = DIRECTION ( 'NONE',  ( 0.000000000000000000, -1.000000000000000000, 0.000000000000000000 ) ) ;
#2157 = CARTESIAN_POINT ( 'NONE',  ( 40.26776695296637598, 5.267766952966376870, -3.000000000000000888 ) ) ;
#2158 = CARTESIAN_POINT ( 'NONE',  ( 2.000000000000008882, 6.499999999999999112, 53.00000000000000000 ) ) ;
#2159 = EDGE_LOOP ( 'NONE', ( #587, #7924, #6112, #8305 ) ) ;
#2160 = EDGE_CURVE ( 'NONE', #8514, #9039, #3794, .T. ) ;
#2161 = LINE ( 'NONE', #3685, #6914 ) ;
#2162 = LINE ( 'NONE', #2070, #3028 ) ;
#2163 = CARTESIAN_POINT ( 'NONE',  ( 20.00000000000000000, 0.4999999999999730216, 6.000000000000000000 ) ) ;
#2164 = DIRECTION ( 'NONE',  ( -0.7893522173763266592, 0.000000000000000000, -0.6139406135149199084 ) ) ;
#2165 = ORIENTED_EDGE ( 'NONE', *, *, #1624, .T. ) ;
#2166 = CARTESIAN_POINT ( 'NONE',  ( 48.40932001821947495, 9.179359115304917438, -4.830640794888120482 ) ) ;
#2167 = EDGE_CURVE ( 'NONE', #495, #8217, #3064, .T. ) ;
#2168 = CARTESIAN_POINT ( 'NONE',  ( 35.00000000000000000, 4.000000000000000000, 0.000000000000000000 ) ) ;
#2169 = VERTEX_POINT ( 'NONE', #6724 ) ;
#2170 = DIRECTION ( 'NONE',  ( 0.000000000000000000, 0.000000000000000000, 1.000000000000000000 ) ) ;
#2171 = ORIENTED_EDGE ( 'NONE', *, *, #5020, .F. ) ;
#2172 = DIRECTION ( 'NONE',  ( -1.000000000000000000, 0.000000000000000000, 1.734723475976804876E-16 ) ) ;
#2173 = FACE_BOUND ( 'NONE', #8225, .T. ) ;
#2174 = DIRECTION ( 'NONE',  ( -3.066586833366791072E-15, -0.7071067811865480168, 0.7071067811865470176 ) ) ;
#2175 = ORIENTED_EDGE ( 'NONE', *, *, #1015, .F. ) ;
#2176 = FACE_OUTER_BOUND ( 'NONE', #74, .T. ) ;
#2177 = EDGE_LOOP ( 'NONE', ( #2009, #2775, #3068, #2345 ) ) ;
#2178 = EDGE_CURVE ( 'NONE', #612, #7415, #7361, .T. ) ;
#2179 = ADVANCED_FACE ( 'NONE', ( #5254 ), #8589, .F. ) ;
#2180 = ORIENTED_EDGE ( 'NONE', *, *, #566, .T. ) ;
#2181 = CARTESIAN_POINT ( 'NONE',  ( -82.95000000000000284, 1.000000000000000000, 9.000000000000000000 ) ) ;
#2182 = EDGE_LOOP ( 'NONE', ( #508, #874, #8329, #6191, #3700, #6827 ) ) ;
#2183 = LINE ( 'NONE', #174, #7232 ) ;
#2184 = DIRECTION ( 'NONE',  ( 0.000000000000000000, -1.000000000000000000, 0.000000000000000000 ) ) ;
#2185 = CARTESIAN_POINT ( 'NONE',  ( 53.48771061000000060, 4.000000000000000000, 53.48771061000000060 ) ) ;
#2186 = EDGE_CURVE ( 'NONE', #331, #7092, #6072, .T. ) ;
#2187 = ORIENTED_EDGE ( 'NONE', *, *, #5293, .T. ) ;
#2188 = ORIENTED_EDGE ( 'NONE', *, *, #609, .F. ) ;
#2189 = ORIENTED_EDGE ( 'NONE', *, *, #5152, .T. ) ;
#2190 = FACE_OUTER_BOUND ( 'NONE', #4110, .T. ) ;
#2191 = CARTESIAN_POINT ( 'NONE',  ( 41.97383643466491066, 5.551294638776570700, -6.448705361223426635 ) ) ;
#2192 = FACE_OUTER_BOUND ( 'NONE', #6409, .T. ) ;
#2193 = LINE ( 'NONE', #8523, #1554 ) ;
#2194 = EDGE_CURVE ( 'NONE', #2921, #5078, #5328, .T. ) ;
#2195 = ORIENTED_EDGE ( 'NONE', *, *, #1305, .T. ) ;
#2196 = CARTESIAN_POINT ( 'NONE',  ( 41.00000000000000711, 6.000000000000013323, -3.000000000000000888 ) ) ;
#2197 = ADVANCED_FACE ( 'NONE', ( #4669 ), #7458, .F. ) ;
#2198 = ORIENTED_EDGE ( 'NONE', *, *, #5105, .T. ) ;
#2199 = DIRECTION ( 'NONE',  ( 0.000000000000000000, 1.000000000000000000, 0.000000000000000000 ) ) ;
#2200 = CYLINDRICAL_SURFACE ( 'NONE', #842, 2.000000000000001776 ) ;
#2201 = FACE_OUTER_BOUND ( 'NONE', #7889, .T. ) ;
#2202 = ORIENTED_EDGE ( 'NONE', *, *, #7862, .F. ) ;
#2203 = CARTESIAN_POINT ( 'NONE',  ( 47.07264606418934250, 5.267766952966375094, -6.732233047033616913 ) ) ;
#2204 = CARTESIAN_POINT ( 'NONE',  ( 44.00000000000000000, 5.267766952966375094, 6.732233047033618689 ) ) ;
#2205 = CARTESIAN_POINT ( 'NONE',  ( 41.86870676045055717, 8.664816615339365313, 5.111300340323667868 ) ) ;
#2206 = SURFACE_STYLE_FILL_AREA ( #794 ) ;
#2207 = VERTEX_POINT ( 'NONE', #484 ) ;
#2208 = CARTESIAN_POINT ( 'NONE',  ( 0.5529233247697225018, 6.460178387863091842, 50.00000000000000000 ) ) ;
#2209 = DIRECTION ( 'NONE',  ( 0.7071067811865474617, -0.7071067811865474617, 0.000000000000000000 ) ) ;
#2210 = ORIENTED_EDGE ( 'NONE', *, *, #1905, .F. ) ;
#2211 = CARTESIAN_POINT ( 'NONE',  ( 42.47865460874999854, 0.5000000000000281997, 8.824518986904589468 ) ) ;
#2212 = ORIENTED_EDGE ( 'NONE', *, *, #7360, .T. ) ;
#2213 = DIRECTION ( 'NONE',  ( 1.000000000000000000, 0.000000000000000000, 0.000000000000000000 ) ) ;
#2214 = CARTESIAN_POINT ( 'NONE',  ( 44.00000000000000000, 54.00000000000000711, -3.000000000000000888 ) ) ;
#2215 = LINE ( 'NONE', #4281, #2104 ) ;
#2216 = ORIENTED_EDGE ( 'NONE', *, *, #3816, .F. ) ;
#2217 = CARTESIAN_POINT ( 'NONE',  ( -8.000000000000000000, 3.500000000000000000, -21.00000000000000000 ) ) ;
#2218 = ORIENTED_EDGE ( 'NONE', *, *, #30, .T. ) ;
#2219 = VERTEX_POINT ( 'NONE', #3029 ) ;
#2220 = CARTESIAN_POINT ( 'NONE',  ( -82.95000000000000284, 4.000000000000000000, 12.75000000000000000 ) ) ;
#2221 = ORIENTED_EDGE ( 'NONE', *, *, #3824, .F. ) ;
#2222 = DIRECTION ( 'NONE',  ( 0.000000000000000000, 1.000000000000000000, 0.000000000000000000 ) ) ;
#2223 = VECTOR ( 'NONE', #2031, 1000.000000000000000 ) ;
#2225 = TOROIDAL_SURFACE ( 'NONE', #5024, 1.500000000000000000, 1.500000000000000000 ) ;
#2224 = CARTESIAN_POINT ( 'NONE',  ( -68.00000000000000000, 54.00000000000000711, -2.000000000000000888 ) ) ;
#2226 = FACE_OUTER_BOUND ( 'NONE', #7375, .T. ) ;
#2227 = VERTEX_POINT ( 'NONE', #7747 ) ;
#2228 = EDGE_CURVE ( 'NONE', #772, #3177, #1454, .T. ) ;
#2229 = ORIENTED_EDGE ( 'NONE', *, *, #3092, .T. ) ;
#2230 = CONICAL_SURFACE ( 'NONE', #4589, 2.000000000000001776, 0.7853981633974476129 ) ;
#2231 = AXIS2_PLACEMENT_3D ( 'NONE', #2185, #8475, #5810 ) ;
#2232 = ORIENTED_EDGE ( 'NONE', *, *, #8837, .T. ) ;
#2233 = DIRECTION ( 'NONE',  ( 0.000000000000000000, 0.000000000000000000, -1.000000000000000000 ) ) ;
#2234 = CARTESIAN_POINT ( 'NONE',  ( 51.49975572909922050, 10.81960246434875650, 1.180397535651322993 ) ) ;
#2235 = DIRECTION ( 'NONE',  ( 0.000000000000000000, 0.000000000000000000, 1.000000000000000000 ) ) ;
#2236 = LINE ( 'NONE', #3676, #3317 ) ;
#2237 = ADVANCED_FACE ( 'NONE', ( #83 ), #8842, .T. ) ;
#2238 = EDGE_CURVE ( 'NONE', #7535, #5178, #7703, .T. ) ;
#2239 = VECTOR ( 'NONE', #8709, 1000.000000000000000 ) ;
#2240 = ORIENTED_EDGE ( 'NONE', *, *, #620, .F. ) ;
#2241 = DIRECTION ( 'NONE',  ( 1.000000000000000000, 0.000000000000000000, 0.000000000000000000 ) ) ;
#2242 = ADVANCED_FACE ( 'NONE', ( #4350 ), #7003, .F. ) ;
#2243 = EDGE_CURVE ( 'NONE', #6092, #4367, #2965, .T. ) ;
#2244 = ORIENTED_EDGE ( 'NONE', *, *, #5943, .T. ) ;
#2245 = CARTESIAN_POINT ( 'NONE',  ( -70.50000000000000000, 4.000000000000000000, 0.000000000000000000 ) ) ;
#2246 = TOROIDAL_SURFACE ( 'NONE', #4889, 5.500000000000000000, 2.500000000000000000 ) ;
#2247 = CARTESIAN_POINT ( 'NONE',  ( -6.987089219394856165, 3.999999999964981345, -53.77798064943848289 ) ) ;
#2248 = CARTESIAN_POINT ( 'NONE',  ( -4.761394580298129675, 6.499999999999999112, -51.82752399943534272 ) ) ;
#2249 = ORIENTED_EDGE ( 'NONE', *, *, #8922, .F. ) ;
#2250 = VECTOR ( 'NONE', #2591, 1000.000000000000114 ) ;
#2251 = DIRECTION ( 'NONE',  ( 0.000000000000000000, 0.000000000000000000, -1.000000000000000000 ) ) ;
#2252 = DIRECTION ( 'NONE',  ( 0.000000000000000000, -1.000000000000000000, 0.000000000000000000 ) ) ;
#2253 = VECTOR ( 'NONE', #1890, 1000.000000000000000 ) ;
#2254 = EDGE_CURVE ( 'NONE', #4296, #5436, #2281, .T. ) ;
#2255 = DIRECTION ( 'NONE',  ( 0.000000000000000000, -1.000000000000000000, 0.000000000000000000 ) ) ;
#2256 = VERTEX_POINT ( 'NONE', #7891 ) ;
#2257 = CARTESIAN_POINT ( 'NONE',  ( 48.99999999999999289, 12.53553390593281591, 3.000000000000000000 ) ) ;
#2258 = AXIS2_PLACEMENT_3D ( 'NONE', #2901, #1660, #1475 ) ;
#2259 = CONICAL_SURFACE ( 'NONE', #5920, 2.000000000000001776, 0.7853981633974476129 ) ;
#2260 = CARTESIAN_POINT ( 'NONE',  ( 1.879066676236450120E-24, 6.449489742783179658, -50.00000000000000000 ) ) ;
#2261 = ORIENTED_EDGE ( 'NONE', *, *, #6799, .T. ) ;
#2262 = DIRECTION ( 'NONE',  ( 0.000000000000000000, -1.000000000000000000, 0.000000000000000000 ) ) ;
#2263 = ORIENTED_EDGE ( 'NONE', *, *, #7790, .T. ) ;
#2264 = CIRCLE ( 'NONE', #2838, 2.500000000000000444 ) ;
#2265 = CARTESIAN_POINT ( 'NONE',  ( -76.64999999999999147, 0.000000000000000000, 8.500000000000000000 ) ) ;
#2266 = CIRCLE ( 'NONE', #1242, 1.500000000000001332 ) ;
#2267 = CONICAL_SURFACE ( 'NONE', #3298, 46.00000000000000000, 0.7853981633974758125 ) ;
#2268 = DIRECTION ( 'NONE',  ( 0.000000000000000000, -1.000000000000000000, 0.000000000000000000 ) ) ;
#2269 = LINE ( 'NONE', #2320, #1526 ) ;
#2270 = EDGE_LOOP ( 'NONE', ( #4454, #2022 ) ) ;
#2271 = FACE_OUTER_BOUND ( 'NONE', #3622, .T. ) ;
#2272 = EDGE_LOOP ( 'NONE', ( #7615, #7290, #6913, #2819 ) ) ;
#2273 = VECTOR ( 'NONE', #5657, 1000.000000000000000 ) ;
#2274 = CONICAL_SURFACE ( 'NONE', #1979, 1.500000000000001332, 0.7853981633974335130 ) ;
#2275 = CIRCLE ( 'NONE', #7410, 1.500000000000001332 ) ;
#2276 = ORIENTED_EDGE ( 'NONE', *, *, #3991, .T. ) ;
#2277 = CARTESIAN_POINT ( 'NONE',  ( 8.000000000000000000, 3.500000000000000000, 23.00000000000000000 ) ) ;
#2278 = ORIENTED_EDGE ( 'NONE', *, *, #5226, .F. ) ;
#2279 = CARTESIAN_POINT ( 'NONE',  ( -76.64999999999999147, 1.000000000000000000, 0.000000000000000000 ) ) ;
#2280 = VECTOR ( 'NONE', #3224, 1000.000000000000000 ) ;
#2281 = LINE ( 'NONE', #8563, #1518 ) ;
#2282 = CYLINDRICAL_SURFACE ( 'NONE', #2813, 1.500000000000001332 ) ;
#2283 = VERTEX_POINT ( 'NONE', #765 ) ;
#2284 = EDGE_CURVE ( 'NONE', #5480, #972, #1549, .T. ) ;
#2285 = ORIENTED_EDGE ( 'NONE', *, *, #7512, .F. ) ;
#2286 = CONICAL_SURFACE ( 'NONE', #3614, 2.000000000000001776, 0.7853981633974419507 ) ;
#2287 = AXIS2_PLACEMENT_3D ( 'NONE', #775, #4119, #7579 ) ;
#2288 = EDGE_LOOP ( 'NONE', ( #3524, #7964, #1468, #1195 ) ) ;
#2289 = DIRECTION ( 'NONE',  ( 0.000000000000000000, -1.000000000000000000, 0.000000000000000000 ) ) ;
#2290 = CARTESIAN_POINT ( 'NONE',  ( -89.25000000000000000, 1.000000000000000000, 0.000000000000000000 ) ) ;
#2291 = DIRECTION ( 'NONE',  ( 0.000000000000000000, 1.000000000000000000, 0.000000000000000000 ) ) ;
#2292 = DIRECTION ( 'NONE',  ( 8.953411488912552682E-16, 0.000000000000000000, 1.000000000000000000 ) ) ;
#2293 = ORIENTED_EDGE ( 'NONE', *, *, #1968, .T. ) ;
#2294 = DIRECTION ( 'NONE',  ( 0.000000000000000000, 0.000000000000000000, 1.000000000000000000 ) ) ;
#2295 = AXIS2_PLACEMENT_3D ( 'NONE', #6816, #4972, #5146 ) ;
#2296 = ORIENTED_EDGE ( 'NONE', *, *, #1246, .F. ) ;
#2297 = EDGE_CURVE ( 'NONE', #2365, #3097, #499, .T. ) ;
#2298 = ADVANCED_FACE ( 'NONE', ( #2877 ), #3561, .T. ) ;
#2299 = DIRECTION ( 'NONE',  ( 0.000000000000000000, -1.000000000000000000, 0.000000000000000000 ) ) ;
#2300 = PLANE ( 'NONE',  #7571 ) ;
#2301 = VECTOR ( 'NONE', #5653, 1000.000000000000114 ) ;
#2302 = ORIENTED_EDGE ( 'NONE', *, *, #1575, .F. ) ;
#2303 = DIRECTION ( 'NONE',  ( 0.000000000000000000, 0.000000000000000000, -1.000000000000000000 ) ) ;
#2304 = DIRECTION ( 'NONE',  ( -1.000000000000000000, 0.000000000000000000, 0.000000000000000000 ) ) ;
#2305 = EDGE_CURVE ( 'NONE', #127, #9012, #3708, .T. ) ;
#2306 = AXIS2_PLACEMENT_3D ( 'NONE', #7414, #1941, #1178 ) ;
#2308 = EDGE_CURVE ( 'NONE', #5308, #8559, #8473, .T. ) ;
#2307 = CARTESIAN_POINT ( 'NONE',  ( -86.00000000000000000, 0.000000000000000000, 13.54999999999999893 ) ) ;
#2309 = VERTEX_POINT ( 'NONE', #4985 ) ;
#2310 = CARTESIAN_POINT ( 'NONE',  ( 0.6609550746779550012, 3.999999998138422441, 47.94148430167599173 ) ) ;
#2311 = EDGE_CURVE ( 'NONE', #5947, #5382, #34, .T. ) ;
#2312 = CARTESIAN_POINT ( 'NONE',  ( 41.87867965644035451, 8.646446609406746475, -5.121320343559642829 ) ) ;
#2313 = CONICAL_SURFACE ( 'NONE', #1876, 46.50000000000000000, 0.7853981633974758125 ) ;
#2314 = LINE ( 'NONE', #7218, #4764 ) ;
#2315 = AXIS2_PLACEMENT_3D ( 'NONE', #96, #144, #2241 ) ;
#2316 = DIRECTION ( 'NONE',  ( -0.000000000000000000, -1.000000000000000000, 0.000000000000000000 ) ) ;
#2317 = ORIENTED_EDGE ( 'NONE', *, *, #5659, .T. ) ;
#2318 = CARTESIAN_POINT ( 'NONE',  ( 0.000000000000000000, 0.000000000000000000, 58.50000000000000000 ) ) ;
#2319 = DIRECTION ( 'NONE',  ( 0.000000000000000000, -1.000000000000000000, 0.000000000000000000 ) ) ;
#2320 = CARTESIAN_POINT ( 'NONE',  ( -10.00000000000000178, 4.000000000000000000, -32.39999999999999858 ) ) ;
#2321 = EDGE_CURVE ( 'NONE', #1966, #5139, #6499, .T. ) ;
#2322 = EDGE_CURVE ( 'NONE', #4746, #6412, #5809, .T. ) ;
#2323 = ORIENTED_EDGE ( 'NONE', *, *, #2305, .F. ) ;
#2324 = DIRECTION ( 'NONE',  ( 0.000000000000000000, 1.000000000000000000, 0.000000000000000000 ) ) ;
#2325 = VERTEX_POINT ( 'NONE', #822 ) ;
#2326 = EDGE_CURVE ( 'NONE', #2891, #8794, #4299, .T. ) ;
#2327 = EDGE_CURVE ( 'NONE', #7807, #4107, #2687, .T. ) ;
#2328 = ORIENTED_EDGE ( 'NONE', *, *, #7749, .T. ) ;
#2329 = CARTESIAN_POINT ( 'NONE',  ( -1.658312395177696574, 4.000000000000000000, 47.50000000000000000 ) ) ;
#2330 = ORIENTED_EDGE ( 'NONE', *, *, #7135, .T. ) ;
#2331 = DIRECTION ( 'NONE',  ( 0.000000000000000000, 0.000000000000000000, 1.000000000000000000 ) ) ;
#2332 = CARTESIAN_POINT ( 'NONE',  ( -92.00000000000000000, 0.000000000000000000, -15.25000000000000000 ) ) ;
#2333 = CARTESIAN_POINT ( 'NONE',  ( 5.616384920805930214, 0.5000000000000071054, -59.00000000000000000 ) ) ;
#2334 = B_SPLINE_CURVE_WITH_KNOTS ( 'NONE', 3,
 ( #1515, #7718, #4316, #3584, #2939, #3527 ),
 .UNSPECIFIED., .F., .F.,
 ( 4, 2, 4 ),
 ( 0.000000000000000000, 0.0006365881798735178792, 0.001273176359747035758 ),
 .UNSPECIFIED. ) ;
#2335 = ORIENTED_EDGE ( 'NONE', *, *, #700, .F. ) ;
#2336 = ORIENTED_EDGE ( 'NONE', *, *, #4079, .F. ) ;
#2337 = EDGE_CURVE ( 'NONE', #8007, #339, #7386, .T. ) ;
#2338 = EDGE_LOOP ( 'NONE', ( #6531, #5759, #3779, #5220 ) ) ;
#2339 = DIRECTION ( 'NONE',  ( 0.000000000000000000, 0.000000000000000000, 1.000000000000000000 ) ) ;
#2340 = CARTESIAN_POINT ( 'NONE',  ( 44.00000000000000000, 5.267766952966377758, -6.732233047033615136 ) ) ;
#2341 = DIRECTION ( 'NONE',  ( 0.000000000000000000, 1.000000000000000000, 0.000000000000000000 ) ) ;
#2342 = CARTESIAN_POINT ( 'NONE',  ( 6.986180380252717370, 4.000000000029845459, 53.38543574640137024 ) ) ;
#2343 = ORIENTED_EDGE ( 'NONE', *, *, #1789, .F. ) ;
#2344 = CARTESIAN_POINT ( 'NONE',  ( 41.13670325315248277, 6.136703253153507731, -4.067603541683841861 ) ) ;
#2345 = ORIENTED_EDGE ( 'NONE', *, *, #350, .F. ) ;
#2346 = DIRECTION ( 'NONE',  ( -1.000000000000000000, 8.673617379884040402E-17, 0.000000000000000000 ) ) ;
#2347 = CARTESIAN_POINT ( 'NONE',  ( -91.41851592179749275, 0.5000000000000071054, 27.46360623735135320 ) ) ;
#2348 = ORIENTED_EDGE ( 'NONE', *, *, #6203, .F. ) ;
#2349 = CARTESIAN_POINT ( 'NONE',  ( 45.99999999999999289, 5.267766952966375094, -6.732233047033618689 ) ) ;
#2350 = CARTESIAN_POINT ( 'NONE',  ( -92.00000000000000000, -6.000000000000000000, 16.75000000000000000 ) ) ;
#2351 = FACE_OUTER_BOUND ( 'NONE', #458, .T. ) ;
#2352 = VERTEX_POINT ( 'NONE', #8425 ) ;
#2353 = CARTESIAN_POINT ( 'NONE',  ( 48.99999999999998579, 11.41047046672092158, 3.333689113579284768 ) ) ;
#2354 = EDGE_CURVE ( 'NONE', #8178, #1173, #4532, .T. ) ;
#2355 = CARTESIAN_POINT ( 'NONE',  ( -10.00000000000000000, 2.399999999999999911, -28.49999999999999645 ) ) ;
#2356 = LINE ( 'NONE', #5145, #6229 ) ;
#2357 = CARTESIAN_POINT ( 'NONE',  ( -93.06768137013648357, 0.5000000000000071054, 28.33212343854054893 ) ) ;
#2358 = VERTEX_POINT ( 'NONE', #5856 ) ;
#2359 = DIRECTION ( 'NONE',  ( 0.000000000000000000, 0.000000000000000000, 1.000000000000000000 ) ) ;
#2360 = CARTESIAN_POINT ( 'NONE',  ( -1.999999999999991340, 4.000000000000000000, 58.50000000000000000 ) ) ;
#2361 = DIRECTION ( 'NONE',  ( 0.000000000000000000, 1.000000000000000000, 0.000000000000000000 ) ) ;
#2362 = EDGE_CURVE ( 'NONE', #6412, #286, #2632, .T. ) ;
#2363 = CARTESIAN_POINT ( 'NONE',  ( 41.21479288466100144, 5.970144055671057437, -6.029855944328946116 ) ) ;
#2364 = ORIENTED_EDGE ( 'NONE', *, *, #3537, .F. ) ;
#2365 = VERTEX_POINT ( 'NONE', #532 ) ;
#2366 = DIRECTION ( 'NONE',  ( 0.000000000000000000, 0.000000000000000000, 1.000000000000000000 ) ) ;
#2367 = ORIENTED_EDGE ( 'NONE', *, *, #910, .F. ) ;
#2368 = LINE ( 'NONE', #8020, #4014 ) ;
#2369 = CARTESIAN_POINT ( 'NONE',  ( 1.836970198721035111E-16, 1.699999999999999956, 46.50000000000000000 ) ) ;
#2370 = FACE_OUTER_BOUND ( 'NONE', #4590, .T. ) ;
#2371 = ORIENTED_EDGE ( 'NONE', *, *, #6799, .F. ) ;
#2372 = VERTEX_POINT ( 'NONE', #2369 ) ;
#2373 = EDGE_LOOP ( 'NONE', ( #557, #4980, #4973, #4729 ) ) ;
#2374 = AXIS2_PLACEMENT_3D ( 'NONE', #4178, #5512, #7628 ) ;
#2375 = CARTESIAN_POINT ( 'NONE',  ( -7.062556730546592831, 6.500000000000000888, -50.85046066563143796 ) ) ;
#2376 = CARTESIAN_POINT ( 'NONE',  ( -1.999999999999991340, 52.50000000000000711, 53.00000000000000000 ) ) ;
#2377 = VECTOR ( 'NONE', #5483, 1000.000000000000000 ) ;
#2378 = CARTESIAN_POINT ( 'NONE',  ( -87.00000000000000000, 1.000000000000000000, 12.55000000000000071 ) ) ;
#2379 = DIRECTION ( 'NONE',  ( 0.000000000000000000, 0.000000000000000000, -1.000000000000000000 ) ) ;
#2380 = APPLICATION_CONTEXT ( 'automotive_design' ) ;
#2381 = CARTESIAN_POINT ( 'NONE',  ( 2.000000000000008882, 6.499999999999999112, 53.00000000000000711 ) ) ;
#2382 = ORIENTED_EDGE ( 'NONE', *, *, #609, .T. ) ;
#2383 = CARTESIAN_POINT ( 'NONE',  ( 40.97014405567083628, 5.970144055670847827, -5.785207115337322570 ) ) ;
#2384 = AXIS2_PLACEMENT_3D ( 'NONE', #6281, #514, #3313 ) ;
#2385 = CIRCLE ( 'NONE', #3709, 1.500000000000000000 ) ;
#2386 = ORIENTED_EDGE ( 'NONE', *, *, #1347, .T. ) ;
#2387 = DIRECTION ( 'NONE',  ( -1.000000000000000000, 0.000000000000000000, 0.000000000000000000 ) ) ;
#2388 = DIRECTION ( 'NONE',  ( 0.000000000000000000, 1.000000000000000000, 0.000000000000000000 ) ) ;
#2389 = ORIENTED_EDGE ( 'NONE', *, *, #7303, .F. ) ;
#2390 = CARTESIAN_POINT ( 'NONE',  ( -0.6490751646322180379, 4.370759469249280826, -50.00000000000000000 ) ) ;
#2391 = DIRECTION ( 'NONE',  ( -1.000000000000000000, 0.000000000000000000, 0.000000000000000000 ) ) ;
#2392 = AXIS2_PLACEMENT_3D ( 'NONE', #6870, #4808, #4076 ) ;
#2393 = CIRCLE ( 'NONE', #2680, 3.000000000000002665 ) ;
#2394 = DIRECTION ( 'NONE',  ( 0.000000000000000000, 0.000000000000000000, -1.000000000000000000 ) ) ;
#2395 = ORIENTED_EDGE ( 'NONE', *, *, #9071, .F. ) ;
#2396 = CARTESIAN_POINT ( 'NONE',  ( 49.00000000000000000, 10.29218819615850045, 3.686145719526588760 ) ) ;
#2397 = DIRECTION ( 'NONE',  ( -0.000000000000000000, 1.000000000000000000, -0.000000000000000000 ) ) ;
#2398 = VECTOR ( 'NONE', #2912, 1000.000000000000114 ) ;
#2399 = EDGE_CURVE ( 'NONE', #8029, #127, #5336, .T. ) ;
#2400 = FACE_OUTER_BOUND ( 'NONE', #1482, .T. ) ;
#2401 = VECTOR ( 'NONE', #720, 1000.000000000000000 ) ;
#2402 = CARTESIAN_POINT ( 'NONE',  ( 0.5529580161480690537, 6.460179911471815473, -50.00000000000000711 ) ) ;
#2403 = ORIENTED_EDGE ( 'NONE', *, *, #2991, .F. ) ;
#2404 = DIRECTION ( 'NONE',  ( 0.000000000000000000, 1.000000000000000000, 0.000000000000000000 ) ) ;
#2405 = CARTESIAN_POINT ( 'NONE',  ( -53.48771061000000060, 0.000000000000000000, 53.48771061000000060 ) ) ;
#2407 = CARTESIAN_POINT ( 'NONE',  ( -78.39999999999999147, 1.000000000000000000, -2.417819031405915202E-13 ) ) ;
#2406 = CIRCLE ( 'NONE', #7673, 1.000000000000000888 ) ;
#2408 = VECTOR ( 'NONE', #2630, 1000.000000000000000 ) ;
#2409 = VECTOR ( 'NONE', #8941, 999.9999999999998863 ) ;
#2410 = CARTESIAN_POINT ( 'NONE',  ( 43.21004863337831381, 7.180428588776529786, -5.920966536631484978 ) ) ;
#2411 = ORIENTED_EDGE ( 'NONE', *, *, #2908, .T. ) ;
#2412 = CIRCLE ( 'NONE', #7095, 1.500000000000001332 ) ;
#2413 = VECTOR ( 'NONE', #1194, 1000.000000000000000 ) ;
#2414 = DIRECTION ( 'NONE',  ( 0.000000000000000000, -0.000000000000000000, -1.000000000000000000 ) ) ;
#2415 = EDGE_CURVE ( 'NONE', #2358, #5528, #8021, .T. ) ;
#2416 = AXIS2_PLACEMENT_3D ( 'NONE', #1266, #4020, #8279 ) ;
#2417 = ORIENTED_EDGE ( 'NONE', *, *, #4250, .F. ) ;
#2418 = EDGE_CURVE ( 'NONE', #3914, #4196, #5162, .T. ) ;
#2419 = DIRECTION ( 'NONE',  ( 0.000000000000000000, 0.000000000000000000, -1.000000000000000000 ) ) ;
#2420 = ORIENTED_EDGE ( 'NONE', *, *, #3164, .T. ) ;
#2421 = CARTESIAN_POINT ( 'NONE',  ( -95.37740409499218686, 3.500000000000000000, 28.33212343854049919 ) ) ;
#2422 = ADVANCED_FACE ( 'NONE', ( #5123 ), #5899, .F. ) ;
#2423 = DIRECTION ( 'NONE',  ( 0.000000000000000000, 0.000000000000000000, -1.000000000000000000 ) ) ;
#2424 = EDGE_CURVE ( 'NONE', #312, #8245, #6063, .T. ) ;
#2425 = AXIS2_PLACEMENT_3D ( 'NONE', #4614, #8052, #6722 ) ;
#2426 = CARTESIAN_POINT ( 'NONE',  ( -4.999697452908036688, 4.411679540419331857, 52.76144518966648178 ) ) ;
#2427 = AXIS2_PLACEMENT_3D ( 'NONE', #5017, #7822, #3829 ) ;
#2428 = ORIENTED_EDGE ( 'NONE', *, *, #3668, .F. ) ;
#2429 = VERTEX_POINT ( 'NONE', #3070 ) ;
#2430 = VERTEX_POINT ( 'NONE', #1261 ) ;
#2431 = CARTESIAN_POINT ( 'NONE',  ( -5.616384920805930214, 0.5000000000000071054, -57.00000000000000000 ) ) ;
#2432 = DIRECTION ( 'NONE',  ( 0.000000000000000000, 0.000000000000000000, -1.000000000000000000 ) ) ;
#2433 = AXIS2_PLACEMENT_3D ( 'NONE', #7943, #5832, #248 ) ;
#2434 = DIRECTION ( 'NONE',  ( 0.000000000000000000, 1.000000000000000000, 0.000000000000000000 ) ) ;
#2435 = LINE ( 'NONE', #5909, #7122 ) ;
#2436 = CARTESIAN_POINT ( 'NONE',  ( 39.01920493364895037, 4.019204933644548561, -0.1588304972132393023 ) ) ;
#2437 = ORIENTED_EDGE ( 'NONE', *, *, #6162, .T. ) ;
#2438 = PLANE ( 'NONE',  #1501 ) ;
#2439 = CIRCLE ( 'NONE', #8289, 1.500000000000000000 ) ;
#2440 = AXIS2_PLACEMENT_3D ( 'NONE', #4774, #2754, #4815 ) ;
#2441 = ORIENTED_EDGE ( 'NONE', *, *, #4666, .F. ) ;
#2442 = CARTESIAN_POINT ( 'NONE',  ( 8.000000000000000000, 0.000000000000000000, 23.00000000000000000 ) ) ;
#2443 = DIRECTION ( 'NONE',  ( 0.000000000000000000, -0.7071067811865280328, -0.7071067811865670016 ) ) ;
#2444 = ORIENTED_EDGE ( 'NONE', *, *, #1583, .T. ) ;
#2445 = CYLINDRICAL_SURFACE ( 'NONE', #1361, 2.500000000000002220 ) ;
#2446 = CARTESIAN_POINT ( 'NONE',  ( -4.999999999999991118, 6.499999999999999112, 50.00000000000000000 ) ) ;
#2447 = AXIS2_PLACEMENT_3D ( 'NONE', #7334, #7982, #1695 ) ;
#2448 = CONICAL_SURFACE ( 'NONE', #2295, 1.500000000000001332, 0.7853981633974723708 ) ;
#2449 = CARTESIAN_POINT ( 'NONE',  ( 37.96446609406726935, 4.000000000000000000, 0.000000000000000000 ) ) ;
#2450 = CIRCLE ( 'NONE', #2736, 1.249999999999999334 ) ;
#2451 = EDGE_LOOP ( 'NONE', ( #8937, #8405, #2579, #6751 ) ) ;
#2452 = DIRECTION ( 'NONE',  ( 1.000000000000000000, -0.000000000000000000, -0.000000000000000000 ) ) ;
#2453 = DIRECTION ( 'NONE',  ( 0.000000000000000000, 0.000000000000000000, -1.000000000000000000 ) ) ;
#2454 = VECTOR ( 'NONE', #8216, 1000.000000000000000 ) ;
#2455 = CARTESIAN_POINT ( 'NONE',  ( 38.99999999999999289, 0.5000000000000073275, -9.828733969669849913 ) ) ;
#2456 = EDGE_CURVE ( 'NONE', #2659, #4968, #2054, .T. ) ;
#2457 = CARTESIAN_POINT ( 'NONE',  ( 5.000000000000000000, 6.447489024775967081, -52.99999999999999289 ) ) ;
#2458 = ORIENTED_EDGE ( 'NONE', *, *, #5772, .T. ) ;
#2459 = DIRECTION ( 'NONE',  ( 0.000000000000000000, 0.000000000000000000, 1.000000000000000000 ) ) ;
#2460 = DIRECTION ( 'NONE',  ( 1.000000000000000000, 0.000000000000000000, 0.000000000000000000 ) ) ;
#2461 = DIRECTION ( 'NONE',  ( -1.000000000000000000, 0.000000000000000000, 1.734723475976804876E-16 ) ) ;
#2462 = EDGE_CURVE ( 'NONE', #5181, #356, #310, .T. ) ;
#2463 = AXIS2_PLACEMENT_3D ( 'NONE', #5369, #2652, #8208 ) ;
#2464 = CARTESIAN_POINT ( 'NONE',  ( -2.000000000000000000, 6.499999999999999112, -53.00000000000000711 ) ) ;
#2465 = ORIENTED_EDGE ( 'NONE', *, *, #2599, .T. ) ;
#2466 = DIRECTION ( 'NONE',  ( 0.9709389483281614108, 0.000000000000000000, 0.2393273043750005213 ) ) ;
#2467 = ORIENTED_EDGE ( 'NONE', *, *, #4487, .T. ) ;
#2468 = CARTESIAN_POINT ( 'NONE',  ( -68.00000000000000000, 52.50000000000000711, -2.000000000000000888 ) ) ;
#2469 = ORIENTED_EDGE ( 'NONE', *, *, #2327, .F. ) ;
#2470 = DIRECTION ( 'NONE',  ( 0.000000000000000000, -1.000000000000000000, 0.000000000000000000 ) ) ;
#2471 = DIRECTION ( 'NONE',  ( -0.000000000000000000, 1.000000000000000000, -0.000000000000000000 ) ) ;
#2472 = CARTESIAN_POINT ( 'NONE',  ( -4.761394580298123458, 3.999999999999997335, 51.82752399943534982 ) ) ;
#2473 = ADVANCED_FACE ( 'NONE', ( #8697 ), #2259, .F. ) ;
#2474 = EDGE_CURVE ( 'NONE', #1401, #6045, #270, .T. ) ;
#2475 = ORIENTED_EDGE ( 'NONE', *, *, #1186, .F. ) ;
#2476 = ORIENTED_EDGE ( 'NONE', *, *, #6219, .T. ) ;
#2477 = ORIENTED_EDGE ( 'NONE', *, *, #3577, .F. ) ;
#2478 = CARTESIAN_POINT ( 'NONE',  ( -4.979330267050129599, 6.458948729602750127, -52.59583168450009083 ) ) ;
#2479 = CARTESIAN_POINT ( 'NONE',  ( 42.47865460874999854, 3.500000000000041300, -8.824518986904578810 ) ) ;
#2480 = DIRECTION ( 'NONE',  ( 0.000000000000000000, 0.000000000000000000, 1.000000000000000000 ) ) ;
#2481 = VERTEX_POINT ( 'NONE', #5216 ) ;
#2482 = DIRECTION ( 'NONE',  ( 0.000000000000000000, 0.000000000000000000, 1.000000000000000000 ) ) ;
#2483 = EDGE_LOOP ( 'NONE', ( #8019, #1835, #8385, #1837 ) ) ;
#2484 = DIRECTION ( 'NONE',  ( 0.000000000000000000, 1.000000000000000000, 0.000000000000000000 ) ) ;
#2485 = DIRECTION ( 'NONE',  ( 0.000000000000000000, -1.000000000000000000, 0.000000000000000000 ) ) ;
#2486 = EDGE_CURVE ( 'NONE', #4347, #5890, #3273, .T. ) ;
#2487 = ORIENTED_EDGE ( 'NONE', *, *, #4525, .T. ) ;
#2488 = DIRECTION ( 'NONE',  ( 0.000000000000000000, 0.000000000000000000, 1.000000000000000000 ) ) ;
#2489 = CARTESIAN_POINT ( 'NONE',  ( -10.00000000000000000, 2.399999999999999911, -33.89999999999999858 ) ) ;
#2490 = DIRECTION ( 'NONE',  ( -0.000000000000000000, 1.000000000000000000, -0.000000000000000000 ) ) ;
#2491 = ORIENTED_EDGE ( 'NONE', *, *, #5321, .T. ) ;
#2492 = DIRECTION ( 'NONE',  ( -0.000000000000000000, 1.000000000000000000, -0.000000000000000000 ) ) ;
#2493 = EDGE_CURVE ( 'NONE', #7284, #3228, #2817, .T. ) ;
#2494 = EDGE_LOOP ( 'NONE', ( #126, #7282 ) ) ;
#2495 = CARTESIAN_POINT ( 'NONE',  ( 1.381641065901730858, 6.499999999999998224, 50.00000000000000711 ) ) ;
#2496 = DIRECTION ( 'NONE',  ( -0.000000000000000000, -1.000000000000000000, -0.000000000000000000 ) ) ;
#2497 = EDGE_LOOP ( 'NONE', ( #4573, #1408 ) ) ;
#2498 = CARTESIAN_POINT ( 'NONE',  ( 0.000000000000000000, 4.000000000000000000, -45.00000000000000000 ) ) ;
#2499 = CARTESIAN_POINT ( 'NONE',  ( -59.50000000000000000, 6.499999999999999112, -2.000000000000000888 ) ) ;
#2500 = DIRECTION ( 'NONE',  ( -0.000000000000000000, -1.000000000000000000, -0.000000000000000000 ) ) ;
#2501 = DIRECTION ( 'NONE',  ( 0.000000000000000000, 0.000000000000000000, 1.000000000000000000 ) ) ;
#2502 = ORIENTED_EDGE ( 'NONE', *, *, #6546, .F. ) ;
#2503 = PLANE ( 'NONE',  #3742 ) ;
#2504 = ORIENTED_EDGE ( 'NONE', *, *, #6895, .T. ) ;
#2505 = DIRECTION ( 'NONE',  ( -0.000000000000000000, 1.000000000000000000, -0.000000000000000000 ) ) ;
#2506 = ORIENTED_EDGE ( 'NONE', *, *, #3507, .T. ) ;
#2507 = CARTESIAN_POINT ( 'NONE',  ( 40.26776695296952369, 5.267766952969524574, 3.724401735522324230 ) ) ;
#2508 = CARTESIAN_POINT ( 'NONE',  ( -4.792807045998277893, 4.150403553531188727, 54.10354269805179683 ) ) ;
#2509 = DIRECTION ( 'NONE',  ( 1.000000000000000000, -0.000000000000000000, 0.000000000000000000 ) ) ;
#2510 = ORIENTED_EDGE ( 'NONE', *, *, #971, .T. ) ;
#2511 = ORIENTED_EDGE ( 'NONE', *, *, #4356, .T. ) ;
#2512 = ORIENTED_EDGE ( 'NONE', *, *, #1742, .T. ) ;
#2513 = FACE_OUTER_BOUND ( 'NONE', #8348, .T. ) ;
#2514 = DIRECTION ( 'NONE',  ( 0.000000000000000000, 0.000000000000000000, 1.000000000000000000 ) ) ;
#2515 = DIRECTION ( 'NONE',  ( 0.000000000000000000, 0.000000000000000000, 1.000000000000000000 ) ) ;
#2516 = ORIENTED_EDGE ( 'NONE', *, *, #1246, .T. ) ;
#2517 = CARTESIAN_POINT ( 'NONE',  ( 0.000000000000000000, 0.000000000000000000, -45.00000000000000000 ) ) ;
#2518 = EDGE_LOOP ( 'NONE', ( #4499, #8611, #7112, #1000 ) ) ;
#2519 = AXIS2_PLACEMENT_3D ( 'NONE', #625, #3422, #1191 ) ;
#2520 = DIRECTION ( 'NONE',  ( 0.000000000000000000, -1.000000000000000000, 0.000000000000000000 ) ) ;
#2521 = CARTESIAN_POINT ( 'NONE',  ( 0.000000000000000000, 4.000000000000000000, -9.035533905932723542 ) ) ;
#2522 = EDGE_CURVE ( 'NONE', #2352, #6257, #4869, .T. ) ;
#2523 = ORIENTED_EDGE ( 'NONE', *, *, #7202, .T. ) ;
#2524 = CARTESIAN_POINT ( 'NONE',  ( -78.89999999999999147, 0.000000000000000000, -12.55000000000000071 ) ) ;
#2525 = EDGE_CURVE ( 'NONE', #6985, #6271, #13, .T. ) ;
#2526 = PLANE ( 'NONE',  #4770 ) ;
#2527 = DIRECTION ( 'NONE',  ( 0.000000000000000000, 0.000000000000000000, -1.000000000000000000 ) ) ;
#2528 = AXIS2_PLACEMENT_3D ( 'NONE', #8447, #4964, #5729 ) ;
#2529 = ADVANCED_FACE ( 'NONE', ( #4184 ), #4233, .F. ) ;
#2530 = ORIENTED_EDGE ( 'NONE', *, *, #3018, .F. ) ;
#2531 = LINE ( 'NONE', #5414, #4364 ) ;
#2532 = CIRCLE ( 'NONE', #6038, 1.500000000000001332 ) ;
#2533 = ADVANCED_FACE ( 'NONE', ( #2669 ), #453, .F. ) ;
#2534 = VERTEX_POINT ( 'NONE', #796 ) ;
#2535 = DIRECTION ( 'NONE',  ( 1.000000000000000000, 0.000000000000000000, 0.000000000000000000 ) ) ;
#2536 = VECTOR ( 'NONE', #8434, 1000.000000000000000 ) ;
#2537 = CARTESIAN_POINT ( 'NONE',  ( -86.00000000000000000, 1.000000000000000000, -13.54999999999999893 ) ) ;
#2538 = ORIENTED_EDGE ( 'NONE', *, *, #7360, .F. ) ;
#2539 = AXIS2_PLACEMENT_3D ( 'NONE', #25, #7739, #3017 ) ;
#2540 = DIRECTION ( 'NONE',  ( 3.083952846181010199E-15, 0.000000000000000000, -1.000000000000000000 ) ) ;
#2541 = CARTESIAN_POINT ( 'NONE',  ( 53.48771061000000060, 4.000000000000000000, -53.48771061000000060 ) ) ;
#2542 = CARTESIAN_POINT ( 'NONE',  ( 1.658312395177694132, 3.999999999999986233, -50.00000000000000711 ) ) ;
#2543 = CONICAL_SURFACE ( 'NONE', #7226, 1.500000000000001332, 0.5779019369622463431 ) ;
#2544 = CYLINDRICAL_SURFACE ( 'NONE', #1667, 1.000000000000000888 ) ;
#2545 = CIRCLE ( 'NONE', #3138, 2.500000000000002220 ) ;
#2546 = CARTESIAN_POINT ( 'NONE',  ( -20.00000000000000000, 3.500000000000000000, 0.000000000000000000 ) ) ;
#2547 = ORIENTED_EDGE ( 'NONE', *, *, #6878, .T. ) ;
#2548 = CARTESIAN_POINT ( 'NONE',  ( 0.000000000000000000, 1.699999999999999956, -45.00000000000000000 ) ) ;
#2549 = ORIENTED_EDGE ( 'NONE', *, *, #3804, .F. ) ;
#2550 = CIRCLE ( 'NONE', #8992, 46.50000000000000000 ) ;
#2551 = CIRCLE ( 'NONE', #354, 46.00000000000000000 ) ;
#2552 = VECTOR ( 'NONE', #7328, 1000.000000000000000 ) ;
#2553 = FACE_OUTER_BOUND ( 'NONE', #2885, .T. ) ;
#2554 = CARTESIAN_POINT ( 'NONE',  ( 45.99999999999999289, 52.50000000000000711, -4.500000000000000888 ) ) ;
#2555 = VERTEX_POINT ( 'NONE', #5464 ) ;
#2556 = CONICAL_SURFACE ( 'NONE', #8701, 0.7499999999999997780, 0.7853981633974476129 ) ;
#2557 = CIRCLE ( 'NONE', #8272, 3.000000000000002665 ) ;
#2558 = EDGE_LOOP ( 'NONE', ( #7910, #2317, #1614, #7519, #5005 ) ) ;
#2559 = ORIENTED_EDGE ( 'NONE', *, *, #6516, .T. ) ;
#2560 = CARTESIAN_POINT ( 'NONE',  ( -4.970224485571152151, 4.378910007066732391, -52.52634113725157761 ) ) ;
#2561 = FACE_OUTER_BOUND ( 'NONE', #1237, .T. ) ;
#2562 = CIRCLE ( 'NONE', #1535, 1.500000000000001332 ) ;
#2563 = FACE_OUTER_BOUND ( 'NONE', #6717, .T. ) ;
#2564 = AXIS2_PLACEMENT_3D ( 'NONE', #2114, #5689, #4179 ) ;
#2565 = EDGE_LOOP ( 'NONE', ( #1281, #72, #380, #4262 ) ) ;
#2566 = CARTESIAN_POINT ( 'NONE',  ( -93.06768137013648357, 4.000000000000000000, -26.33212343854044946 ) ) ;
#2567 = EDGE_CURVE ( 'NONE', #273, #7117, #4608, .T. ) ;
#2568 = ORIENTED_EDGE ( 'NONE', *, *, #6525, .F. ) ;
#2569 = CARTESIAN_POINT ( 'NONE',  ( -62.00000000000000000, 54.00000000000000711, -2.000000000000000888 ) ) ;
#2570 = DIRECTION ( 'NONE',  ( 0.000000000000000000, 1.000000000000000000, 0.000000000000000000 ) ) ;
#2571 = CARTESIAN_POINT ( 'NONE',  ( -7.112363848593250104, 0.000000000000000000, -56.89024095656250068 ) ) ;
#2572 = DIRECTION ( 'NONE',  ( -0.7071067811865475727, 0.7071067811865475727, 0.000000000000000000 ) ) ;
#2573 = CARTESIAN_POINT ( 'NONE',  ( -97.31266482493280989, 0.5000000000000071054, -25.82738003130310034 ) ) ;
#2574 = ORIENTED_EDGE ( 'NONE', *, *, #7482, .T. ) ;
#2575 = CARTESIAN_POINT ( 'NONE',  ( 40.26776695296637598, 5.267766952966376870, 3.000000000000000000 ) ) ;
#2576 = CIRCLE ( 'NONE', #3756, 2.000000000000001776 ) ;
#2577 = ADVANCED_FACE ( 'NONE', ( #5409 ), #6708, .F. ) ;
#2578 = ADVANCED_FACE ( 'NONE', ( #3179 ), #7675, .F. ) ;
#2579 = ORIENTED_EDGE ( 'NONE', *, *, #139, .T. ) ;
#2580 = DIRECTION ( 'NONE',  ( 1.000000000000000000, 0.000000000000000000, 5.782411586589350736E-16 ) ) ;
#2581 = EDGE_CURVE ( 'NONE', #5750, #6035, #62, .T. ) ;
#2582 = CARTESIAN_POINT ( 'NONE',  ( 7.007730449718226673, 3.999999999999995559, -54.89605069501890711 ) ) ;
#2583 = VECTOR ( 'NONE', #8532, 1000.000000000000000 ) ;
#2584 = ORIENTED_EDGE ( 'NONE', *, *, #47, .T. ) ;
#2585 = DIRECTION ( 'NONE',  ( 0.000000000000000000, 0.000000000000000000, 1.000000000000000000 ) ) ;
#2586 = AXIS2_PLACEMENT_3D ( 'NONE', #6725, #7597, #4061 ) ;
#2587 = DIRECTION ( 'NONE',  ( 0.000000000000000000, -1.000000000000000000, 0.000000000000000000 ) ) ;
#2588 = DIRECTION ( 'NONE',  ( 0.000000000000000000, -1.000000000000000000, 0.000000000000000000 ) ) ;
#2589 = CARTESIAN_POINT ( 'NONE',  ( -94.54951133768634008, 3.883863749051699621, 13.81650485010296414 ) ) ;
#2590 = EDGE_CURVE ( 'NONE', #7745, #426, #3857, .T. ) ;
#2591 = DIRECTION ( 'NONE',  ( -0.7071067811865474617, -0.7071067811865474617, -3.679904200040092015E-15 ) ) ;
#2592 = CIRCLE ( 'NONE', #407, 0.9999999999999974465 ) ;
#2593 = CARTESIAN_POINT ( 'NONE',  ( 0.000000000000000000, 4.000000000000000000, -48.00000000000000000 ) ) ;
#2594 = ORIENTED_EDGE ( 'NONE', *, *, #4989, .F. ) ;
#2595 = DIRECTION ( 'NONE',  ( 0.000000000000000000, 1.000000000000000000, 0.000000000000000000 ) ) ;
#2596 = ORIENTED_EDGE ( 'NONE', *, *, #3383, .T. ) ;
#2597 = CARTESIAN_POINT ( 'NONE',  ( -92.00000000000000000, 1.699999999999999956, 15.25000000000000000 ) ) ;
#2598 = EDGE_CURVE ( 'NONE', #8931, #2325, #5370, .T. ) ;
#2599 = EDGE_CURVE ( 'NONE', #3245, #4406, #4455, .T. ) ;
#2600 = AXIS2_PLACEMENT_3D ( 'NONE', #647, #8950, #3447 ) ;
#2601 = CARTESIAN_POINT ( 'NONE',  ( -8.500000000000001776, 2.399999999999999911, -28.49999999999999645 ) ) ;
#2602 = CARTESIAN_POINT ( 'NONE',  ( -7.020929521015704999, 4.000000000000000000, 55.24505384011007436 ) ) ;
#2603 = CIRCLE ( 'NONE', #7731, 1.500000000000000000 ) ;
#2604 = CARTESIAN_POINT ( 'NONE',  ( -5.616384920805930214, 3.500000000000000000, -59.00000000000000000 ) ) ;
#2605 = ADVANCED_FACE ( 'NONE', ( #6010 ), #8768, .T. ) ;
#2606 = ORIENTED_EDGE ( 'NONE', *, *, #8418, .F. ) ;
#2607 = EDGE_CURVE ( 'NONE', #1801, #4736, #3879, .T. ) ;
#2608 = ORIENTED_EDGE ( 'NONE', *, *, #5070, .T. ) ;
#2609 = VECTOR ( 'NONE', #3316, 1000.000000000000000 ) ;
#2610 = ORIENTED_EDGE ( 'NONE', *, *, #3604, .T. ) ;
#2611 = DIRECTION ( 'NONE',  ( 0.000000000000000000, 0.000000000000000000, 1.000000000000000000 ) ) ;
#2612 = DIRECTION ( 'NONE',  ( 0.000000000000000000, 0.000000000000000000, 1.000000000000000000 ) ) ;
#2613 = DIRECTION ( 'NONE',  ( 0.000000000000000000, 0.000000000000000000, -1.000000000000000000 ) ) ;
#2614 = ORIENTED_EDGE ( 'NONE', *, *, #4992, .F. ) ;
#2615 = DIRECTION ( 'NONE',  ( -0.1692299598466588395, 0.7071067811865512365, 0.6865575144809741293 ) ) ;
#2616 = ADVANCED_FACE ( 'NONE', ( #8209 ), #5279, .F. ) ;
#2617 = ORIENTED_EDGE ( 'NONE', *, *, #4743, .F. ) ;
#2618 = DIRECTION ( 'NONE',  ( 0.000000000000000000, 0.000000000000000000, 1.000000000000000000 ) ) ;
#2619 = DIRECTION ( 'NONE',  ( 0.000000000000000000, 0.000000000000000000, -1.000000000000000000 ) ) ;
#2620 = CARTESIAN_POINT ( 'NONE',  ( -95.37740409499218686, 0.000000000000000000, -26.33212343854044946 ) ) ;
#2621 = DIRECTION ( 'NONE',  ( 1.000000000000000000, 0.000000000000000000, 0.000000000000000000 ) ) ;
#2622 = ORIENTED_EDGE ( 'NONE', *, *, #8353, .F. ) ;
#2623 = DIRECTION ( 'NONE',  ( -1.000000000000000000, 0.000000000000000000, 0.000000000000000000 ) ) ;
#2624 = ORIENTED_EDGE ( 'NONE', *, *, #9027, .T. ) ;
#2625 = CARTESIAN_POINT ( 'NONE',  ( 5.000000000000000888, 4.414471088662150322, -52.99551012850318443 ) ) ;
#2626 = ORIENTED_EDGE ( 'NONE', *, *, #6456, .F. ) ;
#2627 = DIRECTION ( 'NONE',  ( 0.000000000000000000, -1.000000000000000000, 0.000000000000000000 ) ) ;
#2628 = EDGE_CURVE ( 'NONE', #2430, #7430, #6942, .T. ) ;
#2629 = FACE_OUTER_BOUND ( 'NONE', #1274, .T. ) ;
#2630 = DIRECTION ( 'NONE',  ( -0.000000000000000000, -1.000000000000000000, -0.000000000000000000 ) ) ;
#2631 = ADVANCED_FACE ( 'NONE', ( #4592 ), #7390, .F. ) ;
#2632 = LINE ( 'NONE', #8651, #2552 ) ;
#2633 = EDGE_CURVE ( 'NONE', #1142, #8065, #3221, .T. ) ;
#2634 = DIRECTION ( 'NONE',  ( 0.000000000000000000, 0.7071067811865280328, 0.7071067811865670016 ) ) ;
#2635 = DIRECTION ( 'NONE',  ( 0.000000000000000000, 0.000000000000000000, 1.000000000000000000 ) ) ;
#2636 = ORIENTED_EDGE ( 'NONE', *, *, #3002, .F. ) ;
#2637 = FACE_OUTER_BOUND ( 'NONE', #2120, .T. ) ;
#2638 = EDGE_CURVE ( 'NONE', #4957, #7930, #799, .T. ) ;
#2639 = CARTESIAN_POINT ( 'NONE',  ( 41.07903346336962613, 7.180428588776536891, 3.789951366624352946 ) ) ;
#2640 = DIRECTION ( 'NONE',  ( 0.000000000000000000, 1.000000000000000000, 0.000000000000000000 ) ) ;
#2641 = EDGE_CURVE ( 'NONE', #5451, #624, #6746, .T. ) ;
#2642 = LINE ( 'NONE', #2046, #8248 ) ;
#2643 = ORIENTED_EDGE ( 'NONE', *, *, #4559, .F. ) ;
#2644 = ORIENTED_EDGE ( 'NONE', *, *, #4209, .F. ) ;
#2645 = ORIENTED_EDGE ( 'NONE', *, *, #4876, .T. ) ;
#2646 = CARTESIAN_POINT ( 'NONE',  ( 0.000000000000000000, 52.50000000000000711, -51.50000000000000711 ) ) ;
#2647 = DIRECTION ( 'NONE',  ( 0.000000000000000000, 0.000000000000000000, 1.000000000000000000 ) ) ;
#2648 = CARTESIAN_POINT ( 'NONE',  ( 20.00000000000000000, 3.500000000000000000, 6.000000000000000000 ) ) ;
#2649 = VERTEX_POINT ( 'NONE', #6047 ) ;
#2650 = DIRECTION ( 'NONE',  ( 0.000000000000000000, 0.000000000000000000, 1.000000000000000000 ) ) ;
#2651 = VERTEX_POINT ( 'NONE', #511 ) ;
#2652 = DIRECTION ( 'NONE',  ( 0.000000000000000000, -1.000000000000000000, 0.000000000000000000 ) ) ;
#2653 = CARTESIAN_POINT ( 'NONE',  ( -5.616384920805909786, 3.500000000000000000, 59.00000000000000000 ) ) ;
#2654 = DIRECTION ( 'NONE',  ( 1.000000000000000000, 0.000000000000000000, 0.000000000000000000 ) ) ;
#2655 = CARTESIAN_POINT ( 'NONE',  ( 37.96446609406726935, 4.000000000000000000, -0.4603702609048100913 ) ) ;
#2656 =( BOUNDED_CURVE ( )  B_SPLINE_CURVE ( 3, ( #773, #2191, #138, #2340 ),
 .UNSPECIFIED., .F., .F. ) 
 B_SPLINE_CURVE_WITH_KNOTS ( ( 4, 4 ),
 ( 5.727063346996120075, 6.283185307179586232 ),
 .UNSPECIFIED. ) 
 CURVE ( )  GEOMETRIC_REPRESENTATION_ITEM ( )  RATIONAL_B_SPLINE_CURVE ( ( 1.000000000000000000, 0.9743929935950813581, 0.9743929935950813581, 1.000000000000000000 ) ) 
 REPRESENTATION_ITEM ( '' )  );
#2657 = ORIENTED_EDGE ( 'NONE', *, *, #4434, .F. ) ;
#2658 = DIRECTION ( 'NONE',  ( 0.000000000000000000, -1.000000000000000000, 0.000000000000000000 ) ) ;
#2659 = VERTEX_POINT ( 'NONE', #3312 ) ;
#2660 = FACE_OUTER_BOUND ( 'NONE', #2135, .T. ) ;
#2661 = DIRECTION ( 'NONE',  ( 0.000000000000000000, -1.000000000000000000, 0.000000000000000000 ) ) ;
#2662 = DIRECTION ( 'NONE',  ( 0.000000000000000000, 0.000000000000000000, 1.000000000000000000 ) ) ;
#2663 = EDGE_LOOP ( 'NONE', ( #3500, #6299, #374, #6998 ) ) ;
#2664 = DIRECTION ( 'NONE',  ( 0.000000000000000000, 0.000000000000000000, 1.000000000000000000 ) ) ;
#2665 = CARTESIAN_POINT ( 'NONE',  ( 7.062556730546592831, 6.500000000000000888, 50.85046066563143796 ) ) ;
#2666 = AXIS2_PLACEMENT_3D ( 'NONE', #2277, #8693, #1682 ) ;
#2667 = LINE ( 'NONE', #1392, #2101 ) ;
#2668 = CARTESIAN_POINT ( 'NONE',  ( 1.471150534913320485, 4.124149138782938095, -49.99999999999626255 ) ) ;
#2669 = FACE_OUTER_BOUND ( 'NONE', #4776, .T. ) ;
#2670 = EDGE_CURVE ( 'NONE', #286, #2534, #325, .T. ) ;
#2671 = CARTESIAN_POINT ( 'NONE',  ( -96.82884964244770742, 4.000000000000000000, -25.95356588311245361 ) ) ;
#2672 = CONICAL_SURFACE ( 'NONE', #7067, 1.500000000000001332, 0.7853981633974335130 ) ;
#2673 = CIRCLE ( 'NONE', #2966, 3.000000000000002665 ) ;
#2674 = DIRECTION ( 'NONE',  ( 0.000000000000000000, 0.7071067811865525687, -0.7071067811865425767 ) ) ;
#2675 = EDGE_LOOP ( 'NONE', ( #2730, #8081, #7090, #963 ) ) ;
#2676 = FACE_OUTER_BOUND ( 'NONE', #4238, .T. ) ;
#2677 = PLANE ( 'NONE',  #375 ) ;
#2678 = DIRECTION ( 'NONE',  ( -1.000000000000000000, 0.000000000000000000, -4.336808689942080845E-15 ) ) ;
#2679 = CIRCLE ( 'NONE', #4006, 46.00000000000000000 ) ;
#2680 = AXIS2_PLACEMENT_3D ( 'NONE', #4295, #7151, #8614 ) ;
#2681 = PLANE ( 'NONE',  #8104 ) ;
#2682 = ORIENTED_EDGE ( 'NONE', *, *, #7299, .F. ) ;
#2683 = ADVANCED_FACE ( 'NONE', ( #4505 ), #7307, .F. ) ;
#2684 = ORIENTED_EDGE ( 'NONE', *, *, #7622, .F. ) ;
#2685 = EDGE_CURVE ( 'NONE', #5670, #7780, #4906, .T. ) ;
#2686 = CONICAL_SURFACE ( 'NONE', #945, 1.500000000000001332, 0.7853981633974320697 ) ;
#2687 = CIRCLE ( 'NONE', #7826, 46.00000000000000000 ) ;
#2688 = ORIENTED_EDGE ( 'NONE', *, *, #5164, .F. ) ;
#2689 = EDGE_CURVE ( 'NONE', #8544, #8559, #6184, .T. ) ;
#2690 = DIRECTION ( 'NONE',  ( 1.000000000000000000, 0.000000000000000000, 0.000000000000000000 ) ) ;
#2691 = ORIENTED_EDGE ( 'NONE', *, *, #4074, .T. ) ;
#2692 = EDGE_CURVE ( 'NONE', #219, #5750, #5498, .T. ) ;
#2693 = DIRECTION ( 'NONE',  ( -7.017254210812351031E-15, 0.000000000000000000, 1.000000000000000000 ) ) ;
#2694 = FACE_OUTER_BOUND ( 'NONE', #1874, .T. ) ;
#2695 = AXIS2_PLACEMENT_3D ( 'NONE', #6625, #342, #5514 ) ;
#2696 = CIRCLE ( 'NONE', #363, 2.500000000000001776 ) ;
#2697 = DIRECTION ( 'NONE',  ( 0.000000000000000000, 0.000000000000000000, -1.000000000000000000 ) ) ;
#2698 = AXIS2_PLACEMENT_3D ( 'NONE', #6201, #9006, #3535 ) ;
#2699 = ADVANCED_FACE ( 'NONE', ( #3482 ), #7575, .F. ) ;
#2700 = ORIENTED_EDGE ( 'NONE', *, *, #8745, .T. ) ;
#2701 = VECTOR ( 'NONE', #4809, 1000.000000000000114 ) ;
#2702 = DIRECTION ( 'NONE',  ( 0.000000000000000000, 0.000000000000000000, -1.000000000000000000 ) ) ;
#2703 = DIRECTION ( 'NONE',  ( 0.000000000000000000, 1.000000000000000000, 0.000000000000000000 ) ) ;
#2704 = AXIS2_PLACEMENT_3D ( 'NONE', #6918, #40, #635 ) ;
#2705 = CARTESIAN_POINT ( 'NONE',  ( -53.48771061000000060, 4.000000000000000000, 53.48771061000000060 ) ) ;
#2706 = CARTESIAN_POINT ( 'NONE',  ( -79.90000000000000568, 0.000000000000000000, -12.55000000000000071 ) ) ;
#2707 = EDGE_CURVE ( 'NONE', #1273, #7867, #6801, .T. ) ;
#2708 = ORIENTED_EDGE ( 'NONE', *, *, #5846, .T. ) ;
#2709 = CARTESIAN_POINT ( 'NONE',  ( -35.00000000000000000, 1.699999999999999956, 0.000000000000000000 ) ) ;
#2710 = AXIS2_PLACEMENT_3D ( 'NONE', #1622, #2911, #7276 ) ;
#2711 = CIRCLE ( 'NONE', #1839, 1.500000000000001332 ) ;
#2712 = ADVANCED_FACE ( 'NONE', ( #9035 ), #7089, .F. ) ;
#2713 = ORIENTED_EDGE ( 'NONE', *, *, #6048, .T. ) ;
#2714 = EDGE_CURVE ( 'NONE', #4026, #7916, #8984, .T. ) ;
#2715 = DIRECTION ( 'NONE',  ( 0.000000000000000000, 0.000000000000000000, -1.000000000000000000 ) ) ;
#2716 = CARTESIAN_POINT ( 'NONE',  ( 39.25712605256087073, 4.257126052560856522, -7.742873947439124827 ) ) ;
#2717 = LINE ( 'NONE', #8311, #974 ) ;
#2718 = EDGE_LOOP ( 'NONE', ( #8716, #2371, #4696, #78 ) ) ;
#2719 = DIRECTION ( 'NONE',  ( 0.000000000000000000, 0.000000000000000000, 1.000000000000000000 ) ) ;
#2720 = DIRECTION ( 'NONE',  ( -1.000000000000000000, 0.000000000000000000, 0.000000000000000000 ) ) ;
#2721 =( BOUNDED_SURFACE ( )  B_SPLINE_SURFACE ( 3, 2, ( 
 ( #5325, #1794, #8722 ),
 ( #1026, #5975, #3262 ),
 ( #8770, #6711, #1708 ),
 ( #4509, #2390, #6050 ),
 ( #6012, #8127, #5188 ),
 ( #8859, #7444, #5371 ) ),
 .UNSPECIFIED., .F., .F., .F. ) 
 B_SPLINE_SURFACE_WITH_KNOTS ( ( 4, 2, 4 ),
 ( 3, 3 ),
 ( 0.004567545484736476764, 0.005393009370085706695, 0.006218473255434936627 ),
 ( 0.000000000000000000, 1.000000000000000000 ),
 .UNSPECIFIED. ) 
 GEOMETRIC_REPRESENTATION_ITEM ( )  RATIONAL_B_SPLINE_SURFACE ( (
 ( 1.000000000000000000, 0.7071067811865459074, 1.000000000000000000),
 ( 1.000000000000000000, 0.7250882384137075087, 1.000000000000000000),
 ( 1.000000000000000000, 0.7421895436275973701, 1.000000000000000000),
 ( 1.000000000000000000, 0.7671062976859728266, 1.000000000000000000),
 ( 1.000000000000000000, 0.7747256645883203729, 1.000000000000000000),
 ( 1.000000000000000000, 0.7745966692414820720, 1.000000000000000000) ) ) 
 REPRESENTATION_ITEM ( '' )  SURFACE ( )  );
#2722 = VECTOR ( 'NONE', #1520, 1000.000000000000000 ) ;
#2723 = CARTESIAN_POINT ( 'NONE',  ( 8.000000000000000000, 0.4999999999999730216, 23.00000000000000000 ) ) ;
#2724 = EDGE_LOOP ( 'NONE', ( #8050, #6903, #4371, #7705 ) ) ;
#2725 = CARTESIAN_POINT ( 'NONE',  ( 46.72440173552207909, 5.267766952968889527, -6.732233047031104256 ) ) ;
#2726 = DIRECTION ( 'NONE',  ( -0.000000000000000000, -1.000000000000000000, 0.000000000000000000 ) ) ;
#2727 = CIRCLE ( 'NONE', #8436, 3.000000000000000000 ) ;
#2728 = EDGE_CURVE ( 'NONE', #9039, #4114, #4851, .T. ) ;
#2729 = CARTESIAN_POINT ( 'NONE',  ( 40.99999999999999289, 4.732233047033645335, -7.267766952966340455 ) ) ;
#2730 = ORIENTED_EDGE ( 'NONE', *, *, #4185, .T. ) ;
#2731 = DIRECTION ( 'NONE',  ( 0.000000000000000000, -0.7071067811865280328, -0.7071067811865670016 ) ) ;
#2732 = EDGE_CURVE ( 'NONE', #8214, #2097, #4751, .T. ) ;
#2733 = PLANE ( 'NONE',  #6370 ) ;
#2734 = PLANE ( 'NONE',  #639 ) ;
#2735 = AXIS2_PLACEMENT_3D ( 'NONE', #2039, #4877, #2635 ) ;
#2736 = AXIS2_PLACEMENT_3D ( 'NONE', #1262, #6859, #7546 ) ;
#2737 = CARTESIAN_POINT ( 'NONE',  ( 43.64558429249613880, 4.732233047033645335, -7.267766952966340455 ) ) ;
#2738 = ORIENTED_EDGE ( 'NONE', *, *, #5953, .F. ) ;
#2739 = AXIS2_PLACEMENT_3D ( 'NONE', #5, #2661, #1333 ) ;
#2740 = ORIENTED_EDGE ( 'NONE', *, *, #430, .F. ) ;
#2741 = DIRECTION ( 'NONE',  ( 1.000000000000000000, -0.000000000000000000, 0.000000000000000000 ) ) ;
#2742 = EDGE_LOOP ( 'NONE', ( #2740, #6660, #6150, #6597, #2261 ) ) ;
#2743 = CARTESIAN_POINT ( 'NONE',  ( 2.000000000000008882, 52.50000000000000711, 53.00000000000000000 ) ) ;
#2744 = ADVANCED_FACE ( 'NONE', ( #5447 ), #2752, .F. ) ;
#2745 = EDGE_CURVE ( 'NONE', #6139, #780, #4813, .T. ) ;
#2746 = DIRECTION ( 'NONE',  ( 0.000000000000000000, -1.000000000000000000, 0.000000000000000000 ) ) ;
#2747 = AXIS2_PLACEMENT_3D ( 'NONE', #1840, #2520, #8719 ) ;
#2748 = AXIS2_PLACEMENT_3D ( 'NONE', #3227, #2492, #8131 ) ;
#2749 = ORIENTED_EDGE ( 'NONE', *, *, #8185, .F. ) ;
#2750 = ORIENTED_EDGE ( 'NONE', *, *, #1219, .F. ) ;
#2751 = CARTESIAN_POINT ( 'NONE',  ( -7.611023491189009782, 0.5000000000000071054, -56.85365460874999854 ) ) ;
#2752 = CYLINDRICAL_SURFACE ( 'NONE', #4464, 0.9999999999999991118 ) ;
#2753 = CARTESIAN_POINT ( 'NONE',  ( -2.000000000000000000, 52.50000000000000711, -53.00000000000000000 ) ) ;
#2754 = DIRECTION ( 'NONE',  ( 0.000000000000000000, -1.000000000000000000, 0.000000000000000000 ) ) ;
#2755 = EDGE_LOOP ( 'NONE', ( #1551, #1582, #6317, #6975 ) ) ;
#2756 = DIRECTION ( 'NONE',  ( -1.000000000000000000, 0.000000000000000000, 0.000000000000000000 ) ) ;
#2757 = ORIENTED_EDGE ( 'NONE', *, *, #1580, .T. ) ;
#2758 = CARTESIAN_POINT ( 'NONE',  ( 3.361026734704954567E-14, 4.000000000000000000, -7.749999999999629630 ) ) ;
#2759 = LINE ( 'NONE', #8913, #2454 ) ;
#2760 = CYLINDRICAL_SURFACE ( 'NONE', #5081, 1.499999999999999556 ) ;
#2761 = ORIENTED_EDGE ( 'NONE', *, *, #6310, .T. ) ;
#2762 = CARTESIAN_POINT ( 'NONE',  ( 0.000000000000000000, 1.699999999999999956, 43.50000000000000000 ) ) ;
#2763 = CARTESIAN_POINT ( 'NONE',  ( 5.616384920805930214, 0.5000000000000071054, -57.00000000000000000 ) ) ;
#2764 = EDGE_CURVE ( 'NONE', #1883, #4926, #8336, .T. ) ;
#2765 = CYLINDRICAL_SURFACE ( 'NONE', #5332, 6.000000000000000000 ) ;
#2766 = EDGE_LOOP ( 'NONE', ( #8017, #462, #8775, #3411, #8757, #471, #7152, #1788, #4647, #2, #6447, #6493, #5760, #415, #3951, #8607, #1914, #5536, #6385, #8025, #7716, #3689, #899, #8971, #281, #3343, #5440, #1085, #8372, #5569, #113, #5192, #6027, #980, #185, #8627, #399, #5667, #2212, #8690, #5728 ) ) ;
#2767 = CARTESIAN_POINT ( 'NONE',  ( 48.42536151291695745, 7.032034121312945807, -4.967965878686706915 ) ) ;
#2768 = CARTESIAN_POINT ( 'NONE',  ( -82.95000000000000284, 4.000000000000000000, 10.25000000000000000 ) ) ;
#2769 = DIRECTION ( 'NONE',  ( -0.000000000000000000, 1.000000000000000000, -0.000000000000000000 ) ) ;
#2770 = VERTEX_POINT ( 'NONE', #4117 ) ;
#2771 = CARTESIAN_POINT ( 'NONE',  ( -65.00000000000000000, 52.50000000000000711, 1.999999999999999112 ) ) ;
#2772 = CARTESIAN_POINT ( 'NONE',  ( 47.49999999999999289, 54.00000000000000711, 3.000000000000000000 ) ) ;
#2773 = DIRECTION ( 'NONE',  ( 1.000000000000000000, 0.000000000000000000, 0.000000000000000000 ) ) ;
#2774 = DIRECTION ( 'NONE',  ( 0.7052112295670790454, -0.7071067811865290320, 0.05174090927413710350 ) ) ;
#2775 = ORIENTED_EDGE ( 'NONE', *, *, #6822, .F. ) ;
#2776 = ORIENTED_EDGE ( 'NONE', *, *, #1638, .T. ) ;
#2777 = DIRECTION ( 'NONE',  ( 0.000000000000000000, 1.000000000000000000, 0.000000000000000000 ) ) ;
#2778 = ORIENTED_EDGE ( 'NONE', *, *, #2238, .F. ) ;
#2779 = DIRECTION ( 'NONE',  ( 1.000000000000000000, 0.000000000000000000, 1.156482317317864034E-15 ) ) ;
#2780 = PLANE ( 'NONE',  #7812 ) ;
#2781 = ORIENTED_EDGE ( 'NONE', *, *, #2590, .F. ) ;
#2782 = ORIENTED_EDGE ( 'NONE', *, *, #3579, .F. ) ;
#2783 = CARTESIAN_POINT ( 'NONE',  ( -86.00000000000000000, 1.000000000000000000, 13.54999999999999893 ) ) ;
#2784 = DIRECTION ( 'NONE',  ( 1.000000000000000000, 0.000000000000000000, 0.000000000000000000 ) ) ;
#2785 = DIRECTION ( 'NONE',  ( -0.9709389483281614108, 0.000000000000000000, -0.2393273043750005213 ) ) ;
#2786 = DIRECTION ( 'NONE',  ( 0.000000000000000000, -1.000000000000000000, 0.000000000000000000 ) ) ;
#2787 = ORIENTED_EDGE ( 'NONE', *, *, #7927, .F. ) ;
#2788 = CARTESIAN_POINT ( 'NONE',  ( -1.105479845712803222, 6.485927641334546578, 50.00000000000000000 ) ) ;
#2789 = ORIENTED_EDGE ( 'NONE', *, *, #5412, .T. ) ;
#2790 = EDGE_CURVE ( 'NONE', #5139, #4415, #69, .T. ) ;
#2791 = DIRECTION ( 'NONE',  ( 0.000000000000000000, -1.000000000000000000, 0.000000000000000000 ) ) ;
#2792 = EDGE_CURVE ( 'NONE', #1185, #1883, #3887, .T. ) ;
#2793 = CARTESIAN_POINT ( 'NONE',  ( 20.00000000000000000, 10.00000000000000000, 0.000000000000000000 ) ) ;
#2794 = LINE ( 'NONE', #3398, #1406 ) ;
#2795 = ORIENTED_EDGE ( 'NONE', *, *, #2462, .T. ) ;
#2796 = DIRECTION ( 'NONE',  ( 0.000000000000000000, 0.000000000000000000, -1.000000000000000000 ) ) ;
#2797 = FACE_OUTER_BOUND ( 'NONE', #1021, .T. ) ;
#2798 = ADVANCED_FACE ( 'NONE', ( #7654 ), #9070, .T. ) ;
#2800 = EDGE_CURVE ( 'NONE', #4849, #4196, #1834, .T. ) ;
#2799 = DIRECTION ( 'NONE',  ( 0.000000000000000000, 0.000000000000000000, -1.000000000000000000 ) ) ;
#2801 = CARTESIAN_POINT ( 'NONE',  ( 8.000000000000000000, 3.500000000000000000, -21.00000000000000000 ) ) ;
#2802 = ORIENTED_EDGE ( 'NONE', *, *, #4663, .F. ) ;
#2803 = CARTESIAN_POINT ( 'NONE',  ( -94.48765629118224751, 3.922302554832049815, -13.64712738134054959 ) ) ;
#2804 = CARTESIAN_POINT ( 'NONE',  ( 2.000000000000000000, 6.499999999999999112, -47.50000000000000000 ) ) ;
#2805 = CIRCLE ( 'NONE', #3993, 3.000000000000002665 ) ;
#2806 = CARTESIAN_POINT ( 'NONE',  ( 5.616384920805909786, 0.5000000000000071054, 59.00000000000000000 ) ) ;
#2807 = VERTEX_POINT ( 'NONE', #3517 ) ;
#2808 = CARTESIAN_POINT ( 'NONE',  ( -68.00000000000000000, 54.00000000000000711, 1.999999999999999112 ) ) ;
#2809 = CARTESIAN_POINT ( 'NONE',  ( -35.00000000000000000, 4.000000000000000000, 4.286263797015734919E-15 ) ) ;
#2810 = DIRECTION ( 'NONE',  ( 1.000000000000000000, 0.000000000000000000, 0.000000000000000000 ) ) ;
#2811 = ORIENTED_EDGE ( 'NONE', *, *, #3824, .T. ) ;
#2812 = CYLINDRICAL_SURFACE ( 'NONE', #8108, 3.000000000000000000 ) ;
#2813 = AXIS2_PLACEMENT_3D ( 'NONE', #7838, #2823, #3667 ) ;
#2814 = ORIENTED_EDGE ( 'NONE', *, *, #2641, .T. ) ;
#2815 = ORIENTED_EDGE ( 'NONE', *, *, #700, .T. ) ;
#2816 = AXIS2_PLACEMENT_3D ( 'NONE', #4155, #6960, #6039 ) ;
#2817 = B_SPLINE_CURVE_WITH_KNOTS ( 'NONE', 3,
 ( #6890, #3593, #657, #4097, #7727, #4832, #5517, #8319, #4793, #8356, #1342, #608, #7672, #7595, #1395, #4134, #2803, #3405 ),
 .UNSPECIFIED., .F., .F.,
 ( 4, 2, 2, 2, 2, 2, 2, 2, 4 ),
 ( 0.000000000000000000, 0.1250000000000010547, 0.1875000000000004718, 0.2499999999999998890, 0.5000000000000027756, 0.6250000000000032196, 0.6875000000000043299, 0.7500000000000054401, 1.000000000000000000 ),
 .UNSPECIFIED. ) ;
#2818 = CARTESIAN_POINT ( 'NONE',  ( 40.99999999999999289, 52.50000000000000711, 6.000000000000000000 ) ) ;
#2819 = ORIENTED_EDGE ( 'NONE', *, *, #2567, .T. ) ;
#2820 = VECTOR ( 'NONE', #7892, 1000.000000000000000 ) ;
#2821 = CARTESIAN_POINT ( 'NONE',  ( 47.49999999999999289, 54.00000000000000711, -3.000000000000000444 ) ) ;
#2822 = CARTESIAN_POINT ( 'NONE',  ( 8.000000000000000000, 10.00000000000000000, 25.00000000000000000 ) ) ;
#2823 = DIRECTION ( 'NONE',  ( 0.000000000000000000, -1.000000000000000000, 0.000000000000000000 ) ) ;
#2824 = VECTOR ( 'NONE', #2471, 1000.000000000000000 ) ;
#2825 = AXIS2_PLACEMENT_3D ( 'NONE', #445, #998, #264 ) ;
#2826 = ORIENTED_EDGE ( 'NONE', *, *, #4977, .T. ) ;
#2827 = ORIENTED_EDGE ( 'NONE', *, *, #8315, .T. ) ;
#2828 = CARTESIAN_POINT ( 'NONE',  ( 40.99999999999999289, 7.035533905932735088, 3.000000000000000000 ) ) ;
#2829 = PLANE ( 'NONE',  #513 ) ;
#2830 = AXIS2_PLACEMENT_3D ( 'NONE', #5059, #889, #6434 ) ;
#2831 = DIRECTION ( 'NONE',  ( 0.000000000000000000, 1.000000000000000000, 0.000000000000000000 ) ) ;
#2832 = CARTESIAN_POINT ( 'NONE',  ( -89.25000000000000000, 0.000000000000000000, 8.500000000000000000 ) ) ;
#2833 = AXIS2_PLACEMENT_3D ( 'NONE', #2407, #7359, #4568 ) ;
#2834 = ADVANCED_FACE ( 'NONE', ( #6314 ), #2829, .F. ) ;
#2835 = VECTOR ( 'NONE', #7288, 1000.000000000000000 ) ;
#2836 = VERTEX_POINT ( 'NONE', #3351 ) ;
#2837 = CYLINDRICAL_SURFACE ( 'NONE', #6803, 2.500000000000000444 ) ;
#2838 = AXIS2_PLACEMENT_3D ( 'NONE', #3961, #5284, #6714 ) ;
#2839 = ORIENTED_EDGE ( 'NONE', *, *, #8153, .T. ) ;
#2840 = AXIS2_PLACEMENT_3D ( 'NONE', #2648, #4112, #6091 ) ;
#2841 = CARTESIAN_POINT ( 'NONE',  ( 0.000000000000000000, 1.699999999999999956, -46.50000000000000000 ) ) ;
#2842 = AXIS2_PLACEMENT_3D ( 'NONE', #5225, #4538, #1906 ) ;
#2843 = CARTESIAN_POINT ( 'NONE',  ( -4.968496221880482011, 4.387663054466933943, -53.48895515464615613 ) ) ;
#2844 = CARTESIAN_POINT ( 'NONE',  ( -8.000000000000000000, -4.200000000000000178, -29.44999999999999929 ) ) ;
#2845 = VERTEX_POINT ( 'NONE', #276 ) ;
#2846 = DIRECTION ( 'NONE',  ( 0.000000000000000000, 0.000000000000000000, 1.000000000000000000 ) ) ;
#2847 = DIRECTION ( 'NONE',  ( 0.000000000000000000, 1.000000000000000000, 0.000000000000000000 ) ) ;
#2848 = CARTESIAN_POINT ( 'NONE',  ( 43.60487178062508207, 7.035533905933987420, 6.000000000000000000 ) ) ;
#2849 = DIRECTION ( 'NONE',  ( -0.000000000000000000, -0.000000000000000000, -1.000000000000000000 ) ) ;
#2850 = CIRCLE ( 'NONE', #8423, 46.00000000000000000 ) ;
#2851 = ORIENTED_EDGE ( 'NONE', *, *, #3893, .F. ) ;
#2852 = CARTESIAN_POINT ( 'NONE',  ( 50.82365939051472736, 8.027899396643352503, -3.972100603356683468 ) ) ;
#2853 = EDGE_CURVE ( 'NONE', #4318, #8257, #8573, .T. ) ;
#2854 = CIRCLE ( 'NONE', #4165, 2.000000000000001776 ) ;
#2855 = ADVANCED_FACE ( 'NONE', ( #5678 ), #6763, .F. ) ;
#2856 = FACE_OUTER_BOUND ( 'NONE', #3226, .T. ) ;
#2857 = VERTEX_POINT ( 'NONE', #5042 ) ;
#2858 = PLANE ( 'NONE',  #4060 ) ;
#2859 = AXIS2_PLACEMENT_3D ( 'NONE', #7767, #7066, #8490 ) ;
#2860 = ORIENTED_EDGE ( 'NONE', *, *, #5434, .T. ) ;
#2861 = DIRECTION ( 'NONE',  ( 0.000000000000000000, 0.000000000000000000, -1.000000000000000000 ) ) ;
#2862 = DIRECTION ( 'NONE',  ( 0.000000000000000000, 0.000000000000000000, 1.000000000000000000 ) ) ;
#2863 = PLANE ( 'NONE',  #8994 ) ;
#2864 = EDGE_CURVE ( 'NONE', #7585, #913, #4159, .T. ) ;
#2865 = VERTEX_POINT ( 'NONE', #3037 ) ;
#2866 = DIRECTION ( 'NONE',  ( 0.000000000000000000, 0.7071067811865424657, -0.7071067811865525687 ) ) ;
#2867 = VECTOR ( 'NONE', #4361, 1000.000000000000227 ) ;
#2868 = ORIENTED_EDGE ( 'NONE', *, *, #8293, .T. ) ;
#2869 = EDGE_CURVE ( 'NONE', #5470, #8993, #2656, .T. ) ;
#2870 = ADVANCED_FACE ( 'NONE', ( #4996 ), #5343, .F. ) ;
#2871 = ORIENTED_EDGE ( 'NONE', *, *, #4896, .F. ) ;
#2872 = CARTESIAN_POINT ( 'NONE',  ( 7.112363848593240334, 0.000000000000000000, 56.89024095656250068 ) ) ;
#2873 = AXIS2_PLACEMENT_3D ( 'NONE', #7752, #6421, #1420 ) ;
#2874 = VERTEX_POINT ( 'NONE', #7247 ) ;
#2875 = CIRCLE ( 'NONE', #5958, 46.49999999999995026 ) ;
#2876 = CARTESIAN_POINT ( 'NONE',  ( -65.00000000000000000, 54.00000000000000711, -2.000000000000000888 ) ) ;
#2877 = FACE_OUTER_BOUND ( 'NONE', #2518, .T. ) ;
#2878 = EDGE_CURVE ( 'NONE', #8778, #7092, #6372, .T. ) ;
#2879 = LINE ( 'NONE', #4949, #4583 ) ;
#2880 = EDGE_CURVE ( 'NONE', #1323, #7539, #966, .T. ) ;
#2881 = ORIENTED_EDGE ( 'NONE', *, *, #2790, .F. ) ;
#2882 = AXIS2_PLACEMENT_3D ( 'NONE', #2028, #1387, #6977 ) ;
#2883 = ORIENTED_EDGE ( 'NONE', *, *, #2853, .T. ) ;
#2884 = AXIS2_PLACEMENT_3D ( 'NONE', #5467, #8223, #610 ) ;
#2885 = EDGE_LOOP ( 'NONE', ( #750, #1098, #8419, #2682 ) ) ;
#2886 = DIRECTION ( 'NONE',  ( 0.000000000000000000, 1.000000000000000000, 0.000000000000000000 ) ) ;
#2887 = CARTESIAN_POINT ( 'NONE',  ( 49.21225687108001523, 10.27461513106949020, 1.725384868914563219 ) ) ;
#2888 = CARTESIAN_POINT ( 'NONE',  ( 10.00000000000000000, 2.399999999999999911, -27.00000000000000000 ) ) ;
#2889 = DIRECTION ( 'NONE',  ( 0.000000000000000000, 0.000000000000000000, 1.000000000000000000 ) ) ;
#2890 = CIRCLE ( 'NONE', #555, 2.500000000000002220 ) ;
#2891 = VERTEX_POINT ( 'NONE', #6462 ) ;
#2892 = FACE_BOUND ( 'NONE', #2494, .T. ) ;
#2893 = EDGE_CURVE ( 'NONE', #811, #8478, #6071, .T. ) ;
#2894 = VERTEX_POINT ( 'NONE', #5762 ) ;
#2895 = DIRECTION ( 'NONE',  ( 0.000000000000000000, 1.000000000000000000, 0.000000000000000000 ) ) ;
#2896 = CYLINDRICAL_SURFACE ( 'NONE', #8307, 0.2500000000000002220 ) ;
#2897 = CARTESIAN_POINT ( 'NONE',  ( -70.50000000000000000, 6.500000000000000888, 1.999999999999999112 ) ) ;
#2898 = ORIENTED_EDGE ( 'NONE', *, *, #2925, .F. ) ;
#2899 = DIRECTION ( 'NONE',  ( 0.000000000000000000, -1.000000000000000000, 0.000000000000000000 ) ) ;
#2900 = DIRECTION ( 'NONE',  ( 0.000000000000000000, 0.000000000000000000, -1.000000000000000000 ) ) ;
#2901 = CARTESIAN_POINT ( 'NONE',  ( -93.06768137013648357, 0.000000000000000000, -26.33212343854044946 ) ) ;
#2902 = LINE ( 'NONE', #5647, #3735 ) ;
#2903 = ORIENTED_EDGE ( 'NONE', *, *, #4475, .F. ) ;
#2904 = LINE ( 'NONE', #8000, #4210 ) ;
#2905 = CARTESIAN_POINT ( 'NONE',  ( 53.48771061000000060, 4.000000000000000000, 53.48771061000000060 ) ) ;
#2906 = ORIENTED_EDGE ( 'NONE', *, *, #6393, .F. ) ;
#2907 = CARTESIAN_POINT ( 'NONE',  ( 38.49999999999999289, 7.035533905932731535, -3.000000000000000888 ) ) ;
#2908 = EDGE_CURVE ( 'NONE', #2309, #6734, #8433, .T. ) ;
#2909 = ORIENTED_EDGE ( 'NONE', *, *, #5065, .T. ) ;
#2910 = FACE_OUTER_BOUND ( 'NONE', #2724, .T. ) ;
#2911 = DIRECTION ( 'NONE',  ( 0.000000000000000000, -1.000000000000000000, 0.000000000000000000 ) ) ;
#2912 = DIRECTION ( 'NONE',  ( 0.000000000000000000, 0.7071067811865474617, 0.7071067811865474617 ) ) ;
#2913 = EDGE_CURVE ( 'NONE', #6035, #2857, #2557, .T. ) ;
#2914 = ORIENTED_EDGE ( 'NONE', *, *, #2456, .F. ) ;
#2915 = CARTESIAN_POINT ( 'NONE',  ( 53.48771061000000060, 0.5000000000000281997, 53.48771061000000060 ) ) ;
#2916 = VERTEX_POINT ( 'NONE', #4748 ) ;
#2917 = ADVANCED_FACE ( 'NONE', ( #1696 ), #2267, .F. ) ;
#2918 = ORIENTED_EDGE ( 'NONE', *, *, #2689, .F. ) ;
#2919 = EDGE_CURVE ( 'NONE', #6703, #2845, #4901, .T. ) ;
#2920 = CARTESIAN_POINT ( 'NONE',  ( 45.99999999999999289, 5.267766952966377758, -6.732233047033615136 ) ) ;
#2921 = VERTEX_POINT ( 'NONE', #3168 ) ;
#2922 = CYLINDRICAL_SURFACE ( 'NONE', #6649, 2.500000000000002220 ) ;
#2923 = EDGE_CURVE ( 'NONE', #5443, #1383, #3373, .T. ) ;
#2924 = DIRECTION ( 'NONE',  ( 0.000000000000000000, 1.000000000000000000, 0.000000000000000000 ) ) ;
#2925 = EDGE_CURVE ( 'NONE', #1707, #6744, #1828, .T. ) ;
#2926 = DIRECTION ( 'NONE',  ( 0.000000000000000000, 0.000000000000000000, 1.000000000000000000 ) ) ;
#2927 = EDGE_LOOP ( 'NONE', ( #7166, #804, #6000, #8671, #9076 ) ) ;
#2928 = EDGE_LOOP ( 'NONE', ( #3192, #6353, #7873, #3113 ) ) ;
#2929 = EDGE_CURVE ( 'NONE', #6092, #8931, #6515, .T. ) ;
#2930 = ORIENTED_EDGE ( 'NONE', *, *, #3526, .F. ) ;
#2931 = DIRECTION ( 'NONE',  ( 0.000000000000000000, -1.000000000000000000, 0.000000000000000000 ) ) ;
#2932 = DIRECTION ( 'NONE',  ( -4.625929269271490844E-15, 0.000000000000000000, 1.000000000000000000 ) ) ;
#2933 = DIRECTION ( 'NONE',  ( 0.000000000000000000, 0.000000000000000000, -1.000000000000000000 ) ) ;
#2934 = CARTESIAN_POINT ( 'NONE',  ( 7.611023491189000900, 3.500000000000000000, 56.85365460874999854 ) ) ;
#2935 = ORIENTED_EDGE ( 'NONE', *, *, #2474, .T. ) ;
#2936 = DIRECTION ( 'NONE',  ( 0.000000000000000000, -1.000000000000000000, 0.000000000000000000 ) ) ;
#2937 = ORIENTED_EDGE ( 'NONE', *, *, #3723, .F. ) ;
#2938 = CARTESIAN_POINT ( 'NONE',  ( 0.000000000000000000, 0.000000000000000000, -13.54999999999999893 ) ) ;
#2939 = CARTESIAN_POINT ( 'NONE',  ( 5.000000000000008882, 6.446630448522676637, 53.21205315406455583 ) ) ;
#2940 = LINE ( 'NONE', #9010, #5373 ) ;
#2941 = ORIENTED_EDGE ( 'NONE', *, *, #7885, .T. ) ;
#2942 = CYLINDRICAL_SURFACE ( 'NONE', #2076, 6.451250000000001705 ) ;
#2943 = CARTESIAN_POINT ( 'NONE',  ( 44.00000000000000000, 7.035533905932735088, -6.000000000000000000 ) ) ;
#2944 = DIRECTION ( 'NONE',  ( 1.000000000000000000, 0.000000000000000000, 0.000000000000000000 ) ) ;
#2945 = CARTESIAN_POINT ( 'NONE',  ( 7.112363848593240334, 4.000000000000000000, -56.89024095656250068 ) ) ;
#2946 = ORIENTED_EDGE ( 'NONE', *, *, #1232, .T. ) ;
#2947 = CARTESIAN_POINT ( 'NONE',  ( 1.467101399055821043, 4.000000000000000000, 47.62683505387591509 ) ) ;
#2948 = CARTESIAN_POINT ( 'NONE',  ( 35.00000000000000000, 1.699999999999999956, 0.000000000000000000 ) ) ;
#2949 = VERTEX_POINT ( 'NONE', #7553 ) ;
#2950 = FACE_OUTER_BOUND ( 'NONE', #8180, .T. ) ;
#2951 = ORIENTED_EDGE ( 'NONE', *, *, #30, .F. ) ;
#2952 = LINE ( 'NONE', #6585, #8864 ) ;
#2953 = CARTESIAN_POINT ( 'NONE',  ( -97.31266482493280989, 3.500000000000000000, -25.82738003130310034 ) ) ;
#2954 = CARTESIAN_POINT ( 'NONE',  ( -92.00000000000000000, 1.699999999999999956, 16.75000000000000000 ) ) ;
#2955 = EDGE_CURVE ( 'NONE', #4736, #1801, #1680, .T. ) ;
#2956 = ORIENTED_EDGE ( 'NONE', *, *, #6606, .T. ) ;
#2957 = CARTESIAN_POINT ( 'NONE',  ( -65.00000000000000000, 54.00000000000000711, 1.999999999999999112 ) ) ;
#2958 = ORIENTED_EDGE ( 'NONE', *, *, #8919, .T. ) ;
#2959 = AXIS2_PLACEMENT_3D ( 'NONE', #4346, #866, #3662 ) ;
#2960 = ORIENTED_EDGE ( 'NONE', *, *, #3475, .T. ) ;
#2961 = CARTESIAN_POINT ( 'NONE',  ( -92.00000000000000000, 4.000000000000000000, -15.25000000000000000 ) ) ;
#2962 = ORIENTED_EDGE ( 'NONE', *, *, #4790, .T. ) ;
#2963 = DIRECTION ( 'NONE',  ( 0.000000000000000000, 0.000000000000000000, -1.000000000000000000 ) ) ;
#2964 = AXIS2_PLACEMENT_3D ( 'NONE', #2997, #5781, #7907 ) ;
#2966 = AXIS2_PLACEMENT_3D ( 'NONE', #5534, #7004, #553 ) ;
#2965 = LINE ( 'NONE', #7044, #8391 ) ;
#2967 = EDGE_CURVE ( 'NONE', #7658, #901, #6813, .T. ) ;
#2968 = CARTESIAN_POINT ( 'NONE',  ( -65.00000000000000000, 54.00000000000000711, -2.000000000000000888 ) ) ;
#2969 = EDGE_CURVE ( 'NONE', #8249, #1458, #6898, .T. ) ;
#2970 = EDGE_CURVE ( 'NONE', #7713, #1123, #6950, .T. ) ;
#2971 = EDGE_LOOP ( 'NONE', ( #5915, #1805, #2691, #3150, #6517, #2285 ) ) ;
#2972 = ORIENTED_EDGE ( 'NONE', *, *, #2186, .T. ) ;
#2973 = CONICAL_SURFACE ( 'NONE', #8103, 1.500000000000000000, 0.5779019369622463431 ) ;
#2974 = ADVANCED_FACE ( 'NONE', ( #2637 ), #8858, .F. ) ;
#2975 = VECTOR ( 'NONE', #6823, 1000.000000000000000 ) ;
#2976 = ADVANCED_FACE ( 'NONE', ( #5907 ), #2109, .T. ) ;
#2977 = ORIENTED_EDGE ( 'NONE', *, *, #4819, .F. ) ;
#2978 = LINE ( 'NONE', #2783, #5501 ) ;
#2979 = DIRECTION ( 'NONE',  ( 0.000000000000000000, 0.000000000000000000, 1.000000000000000000 ) ) ;
#2980 = EDGE_CURVE ( 'NONE', #7791, #3729, #4561, .T. ) ;
#2981 = LINE ( 'NONE', #2888, #8972 ) ;
#2982 = CARTESIAN_POINT ( 'NONE',  ( 38.49999999999999289, 7.035533905932735088, 6.000000000000000000 ) ) ;
#2983 = ADVANCED_FACE ( 'NONE', ( #2676 ), #5961, .F. ) ;
#2984 = TOROIDAL_SURFACE ( 'NONE', #203, 1.500000000000000000, 1.500000000000000000 ) ;
#2985 = ORIENTED_EDGE ( 'NONE', *, *, #4876, .F. ) ;
#2986 = CARTESIAN_POINT ( 'NONE',  ( 20.00000000000000000, 10.00000000000000000, -6.000000000000000000 ) ) ;
#2987 = VECTOR ( 'NONE', #8739, 1000.000000000000000 ) ;
#2988 = VERTEX_POINT ( 'NONE', #4799 ) ;
#2989 = CARTESIAN_POINT ( 'NONE',  ( 0.000000000000000000, 54.00000000000000711, 0.000000000000000000 ) ) ;
#2990 = CIRCLE ( 'NONE', #5486, 1.249999999999999334 ) ;
#2991 = EDGE_CURVE ( 'NONE', #6404, #4008, #7988, .T. ) ;
#2992 = CIRCLE ( 'NONE', #497, 102.3386523170878064 ) ;
#2993 = CARTESIAN_POINT ( 'NONE',  ( 40.99999999999999289, 7.035533905932735088, 3.000000000000000000 ) ) ;
#2994 = CARTESIAN_POINT ( 'NONE',  ( -2.000000000000000000, 54.00000000000000711, -53.00000000000000000 ) ) ;
#2995 = ORIENTED_EDGE ( 'NONE', *, *, #3390, .F. ) ;
#2996 = VECTOR ( 'NONE', #1307, 1000.000000000000000 ) ;
#2997 = CARTESIAN_POINT ( 'NONE',  ( -8.000000000000000000, 2.399999999999999911, -30.45000000000000284 ) ) ;
#2998 = CARTESIAN_POINT ( 'NONE',  ( 41.97383643466490355, 5.551294638776571588, 6.448705361223425747 ) ) ;
#2999 = DIRECTION ( 'NONE',  ( -2.523227993528853444E-15, 0.002208470701481992857, 0.9999975613256067986 ) ) ;
#3000 = ORIENTED_EDGE ( 'NONE', *, *, #5662, .T. ) ;
#3001 = CARTESIAN_POINT ( 'NONE',  ( 48.99999999999999289, 9.736321274347197630, 3.871388897099207860 ) ) ;
#3002 = EDGE_CURVE ( 'NONE', #1712, #7525, #8193, .T. ) ;
#3003 = AXIS2_PLACEMENT_3D ( 'NONE', #606, #4132, #4828 ) ;
#3004 = AXIS2_PLACEMENT_3D ( 'NONE', #7670, #4272, #3453 ) ;
#3005 = EDGE_CURVE ( 'NONE', #5139, #8555, #7502, .T. ) ;
#3006 = AXIS2_PLACEMENT_3D ( 'NONE', #2597, #7335, #3115 ) ;
#3007 = CARTESIAN_POINT ( 'NONE',  ( -0.2765669022959261203, 6.449489742783179658, -50.00000000000000711 ) ) ;
#3008 = CYLINDRICAL_SURFACE ( 'NONE', #4922, 46.00000000000000000 ) ;
#3009 = DIRECTION ( 'NONE',  ( 0.000000000000000000, 0.000000000000000000, 1.000000000000000000 ) ) ;
#3010 = VERTEX_POINT ( 'NONE', #5655 ) ;
#3011 = LINE ( 'NONE', #7176, #6962 ) ;
#3012 = AXIS2_PLACEMENT_3D ( 'NONE', #1180, #401, #5256 ) ;
#3013 = AXIS2_PLACEMENT_3D ( 'NONE', #8642, #6624, #2359 ) ;
#3014 = CARTESIAN_POINT ( 'NONE',  ( -89.25000000000000000, 1.000000000000000000, -8.500000000000000000 ) ) ;
#3015 = PLANE ( 'NONE',  #2833 ) ;
#3016 = ORIENTED_EDGE ( 'NONE', *, *, #979, .F. ) ;
#3017 = DIRECTION ( 'NONE',  ( -1.000000000000000000, 0.000000000000000000, 0.000000000000000000 ) ) ;
#3018 = EDGE_CURVE ( 'NONE', #8214, #3914, #7839, .T. ) ;
#3019 = ORIENTED_EDGE ( 'NONE', *, *, #4564, .F. ) ;
#3020 = TOROIDAL_SURFACE ( 'NONE', #5060, 1.500000000000000000, 1.500000000000000000 ) ;
#3021 = CIRCLE ( 'NONE', #7418, 1.500000000000001332 ) ;
#3022 = AXIS2_PLACEMENT_3D ( 'NONE', #2318, #5071, #6541 ) ;
#3023 = AXIS2_PLACEMENT_3D ( 'NONE', #2758, #6286, #3 ) ;
#3024 = EDGE_LOOP ( 'NONE', ( #4160, #3377, #4991, #3119 ) ) ;
#3025 = DIRECTION ( 'NONE',  ( 0.000000000000000000, -1.000000000000000000, 0.000000000000000000 ) ) ;
#3026 = ORIENTED_EDGE ( 'NONE', *, *, #7494, .T. ) ;
#3027 = DIRECTION ( 'NONE',  ( 0.000000000000000000, 0.000000000000000000, 1.000000000000000000 ) ) ;
#3028 = VECTOR ( 'NONE', #7723, 1000.000000000000000 ) ;
#3029 = CARTESIAN_POINT ( 'NONE',  ( -82.15000000000000568, 1.500000000000000000, -7.750000000000000000 ) ) ;
#3030 = CARTESIAN_POINT ( 'NONE',  ( 2.000000000000000000, 6.500000000000000888, -58.50000000000000000 ) ) ;
#3031 = VERTEX_POINT ( 'NONE', #4837 ) ;
#3032 = VERTEX_POINT ( 'NONE', #5564 ) ;
#3033 = AXIS2_PLACEMENT_3D ( 'NONE', #3764, #4441, #7246 ) ;
#3034 = AXIS2_PLACEMENT_3D ( 'NONE', #8253, #2786, #2060 ) ;
#3035 = VERTEX_POINT ( 'NONE', #3605 ) ;
#3036 = DIRECTION ( 'NONE',  ( 0.000000000000000000, -1.000000000000000000, 0.000000000000000000 ) ) ;
#3037 = CARTESIAN_POINT ( 'NONE',  ( 8.000000000000000000, 4.000000000000000000, 25.50000000000000000 ) ) ;
#3038 = ADVANCED_FACE ( 'NONE', ( #2910 ), #7680, .F. ) ;
#3039 = DIRECTION ( 'NONE',  ( 0.000000000000000000, 0.000000000000000000, 1.000000000000000000 ) ) ;
#3040 = EDGE_CURVE ( 'NONE', #1265, #8721, #6266, .T. ) ;
#3041 = DIRECTION ( 'NONE',  ( 0.000000000000000000, 0.8376105968386150513, -0.5462677805469209336 ) ) ;
#3042 = ORIENTED_EDGE ( 'NONE', *, *, #1133, .T. ) ;
#3043 = CARTESIAN_POINT ( 'NONE',  ( -3.626370950603014686E-14, 4.000000000000000000, 7.750000000000399680 ) ) ;
#3044 = AXIS2_PLACEMENT_3D ( 'NONE', #17, #8959, #2077 ) ;
#3045 = EDGE_LOOP ( 'NONE', ( #4673, #7938, #7109, #6664 ) ) ;
#3046 = CARTESIAN_POINT ( 'NONE',  ( -65.00000000000000000, 52.50000000000000711, 3.499999999999999112 ) ) ;
#3047 = DIRECTION ( 'NONE',  ( -1.000000000000000000, 0.000000000000000000, 0.000000000000000000 ) ) ;
#3048 = ORIENTED_EDGE ( 'NONE', *, *, #2017, .F. ) ;
#3049 = CARTESIAN_POINT ( 'NONE',  ( -68.00000000000000000, 52.50000000000000711, 4.999999999999999112 ) ) ;
#3050 = CARTESIAN_POINT ( 'NONE',  ( 6.990325341823560912, 4.000000000000000000, -52.99459477901500293 ) ) ;
#3051 = AXIS2_PLACEMENT_3D ( 'NONE', #2768, #7730, #6987 ) ;
#3052 = LINE ( 'NONE', #7768, #1374 ) ;
#3053 = ORIENTED_EDGE ( 'NONE', *, *, #6055, .F. ) ;
#3054 = DIRECTION ( 'NONE',  ( 0.7893522173763266592, 0.000000000000000000, -0.6139406135149199084 ) ) ;
#3055 = CARTESIAN_POINT ( 'NONE',  ( -5.616384920805930214, 0.000000000000000000, -58.50000000000000000 ) ) ;
#3056 = VECTOR ( 'NONE', #5928, 1000.000000000000000 ) ;
#3057 = CARTESIAN_POINT ( 'NONE',  ( 0.000000000000000000, 54.00000000000000711, 54.50000000000000000 ) ) ;
#3058 = DIRECTION ( 'NONE',  ( 0.000000000000000000, 0.000000000000000000, 1.000000000000000000 ) ) ;
#3059 = ORIENTED_EDGE ( 'NONE', *, *, #3954, .T. ) ;
#3060 = EDGE_CURVE ( 'NONE', #2649, #7429, #6346, .T. ) ;
#3061 = PLANE ( 'NONE',  #3013 ) ;
#3062 = CARTESIAN_POINT ( 'NONE',  ( 45.82368705338644332, 3.500000000000041300, -7.999999999999974243 ) ) ;
#3063 = CARTESIAN_POINT ( 'NONE',  ( -1.879066676236450120E-24, 6.449489742783179658, 50.00000000000000000 ) ) ;
#3064 = LINE ( 'NONE', #6680, #5466 ) ;
#3065 = VERTEX_POINT ( 'NONE', #805 ) ;
#3066 = ORIENTED_EDGE ( 'NONE', *, *, #2878, .T. ) ;
#3067 = CARTESIAN_POINT ( 'NONE',  ( 5.616384920805909786, 4.000000000000000000, 57.00000000000000000 ) ) ;
#3068 = ORIENTED_EDGE ( 'NONE', *, *, #2254, .F. ) ;
#3069 = LINE ( 'NONE', #6593, #7241 ) ;
#3070 = CARTESIAN_POINT ( 'NONE',  ( 41.87867965644035451, 8.646446609406746475, 5.121320343559641941 ) ) ;
#3071 = DIRECTION ( 'NONE',  ( 0.000000000000000000, 1.000000000000000000, 0.000000000000000000 ) ) ;
#3072 = VERTEX_POINT ( 'NONE', #5522 ) ;
#3073 = ORIENTED_EDGE ( 'NONE', *, *, #824, .F. ) ;
#3074 = ORIENTED_EDGE ( 'NONE', *, *, #1133, .F. ) ;
#3075 = CARTESIAN_POINT ( 'NONE',  ( -92.00000000000000000, 1.699999999999999956, -15.25000000000000000 ) ) ;
#3076 = CARTESIAN_POINT ( 'NONE',  ( 47.44824417214450563, 5.412661635810171568, 6.587338364189823103 ) ) ;
#3077 = CARTESIAN_POINT ( 'NONE',  ( -53.48771061000000060, 3.500000000000000000, -53.48771061000000060 ) ) ;
#3078 = CARTESIAN_POINT ( 'NONE',  ( 5.000000000000005329, 4.414471088662176079, 52.99551012850315601 ) ) ;
#3079 = ORIENTED_EDGE ( 'NONE', *, *, #336, .T. ) ;
#3080 = CARTESIAN_POINT ( 'NONE',  ( 42.03158433382024128, 7.031584333833477807, -5.425067139022773155 ) ) ;
#3081 = EDGE_CURVE ( 'NONE', #8190, #4978, #3501, .T. ) ;
#3082 = ORIENTED_EDGE ( 'NONE', *, *, #7127, .F. ) ;
#3083 = CARTESIAN_POINT ( 'NONE',  ( -8.500000000000001776, 4.000000000000000000, -28.49999999999999645 ) ) ;
#3084 = CARTESIAN_POINT ( 'NONE',  ( 40.99999999999999289, 4.732233047033645335, 7.267766952966340455 ) ) ;
#3085 = ORIENTED_EDGE ( 'NONE', *, *, #1346, .T. ) ;
#3086 = DIRECTION ( 'NONE',  ( 0.000000000000000000, -1.000000000000000000, 0.000000000000000000 ) ) ;
#3087 = DIRECTION ( 'NONE',  ( 0.000000000000000000, 1.000000000000000000, 0.000000000000000000 ) ) ;
#3088 = DIRECTION ( 'NONE',  ( 0.000000000000000000, 0.000000000000000000, -1.000000000000000000 ) ) ;
#3089 = ORIENTED_EDGE ( 'NONE', *, *, #412, .F. ) ;
#3090 = CARTESIAN_POINT ( 'NONE',  ( -7.020929521015732533, 4.000000000000000000, -55.24505384011007436 ) ) ;
#3091 = EDGE_CURVE ( 'NONE', #8505, #3837, #7545, .T. ) ;
#3092 = EDGE_CURVE ( 'NONE', #809, #1637, #1782, .T. ) ;
#3093 = CARTESIAN_POINT ( 'NONE',  ( -53.48771061000000060, 0.5000000000000071054, 53.48771061000000060 ) ) ;
#3094 = FACE_OUTER_BOUND ( 'NONE', #8815, .T. ) ;
#3095 = EDGE_CURVE ( 'NONE', #4449, #7916, #5053, .T. ) ;
#3096 = CARTESIAN_POINT ( 'NONE',  ( 4.792807046000980620, 4.150403553526628819, -54.10354269804732041 ) ) ;
#3097 = VERTEX_POINT ( 'NONE', #1402 ) ;
#3098 = ADVANCED_FACE ( 'NONE', ( #68 ), #3583, .T. ) ;
#3099 = CARTESIAN_POINT ( 'NONE',  ( -65.00000000000000000, 4.000000000000000000, 1.999999999999999112 ) ) ;
#3100 = CYLINDRICAL_SURFACE ( 'NONE', #8871, 3.000000000000000000 ) ;
#3101 = FACE_OUTER_BOUND ( 'NONE', #3508, .T. ) ;
#3102 = DIRECTION ( 'NONE',  ( -1.000000000000000000, 0.000000000000000000, 0.000000000000000000 ) ) ;
#3103 = ORIENTED_EDGE ( 'NONE', *, *, #1860, .T. ) ;
#3104 = CARTESIAN_POINT ( 'NONE',  ( -4.999999999999991118, 6.499999999999999112, 58.50000000000000000 ) ) ;
#3105 = EDGE_LOOP ( 'NONE', ( #5056, #4428, #2146, #2056, #8055, #1762, #7330, #3386 ) ) ;
#3106 = FACE_OUTER_BOUND ( 'NONE', #5816, .T. ) ;
#3107 = VERTEX_POINT ( 'NONE', #7777 ) ;
#3108 = FACE_OUTER_BOUND ( 'NONE', #6547, .T. ) ;
#3109 = CARTESIAN_POINT ( 'NONE',  ( -5.616384920805909786, 0.5000000000000071054, 59.00000000000000000 ) ) ;
#3110 = CARTESIAN_POINT ( 'NONE',  ( -59.50000000000000711, 4.000000000000000000, 1.999999999999999112 ) ) ;
#3111 = VERTEX_POINT ( 'NONE', #6400 ) ;
#3112 = EDGE_LOOP ( 'NONE', ( #6604, #2467, #6179, #4661, #4512, #592, #6234, #5080 ) ) ;
#3113 = ORIENTED_EDGE ( 'NONE', *, *, #5270, .F. ) ;
#3114 = DIRECTION ( 'NONE',  ( -0.1692299598466584787, 0.7071067811865497932, -0.6865575144809756836 ) ) ;
#3115 = DIRECTION ( 'NONE',  ( 0.000000000000000000, 0.000000000000000000, 1.000000000000000000 ) ) ;
#3116 = CARTESIAN_POINT ( 'NONE',  ( 41.81060437164784105, 7.693033981950152977, 5.189395628352133194 ) ) ;
#3117 = CARTESIAN_POINT ( 'NONE',  ( -96.82884964244770742, 4.000000000000000000, 25.95356588311249979 ) ) ;
#3118 = CARTESIAN_POINT ( 'NONE',  ( 39.01920164895813059, 4.019201648957851702, 0.1588820694947992163 ) ) ;
#3119 = ORIENTED_EDGE ( 'NONE', *, *, #713, .F. ) ;
#3120 = DIRECTION ( 'NONE',  ( 0.000000000000000000, -1.000000000000000000, 0.000000000000000000 ) ) ;
#3121 = EDGE_CURVE ( 'NONE', #1683, #6744, #8360, .T. ) ;
#3122 = AXIS2_PLACEMENT_3D ( 'NONE', #7528, #1326, #4688 ) ;
#3123 = AXIS2_PLACEMENT_3D ( 'NONE', #2566, #5365, #1111 ) ;
#3124 = ORIENTED_EDGE ( 'NONE', *, *, #5271, .T. ) ;
#3125 = DIRECTION ( 'NONE',  ( -0.000000000000000000, -1.000000000000000000, -0.000000000000000000 ) ) ;
#3126 = DIRECTION ( 'NONE',  ( 0.000000000000000000, 0.000000000000000000, 1.000000000000000000 ) ) ;
#3127 = EDGE_CURVE ( 'NONE', #4849, #5049, #716, .T. ) ;
#3128 = ORIENTED_EDGE ( 'NONE', *, *, #5563, .T. ) ;
#3129 = CARTESIAN_POINT ( 'NONE',  ( 41.87867965644035451, 8.646446609406746475, -5.121320343559642829 ) ) ;
#3130 = DIRECTION ( 'NONE',  ( 0.000000000000000000, 0.000000000000000000, -1.000000000000000000 ) ) ;
#3131 = AXIS2_PLACEMENT_3D ( 'NONE', #2093, #5671, #7786 ) ;
#3132 = CIRCLE ( 'NONE', #8536, 1.249999999999999334 ) ;
#3133 = CARTESIAN_POINT ( 'NONE',  ( -196.3386523170879912, 0.000000000000000000, -1.387778780781445991E-14 ) ) ;
#3134 = ORIENTED_EDGE ( 'NONE', *, *, #7304, .T. ) ;
#3135 = LINE ( 'NONE', #892, #6994 ) ;
#3136 = AXIS2_PLACEMENT_3D ( 'NONE', #1221, #6768, #4753 ) ;
#3137 = DIRECTION ( 'NONE',  ( -6.689850889241178689E-17, 0.8376105968386138301, 0.5462677805469229320 ) ) ;
#3138 = AXIS2_PLACEMENT_3D ( 'NONE', #900, #3699, #6490 ) ;
#3139 = CARTESIAN_POINT ( 'NONE',  ( 1.105457427077577659, 6.485926640161071788, -49.99999999999999289 ) ) ;
#3140 = VERTEX_POINT ( 'NONE', #2125 ) ;
#3141 = CARTESIAN_POINT ( 'NONE',  ( 41.91850597588805272, 4.088041243823002269, 8.356948515813135359 ) ) ;
#3142 = EDGE_CURVE ( 'NONE', #3216, #3612, #7105, .T. ) ;
#3143 = DIRECTION ( 'NONE',  ( 0.000000000000000000, 0.000000000000000000, -1.000000000000000000 ) ) ;
#3145 = DIRECTION ( 'NONE',  ( 1.000000000000000000, 0.000000000000000000, 0.000000000000000000 ) ) ;
#3144 = VECTOR ( 'NONE', #2587, 1000.000000000000000 ) ;
#3146 = EDGE_CURVE ( 'NONE', #7916, #8785, #5605, .T. ) ;
#3147 = AXIS2_PLACEMENT_3D ( 'NONE', #2072, #7631, #7725 ) ;
#3148 = VECTOR ( 'NONE', #2443, 1000.000000000000000 ) ;
#3149 = DIRECTION ( 'NONE',  ( 0.000000000000000000, 0.000000000000000000, -1.000000000000000000 ) ) ;
#3150 = ORIENTED_EDGE ( 'NONE', *, *, #2486, .T. ) ;
#3151 = AXIS2_PLACEMENT_3D ( 'NONE', #6750, #8079, #4511 ) ;
#3152 = AXIS2_PLACEMENT_3D ( 'NONE', #3204, #6820, #8195 ) ;
#3153 = DIRECTION ( 'NONE',  ( -0.2393273043750005213, 0.000000000000000000, 0.9709389483281614108 ) ) ;
#3154 = VECTOR ( 'NONE', #2932, 1000.000000000000000 ) ;
#3155 = VERTEX_POINT ( 'NONE', #1351 ) ;
#3156 = DIRECTION ( 'NONE',  ( 0.000000000000000000, -1.000000000000000000, 0.000000000000000000 ) ) ;
#3157 = VERTEX_POINT ( 'NONE', #3545 ) ;
#3158 = FACE_OUTER_BOUND ( 'NONE', #4276, .T. ) ;
#3159 = DIRECTION ( 'NONE',  ( 0.000000000000000000, 1.000000000000000000, 0.000000000000000000 ) ) ;
#3160 = AXIS2_PLACEMENT_3D ( 'NONE', #3792, #5150, #1537 ) ;
#3161 = DIRECTION ( 'NONE',  ( 0.000000000000000000, -1.000000000000000000, 0.000000000000000000 ) ) ;
#3162 = CIRCLE ( 'NONE', #8416, 3.000000000000002665 ) ;
#3163 = EDGE_LOOP ( 'NONE', ( #7976, #3784, #2124, #1727 ) ) ;
#3164 = EDGE_CURVE ( 'NONE', #8493, #5308, #3461, .T. ) ;
#3165 = EDGE_LOOP ( 'NONE', ( #8787, #1151, #2098, #4650 ) ) ;
#3166 = VERTEX_POINT ( 'NONE', #9013 ) ;
#3167 = DIRECTION ( 'NONE',  ( 0.000000000000000000, 1.000000000000000000, 0.000000000000000000 ) ) ;
#3168 = CARTESIAN_POINT ( 'NONE',  ( 8.000000000000000000, 0.5000000000000000000, -25.00000000000000000 ) ) ;
#3169 = AXIS2_PLACEMENT_3D ( 'NONE', #651, #4788, #1302 ) ;
#3170 = EDGE_CURVE ( 'NONE', #5698, #8615, #76, .T. ) ;
#3171 = DIRECTION ( 'NONE',  ( -1.301042606982605124E-15, 1.000000000000000000, 0.000000000000000000 ) ) ;
#3172 = CARTESIAN_POINT ( 'NONE',  ( 4.761394580298139445, 6.499999999999999112, 51.82752399943534272 ) ) ;
#3173 = EDGE_LOOP ( 'NONE', ( #7470, #1256, #5407, #2130 ) ) ;
#3174 = FACE_OUTER_BOUND ( 'NONE', #1087, .T. ) ;
#3175 = VECTOR ( 'NONE', #6874, 1000.000000000000114 ) ;
#3176 = CIRCLE ( 'NONE', #6246, 0.9999999999999991118 ) ;
#3177 = VERTEX_POINT ( 'NONE', #8008 ) ;
#3178 = CARTESIAN_POINT ( 'NONE',  ( 48.99999999999999289, 12.53553390593281591, -3.000000000000000888 ) ) ;
#3179 = FACE_OUTER_BOUND ( 'NONE', #6278, .T. ) ;
#3180 = ORIENTED_EDGE ( 'NONE', *, *, #7009, .F. ) ;
#3181 = CARTESIAN_POINT ( 'NONE',  ( -5.000000000000000000, 6.499999999999999112, -47.50000000000000000 ) ) ;
#3182 = CARTESIAN_POINT ( 'NONE',  ( -66.50000000000000000, 54.00000000000000711, 0.000000000000000000 ) ) ;
#3183 = VECTOR ( 'NONE', #7164, 1000.000000000000114 ) ;
#3184 = LINE ( 'NONE', #8772, #1105 ) ;
#3185 = ORIENTED_EDGE ( 'NONE', *, *, #6806, .F. ) ;
#3186 = CARTESIAN_POINT ( 'NONE',  ( 0.000000000000000000, 54.00000000000000711, -54.50000000000000000 ) ) ;
#3187 = LINE ( 'NONE', #1758, #7446 ) ;
#3188 = CIRCLE ( 'NONE', #262, 3.000000000000002665 ) ;
#3189 = LINE ( 'NONE', #256, #8276 ) ;
#3190 = CARTESIAN_POINT ( 'NONE',  ( 1.381670582082206167, 6.500000000000000000, -50.00000000000000711 ) ) ;
#3191 = CIRCLE ( 'NONE', #3051, 2.500000000000000444 ) ;
#3192 = ORIENTED_EDGE ( 'NONE', *, *, #2254, .T. ) ;
#3193 = LINE ( 'NONE', #1209, #5789 ) ;
#3194 = VECTOR ( 'NONE', #738, 1000.000000000000000 ) ;
#3195 = DIRECTION ( 'NONE',  ( 0.000000000000000000, 0.000000000000000000, 1.000000000000000000 ) ) ;
#3196 = CARTESIAN_POINT ( 'NONE',  ( -53.48771061000000060, 0.000000000000000000, 6.987710610000019251 ) ) ;
#3197 = AXIS2_PLACEMENT_3D ( 'NONE', #4465, #3866, #6670 ) ;
#3198 = CARTESIAN_POINT ( 'NONE',  ( 42.93239645832138507, 6.136703253155334714, -5.863296746846343055 ) ) ;
#3199 = ORIENTED_EDGE ( 'NONE', *, *, #2792, .F. ) ;
#3200 = LINE ( 'NONE', #8832, #8415 ) ;
#3201 = ORIENTED_EDGE ( 'NONE', *, *, #1627, .F. ) ;
#3202 = DIRECTION ( 'NONE',  ( 0.000000000000000000, 1.000000000000000000, 0.000000000000000000 ) ) ;
#3203 = ORIENTED_EDGE ( 'NONE', *, *, #7285, .T. ) ;
#3204 = CARTESIAN_POINT ( 'NONE',  ( 0.000000000000000000, 1.000000000000000000, 13.54999999999999893 ) ) ;
#3205 = CARTESIAN_POINT ( 'NONE',  ( 53.48771061000000060, 0.000000000000000000, -53.48771061000000060 ) ) ;
#3206 = ORIENTED_EDGE ( 'NONE', *, *, #8702, .T. ) ;
#3207 = EDGE_CURVE ( 'NONE', #4449, #7029, #2952, .T. ) ;
#3208 = VERTEX_POINT ( 'NONE', #7223 ) ;
#3209 = ADVANCED_FACE ( 'NONE', ( #297 ), #814, .T. ) ;
#3210 = ORIENTED_EDGE ( 'NONE', *, *, #7451, .F. ) ;
#3211 = EDGE_CURVE ( 'NONE', #6990, #4204, #8547, .T. ) ;
#3212 = DIRECTION ( 'NONE',  ( 0.000000000000000000, -1.000000000000000000, 0.000000000000000000 ) ) ;
#3213 = EDGE_CURVE ( 'NONE', #1681, #882, #5630, .T. ) ;
#3214 = CARTESIAN_POINT ( 'NONE',  ( -1.999999999999991340, 6.499999999999999112, 53.00000000000000711 ) ) ;
#3215 = DIRECTION ( 'NONE',  ( 0.000000000000000000, 0.000000000000000000, 1.000000000000000000 ) ) ;
#3216 = VERTEX_POINT ( 'NONE', #209 ) ;
#3217 = FACE_OUTER_BOUND ( 'NONE', #6598, .T. ) ;
#3218 = EDGE_CURVE ( 'NONE', #3926, #489, #3011, .T. ) ;
#3219 = ORIENTED_EDGE ( 'NONE', *, *, #2003, .F. ) ;
#3220 = DIRECTION ( 'NONE',  ( 0.000000000000000000, -1.000000000000000000, 0.000000000000000000 ) ) ;
#3221 = LINE ( 'NONE', #2521, #1528 ) ;
#3222 = ORIENTED_EDGE ( 'NONE', *, *, #3520, .T. ) ;
#3223 = DIRECTION ( 'NONE',  ( 0.000000000000000000, 0.000000000000000000, 1.000000000000000000 ) ) ;
#3224 = DIRECTION ( 'NONE',  ( -0.000000000000000000, -0.000000000000000000, 1.000000000000000000 ) ) ;
#3225 =( NAMED_UNIT ( * ) PLANE_ANGLE_UNIT ( ) SI_UNIT ( $, .RADIAN. ) );
#3226 = EDGE_LOOP ( 'NONE', ( #3480, #160, #7036, #8332 ) ) ;
#3227 = CARTESIAN_POINT ( 'NONE',  ( -1.999999999999991340, 54.00000000000000711, 53.00000000000000000 ) ) ;
#3228 = VERTEX_POINT ( 'NONE', #5796 ) ;
#3229 = CARTESIAN_POINT ( 'NONE',  ( 4.840658366812108149, 6.499999988902025017, -52.01420465676921623 ) ) ;
#3230 = CARTESIAN_POINT ( 'NONE',  ( 4.866171957004048032, 4.256731389155281597, -53.91788425146985020 ) ) ;
#3231 = ORIENTED_EDGE ( 'NONE', *, *, #123, .F. ) ;
#3232 = CARTESIAN_POINT ( 'NONE',  ( 8.000000000000000000, -4.200000000000000178, -30.45000000000000284 ) ) ;
#3233 = DIRECTION ( 'NONE',  ( 0.000000000000000000, -1.000000000000000000, 0.000000000000000000 ) ) ;
#3234 = CARTESIAN_POINT ( 'NONE',  ( -79.14999999999999147, 1.000000000000000000, 7.500000000000000000 ) ) ;
#3235 = CARTESIAN_POINT ( 'NONE',  ( 43.10149933090683305, 3.329006369818029221, -8.670993630181932588 ) ) ;
#3236 = DIRECTION ( 'NONE',  ( -1.000000000000000000, 0.000000000000000000, 0.000000000000000000 ) ) ;
#3237 = VERTEX_POINT ( 'NONE', #2265 ) ;
#3238 = FACE_OUTER_BOUND ( 'NONE', #1546, .T. ) ;
#3239 = ORIENTED_EDGE ( 'NONE', *, *, #8513, .F. ) ;
#3240 = EDGE_CURVE ( 'NONE', #3208, #4547, #941, .T. ) ;
#3241 = CARTESIAN_POINT ( 'NONE',  ( 3.500000000000008882, 54.00000000000000711, 53.00000000000000711 ) ) ;
#3242 = CARTESIAN_POINT ( 'NONE',  ( -4.738688829644921441, 3.999999999999990674, 54.22457482187823530 ) ) ;
#3243 = CARTESIAN_POINT ( 'NONE',  ( 0.000000000000000000, 4.000000000000000000, 43.50000000000000000 ) ) ;
#3244 = EDGE_LOOP ( 'NONE', ( #6366, #8265, #6879, #8084 ) ) ;
#3245 = VERTEX_POINT ( 'NONE', #5843 ) ;
#3246 = ORIENTED_EDGE ( 'NONE', *, *, #4870, .T. ) ;
#3247 = CYLINDRICAL_SURFACE ( 'NONE', #5155, 2.500000000000002220 ) ;
#3248 = FACE_OUTER_BOUND ( 'NONE', #3024, .T. ) ;
#3249 = ADVANCED_FACE ( 'NONE', ( #7275 ), #8601, .T. ) ;
#3250 = CARTESIAN_POINT ( 'NONE',  ( 39.73223304703365244, 4.732233047033645335, 0.4603702609048098138 ) ) ;
#3251 = EDGE_CURVE ( 'NONE', #6845, #3522, #9011, .T. ) ;
#3252 = EDGE_LOOP ( 'NONE', ( #5811, #7031, #1363, #4047, #4255 ) ) ;
#3253 = DIRECTION ( 'NONE',  ( -0.9709389483281614108, 0.000000000000000000, -0.2393273043750005213 ) ) ;
#3254 = EDGE_CURVE ( 'NONE', #4547, #2050, #5064, .T. ) ;
#3255 = ADVANCED_FACE ( 'NONE', ( #3791 ), #6817, .F. ) ;
#3256 = EDGE_LOOP ( 'NONE', ( #4387, #8237, #6695, #1922 ) ) ;
#3257 = AXIS2_PLACEMENT_3D ( 'NONE', #7393, #5240, #2488 ) ;
#3258 = CARTESIAN_POINT ( 'NONE',  ( -95.37740409499218686, 4.000000000000000000, -27.83212343854044590 ) ) ;
#3259 = CARTESIAN_POINT ( 'NONE',  ( 1.836970198721030181E-16, 4.000000000000000000, -43.50000000000000000 ) ) ;
#3260 = ORIENTED_EDGE ( 'NONE', *, *, #8760, .F. ) ;
#3261 = ADVANCED_FACE ( 'NONE', ( #259 ), #3061, .T. ) ;
#3262 = CARTESIAN_POINT ( 'NONE',  ( -1.467101399055652955, 4.000000000000000000, -47.62683505387569483 ) ) ;
#3263 = CARTESIAN_POINT ( 'NONE',  ( 40.99999999999999289, 7.035533905932735088, -8.500000000000000000 ) ) ;
#3264 = VECTOR ( 'NONE', #7381, 1000.000000000000114 ) ;
#3265 = ORIENTED_EDGE ( 'NONE', *, *, #5969, .T. ) ;
#3266 = DIRECTION ( 'NONE',  ( 0.000000000000000000, 1.000000000000000000, 0.000000000000000000 ) ) ;
#3267 = CIRCLE ( 'NONE', #8374, 2.500000000000002220 ) ;
#3268 = ORIENTED_EDGE ( 'NONE', *, *, #1024, .T. ) ;
#3269 = EDGE_CURVE ( 'NONE', #1637, #6990, #3464, .T. ) ;
#3270 = ADVANCED_FACE ( 'NONE', ( #163 ), #2274, .T. ) ;
#3271 = DIRECTION ( 'NONE',  ( 0.000000000000000000, 1.000000000000000000, 0.000000000000000000 ) ) ;
#3272 = VECTOR ( 'NONE', #4717, 1000.000000000000000 ) ;
#3273 = B_SPLINE_CURVE_WITH_KNOTS ( 'NONE', 3,
 ( #7498, #3841, #6637, #2589, #483, #3280, #5386, #8189, #1899, #4741, #4700, #4059, #8918, #8221, #6858, #575, #3366, #8957 ),
 .UNSPECIFIED., .F., .F.,
 ( 4, 2, 2, 2, 2, 2, 2, 2, 4 ),
 ( 0.000000000000000000, 0.1249999999999898970, 0.1874999999999865108, 0.2499999999999831246, 0.4999999999999849010, 0.6249999999999865663, 0.6874999999999882316, 0.7499999999999900080, 1.000000000000000000 ),
 .UNSPECIFIED. ) ;
#3274 = DIRECTION ( 'NONE',  ( 1.000000000000000000, 0.000000000000000000, 0.000000000000000000 ) ) ;
#3275 = ORIENTED_EDGE ( 'NONE', *, *, #5585, .T. ) ;
#3276 = CARTESIAN_POINT ( 'NONE',  ( -82.95000000000000284, 4.000000000000000000, -10.25000000000000000 ) ) ;
#3277 = EDGE_CURVE ( 'NONE', #6045, #228, #2854, .T. ) ;
#3278 = FACE_OUTER_BOUND ( 'NONE', #3112, .T. ) ;
#3279 = DIRECTION ( 'NONE',  ( -0.000000000000000000, -0.000000000000000000, 1.000000000000000000 ) ) ;
#3280 = CARTESIAN_POINT ( 'NONE',  ( -94.61130496909052567, 3.845915324580925887, 13.98830155558887789 ) ) ;
#3281 = ADVANCED_FACE ( 'NONE', ( #5251 ), #8051, .F. ) ;
#3282 = AXIS2_PLACEMENT_3D ( 'NONE', #5213, #1776, #7287 ) ;
#3283 = CARTESIAN_POINT ( 'NONE',  ( 8.000000000000000000, 0.5000000000000000000, -23.00000000000000000 ) ) ;
#3284 = VECTOR ( 'NONE', #2142, 1000.000000000000114 ) ;
#3285 = DIRECTION ( 'NONE',  ( -0.7893522173763266592, 0.000000000000000000, 0.6139406135149199084 ) ) ;
#3286 = ORIENTED_EDGE ( 'NONE', *, *, #5164, .T. ) ;
#3287 = DIRECTION ( 'NONE',  ( 0.000000000000000000, -1.000000000000000000, 0.000000000000000000 ) ) ;
#3288 = EDGE_LOOP ( 'NONE', ( #1632, #7649, #5516, #8327 ) ) ;
#3289 = CIRCLE ( 'NONE', #4156, 3.000000000000002665 ) ;
#3290 = AXIS2_PLACEMENT_3D ( 'NONE', #8196, #2640, #4802 ) ;
#3291 = AXIS2_PLACEMENT_3D ( 'NONE', #2332, #3512, #6308 ) ;
#3292 = CARTESIAN_POINT ( 'NONE',  ( 40.26776695296638309, 5.267766952966383087, 3.000000000000000000 ) ) ;
#3293 = LINE ( 'NONE', #5476, #6791 ) ;
#3294 = EDGE_CURVE ( 'NONE', #5634, #2894, #3162, .T. ) ;
#3295 = DIRECTION ( 'NONE',  ( 1.000000000000000000, 0.000000000000000000, 0.000000000000000000 ) ) ;
#3296 = ORIENTED_EDGE ( 'NONE', *, *, #3121, .T. ) ;
#3297 = CIRCLE ( 'NONE', #3004, 0.7499999999999997780 ) ;
#3298 = AXIS2_PLACEMENT_3D ( 'NONE', #1218, #579, #6646 ) ;
#3299 = ORIENTED_EDGE ( 'NONE', *, *, #7116, .F. ) ;
#3300 = ORIENTED_EDGE ( 'NONE', *, *, #904, .T. ) ;
#3301 = CARTESIAN_POINT ( 'NONE',  ( 20.00000000000000000, 0.4999999999999730216, 0.000000000000000000 ) ) ;
#3302 = CARTESIAN_POINT ( 'NONE',  ( 0.000000000000000000, 4.000000000000000000, 45.00000000000000000 ) ) ;
#3303 = CIRCLE ( 'NONE', #1686, 1.249999999999999334 ) ;
#3304 = DIRECTION ( 'NONE',  ( 0.000000000000000000, -1.000000000000000000, 0.000000000000000000 ) ) ;
#3305 = AXIS2_PLACEMENT_3D ( 'NONE', #4566, #6442, #1174 ) ;
#3306 = ORIENTED_EDGE ( 'NONE', *, *, #5860, .T. ) ;
#3307 = CARTESIAN_POINT ( 'NONE',  ( 0.000000000000000000, 4.000000000000000000, 58.50000000000000000 ) ) ;
#3308 = ORIENTED_EDGE ( 'NONE', *, *, #1253, .T. ) ;
#3309 = EDGE_CURVE ( 'NONE', #6254, #4026, #1856, .T. ) ;
#3310 = CIRCLE ( 'NONE', #1258, 1.500000000000001332 ) ;
#3311 = DIRECTION ( 'NONE',  ( 0.000000000000000000, -1.000000000000000000, 0.000000000000000000 ) ) ;
#3312 = CARTESIAN_POINT ( 'NONE',  ( 39.73223304703365244, 4.732233047033645335, -0.4603702609048100913 ) ) ;
#3313 = DIRECTION ( 'NONE',  ( 8.953411488912552682E-16, 0.000000000000000000, 1.000000000000000000 ) ) ;
#3314 = CARTESIAN_POINT ( 'NONE',  ( 38.50000000000000000, 7.035533905932735088, 3.000000000000000000 ) ) ;
#3315 = ORIENTED_EDGE ( 'NONE', *, *, #4321, .F. ) ;
#3316 = DIRECTION ( 'NONE',  ( 0.000000000000000000, 0.000000000000000000, -1.000000000000000000 ) ) ;
#3317 = VECTOR ( 'NONE', #8578, 1000.000000000000000 ) ;
#3318 = ORIENTED_EDGE ( 'NONE', *, *, #5549, .F. ) ;
#3319 = ADVANCED_FACE ( 'NONE', ( #6113 ), #6676, .T. ) ;
#3320 = CARTESIAN_POINT ( 'NONE',  ( -8.500000000000001776, 2.399999999999999911, -28.49999999999999645 ) ) ;
#3321 = ADVANCED_FACE ( 'NONE', ( #6805 ), #6854, .F. ) ;
#3322 = CARTESIAN_POINT ( 'NONE',  ( -0.2012499999999879940, -4.200000000000000178, -30.45000000000000284 ) ) ;
#3323 = VECTOR ( 'NONE', #5677, 1000.000000000000000 ) ;
#3324 = VECTOR ( 'NONE', #5469, 1000.000000000000000 ) ;
#3325 = ORIENTED_EDGE ( 'NONE', *, *, #8188, .T. ) ;
#3326 = DIRECTION ( 'NONE',  ( 0.000000000000000000, 0.000000000000000000, -1.000000000000000000 ) ) ;
#3327 = CARTESIAN_POINT ( 'NONE',  ( -78.89999999999999147, 0.000000000000000000, 0.000000000000000000 ) ) ;
#3328 = CARTESIAN_POINT ( 'NONE',  ( 0.2765837169074590318, 6.449489742841712392, -50.00000000000000000 ) ) ;
#3329 = CARTESIAN_POINT ( 'NONE',  ( -86.00000000000000000, 1.000000000000000000, 12.55000000000000071 ) ) ;
#3330 = CIRCLE ( 'NONE', #2600, 46.50000000000000000 ) ;
#3331 = CARTESIAN_POINT ( 'NONE',  ( 38.63636884922900094, 4.000000000000000888, 8.363631150770988398 ) ) ;
#3332 = AXIS2_PLACEMENT_3D ( 'NONE', #2804, #7634, #4928 ) ;
#3333 = DIRECTION ( 'NONE',  ( 0.000000000000000000, 0.000000000000000000, 1.000000000000000000 ) ) ;
#3334 = EDGE_LOOP ( 'NONE', ( #2909, #4952, #1042, #2839, #5675, #895 ) ) ;
#3335 = DIRECTION ( 'NONE',  ( -1.000000000000000000, 0.000000000000000000, -0.000000000000000000 ) ) ;
#3336 = AXIS2_PLACEMENT_3D ( 'NONE', #1161, #5970, #7258 ) ;
#3337 = CARTESIAN_POINT ( 'NONE',  ( 41.38311478329297444, 7.737911008637080812, 4.519203881092452413 ) ) ;
#3338 = LINE ( 'NONE', #6864, #3726 ) ;
#3339 = CARTESIAN_POINT ( 'NONE',  ( -20.00000000000000000, 4.000000000000000000, 0.000000000000000000 ) ) ;
#3340 = ORIENTED_EDGE ( 'NONE', *, *, #6850, .T. ) ;
#3341 = ORIENTED_EDGE ( 'NONE', *, *, #8641, .T. ) ;
#3342 = AXIS2_PLACEMENT_3D ( 'NONE', #1067, #8045, #8774 ) ;
#3343 = ORIENTED_EDGE ( 'NONE', *, *, #5989, .T. ) ;
#3344 = CARTESIAN_POINT ( 'NONE',  ( -7.027533477553835617, 4.000000000032561509, -51.53049368959296572 ) ) ;
#3345 = CARTESIAN_POINT ( 'NONE',  ( -4.999999999999991118, 6.499999999999999112, 56.00000000000000000 ) ) ;
#3346 = CARTESIAN_POINT ( 'NONE',  ( 43.47340688922165697, 6.150170507290973809, -5.849829492709034184 ) ) ;
#3347 = ORIENTED_EDGE ( 'NONE', *, *, #8788, .F. ) ;
#3348 = FACE_OUTER_BOUND ( 'NONE', #8891, .T. ) ;
#3349 = EDGE_LOOP ( 'NONE', ( #4930, #2596, #8939, #1718, #4622, #3694, #1379, #5198, #36, #5626, #3607, #6129, #3506, #2048 ) ) ;
#3350 = CARTESIAN_POINT ( 'NONE',  ( 42.35899095656250068, 0.000000000000000000, -8.339049512740519532 ) ) ;
#3351 = CARTESIAN_POINT ( 'NONE',  ( 35.00000000000000000, 1.699999999999999956, -1.500000000000000000 ) ) ;
#3352 = FACE_OUTER_BOUND ( 'NONE', #2177, .T. ) ;
#3353 = CARTESIAN_POINT ( 'NONE',  ( 0.000000000000000000, 4.000000000000000000, -45.00000000000000000 ) ) ;
#3354 = EDGE_CURVE ( 'NONE', #2534, #3361, #664, .T. ) ;
#3355 = VERTEX_POINT ( 'NONE', #4613 ) ;
#3356 = CARTESIAN_POINT ( 'NONE',  ( -0.6609413867352249561, 3.999999998138852764, 47.94149094011221024 ) ) ;
#3357 = ORIENTED_EDGE ( 'NONE', *, *, #584, .F. ) ;
#3358 = CARTESIAN_POINT ( 'NONE',  ( 2.000000000000008882, 6.499999999999999112, 50.00000000000000000 ) ) ;
#3359 = DIRECTION ( 'NONE',  ( 0.000000000000000000, 0.000000000000000000, -1.000000000000000000 ) ) ;
#3360 = CARTESIAN_POINT ( 'NONE',  ( -95.37740409499218686, 0.000000000000000000, -27.83212343854044590 ) ) ;
#3361 = VERTEX_POINT ( 'NONE', #7356 ) ;
#3362 = CARTESIAN_POINT ( 'NONE',  ( 20.00000000000000000, 0.4999999999999730216, -6.000000000000000000 ) ) ;
#3363 = CARTESIAN_POINT ( 'NONE',  ( -78.89999999999999147, 0.000000000000000000, 0.000000000000000000 ) ) ;
#3364 = CARTESIAN_POINT ( 'NONE',  ( 42.48079611890776164, 7.737911008637532007, 5.616885216707108164 ) ) ;
#3365 = CARTESIAN_POINT ( 'NONE',  ( 0.6609413867352410543, 3.999999998138853208, -47.94149094011221024 ) ) ;
#3366 = CARTESIAN_POINT ( 'NONE',  ( -94.84234243804804976, 3.922302554791973428, 16.07384702432235102 ) ) ;
#3367 = EDGE_CURVE ( 'NONE', #9067, #135, #3193, .T. ) ;
#3368 = EDGE_CURVE ( 'NONE', #8232, #1509, #3744, .T. ) ;
#3369 = EDGE_CURVE ( 'NONE', #3471, #6382, #1896, .T. ) ;
#3370 = EDGE_CURVE ( 'NONE', #1102, #6034, #2711, .T. ) ;
#3371 = CARTESIAN_POINT ( 'NONE',  ( 42.35899095656249358, 0.000000000000000000, 8.339049512740478676 ) ) ;
#3372 = ORIENTED_EDGE ( 'NONE', *, *, #4539, .F. ) ;
#3373 = LINE ( 'NONE', #5863, #5625 ) ;
#3374 = CARTESIAN_POINT ( 'NONE',  ( -95.37740409499218686, 4.000000000000000000, 26.33212343854054893 ) ) ;
#3375 = DIRECTION ( 'NONE',  ( -5.424260528589055427E-15, 0.000000000000000000, 1.000000000000000000 ) ) ;
#3376 = DIRECTION ( 'NONE',  ( -1.000000000000000000, 0.000000000000000000, 0.000000000000000000 ) ) ;
#3377 = ORIENTED_EDGE ( 'NONE', *, *, #2567, .F. ) ;
#3378 = ORIENTED_EDGE ( 'NONE', *, *, #1935, .F. ) ;
#3379 = EDGE_CURVE ( 'NONE', #4968, #5707, #6022, .T. ) ;
#3380 = ORIENTED_EDGE ( 'NONE', *, *, #6324, .F. ) ;
#3381 = FACE_OUTER_BOUND ( 'NONE', #4894, .T. ) ;
#3382 = CARTESIAN_POINT ( 'NONE',  ( -35.00000000000000000, 1.699999999999999956, 1.500000000000000000 ) ) ;
#3383 = EDGE_CURVE ( 'NONE', #1694, #4219, #4035, .T. ) ;
#3384 = CARTESIAN_POINT ( 'NONE',  ( -8.000000000000000000, 0.4999999999999730216, 25.00000000000000000 ) ) ;
#3385 = ADVANCED_FACE ( 'NONE', ( #8140 ), #6521, .F. ) ;
#3386 = ORIENTED_EDGE ( 'NONE', *, *, #2178, .F. ) ;
#3387 = LINE ( 'NONE', #6183, #7564 ) ;
#3388 = CARTESIAN_POINT ( 'NONE',  ( -78.89999999999999147, 0.000000000000000000, 10.25000000000000000 ) ) ;
#3389 = CARTESIAN_POINT ( 'NONE',  ( 0.000000000000000000, 6.500000000000000888, 9.035533905932723542 ) ) ;
#3390 = EDGE_CURVE ( 'NONE', #4746, #4557, #8184, .T. ) ;
#3391 = VERTEX_POINT ( 'NONE', #7405 ) ;
#3392 = FACE_OUTER_BOUND ( 'NONE', #8199, .T. ) ;
#3393 = AXIS2_PLACEMENT_3D ( 'NONE', #3067, #4427, #2419 ) ;
#3394 = ORIENTED_EDGE ( 'NONE', *, *, #8745, .F. ) ;
#3395 = ADVANCED_FACE ( 'NONE', ( #4697 ), #3873, .F. ) ;
#3396 = FACE_OUTER_BOUND ( 'NONE', #1055, .T. ) ;
#3397 = DIRECTION ( 'NONE',  ( -0.000000000000000000, 1.000000000000000000, -0.000000000000000000 ) ) ;
#3398 = CARTESIAN_POINT ( 'NONE',  ( 0.000000000000000000, 0.000000000000000000, 6.500000000000000000 ) ) ;
#3399 = ORIENTED_EDGE ( 'NONE', *, *, #3002, .T. ) ;
#3400 = CARTESIAN_POINT ( 'NONE',  ( -5.616384920805909786, 4.000000000000000000, 59.00000000000000000 ) ) ;
#3401 = CARTESIAN_POINT ( 'NONE',  ( -95.37740409499218686, 3.500000000000000000, 28.33212343854049919 ) ) ;
#3402 = VECTOR ( 'NONE', #151, 1000.000000000000000 ) ;
#3403 = AXIS2_PLACEMENT_3D ( 'NONE', #2012, #4078, #8371 ) ;
#3404 = DIRECTION ( 'NONE',  ( 0.000000000000000000, 0.000000000000000000, 1.000000000000000000 ) ) ;
#3405 = CARTESIAN_POINT ( 'NONE',  ( -94.37983671570650301, 4.000000000000000000, -13.42342473284699977 ) ) ;
#3406 = DIRECTION ( 'NONE',  ( 1.000000000000000000, 0.000000000000000000, 0.000000000000000000 ) ) ;
#3407 = CIRCLE ( 'NONE', #6037, 6.500000000000000000 ) ;
#3408 = CIRCLE ( 'NONE', #6197, 0.2500000000000071609 ) ;
#3409 = DIRECTION ( 'NONE',  ( 0.000000000000000000, -1.000000000000000000, 0.000000000000000000 ) ) ;
#3410 = ADVANCED_FACE ( 'NONE', ( #4738 ), #7540, .F. ) ;
#3411 = ORIENTED_EDGE ( 'NONE', *, *, #1457, .T. ) ;
#3412 = EDGE_CURVE ( 'NONE', #3166, #3729, #1396, .T. ) ;
#3413 = DIRECTION ( 'NONE',  ( 1.000000000000000000, 0.000000000000000000, 0.000000000000000000 ) ) ;
#3414 = CARTESIAN_POINT ( 'NONE',  ( 42.44880804980768829, 7.601211221566610554, 5.691448736926980168 ) ) ;
#3415 = CARTESIAN_POINT ( 'NONE',  ( -4.738688829644923217, 6.499999999999999112, 54.22457482187821398 ) ) ;
#3416 = VECTOR ( 'NONE', #73, 1000.000000000000000 ) ;
#3417 = CARTESIAN_POINT ( 'NONE',  ( 8.500000000000001776, 2.399999999999999911, -28.50000000000000000 ) ) ;
#3418 = ORIENTED_EDGE ( 'NONE', *, *, #4087, .F. ) ;
#3419 = AXIS2_PLACEMENT_3D ( 'NONE', #4976, #2174, #4936 ) ;
#3420 = CIRCLE ( 'NONE', #6054, 2.500000000000000444 ) ;
#3421 = ORIENTED_EDGE ( 'NONE', *, *, #4337, .T. ) ;
#3422 = DIRECTION ( 'NONE',  ( 0.000000000000000000, 1.000000000000000000, 0.000000000000000000 ) ) ;
#3423 = ORIENTED_EDGE ( 'NONE', *, *, #2160, .T. ) ;
#3424 = DIRECTION ( 'NONE',  ( 0.000000000000000000, 1.000000000000000000, 0.000000000000000000 ) ) ;
#3425 = CIRCLE ( 'NONE', #6655, 6.000000000000000000 ) ;
#3426 = VECTOR ( 'NONE', #2461, 1000.000000000000000 ) ;
#3427 = DIRECTION ( 'NONE',  ( -0.000000000000000000, 1.000000000000000000, 0.000000000000000000 ) ) ;
#3428 = EDGE_CURVE ( 'NONE', #6449, #7532, #4327, .T. ) ;
#3429 = AXIS2_PLACEMENT_3D ( 'NONE', #5971, #7442, #5237 ) ;
#3430 = ORIENTED_EDGE ( 'NONE', *, *, #1627, .T. ) ;
#3431 = EDGE_CURVE ( 'NONE', #2836, #7026, #6721, .T. ) ;
#3432 = ORIENTED_EDGE ( 'NONE', *, *, #360, .F. ) ;
#3433 = TOROIDAL_SURFACE ( 'NONE', #3012, 5.500000000000000000, 2.500000000000000000 ) ;
#3434 = CARTESIAN_POINT ( 'NONE',  ( -86.75000000000000000, 4.000000000000000000, 7.750000000000000000 ) ) ;
#3435 = CARTESIAN_POINT ( 'NONE',  ( 8.000000000000000000, 0.000000000000000000, 25.50000000000000000 ) ) ;
#3436 = AXIS2_PLACEMENT_3D ( 'NONE', #6948, #3413, #6209 ) ;
#3437 = FACE_OUTER_BOUND ( 'NONE', #4831, .T. ) ;
#3438 = DIRECTION ( 'NONE',  ( 0.000000000000000000, -1.000000000000000000, 0.000000000000000000 ) ) ;
#3439 = VERTEX_POINT ( 'NONE', #707 ) ;
#3440 = DIRECTION ( 'NONE',  ( 0.000000000000000000, 1.000000000000000000, 0.000000000000000000 ) ) ;
#3441 = AXIS2_PLACEMENT_3D ( 'NONE', #7456, #3928, #5384 ) ;
#3442 = AXIS2_PLACEMENT_3D ( 'NONE', #7914, #3738, #1617 ) ;
#3443 = VECTOR ( 'NONE', #1807, 1000.000000000000000 ) ;
#3444 = EDGE_LOOP ( 'NONE', ( #7190, #1830, #7936, #7391 ) ) ;
#3445 = VECTOR ( 'NONE', #740, 1000.000000000000000 ) ;
#3446 = CARTESIAN_POINT ( 'NONE',  ( 47.49999999999999289, 52.50000000000000711, -3.000000000000000444 ) ) ;
#3447 = DIRECTION ( 'NONE',  ( 0.000000000000000000, 0.000000000000000000, 1.000000000000000000 ) ) ;
#3448 = DIRECTION ( 'NONE',  ( 0.000000000000000000, 0.000000000000000000, -1.000000000000000000 ) ) ;
#3449 = ORIENTED_EDGE ( 'NONE', *, *, #6812, .F. ) ;
#3450 = DIRECTION ( 'NONE',  ( 0.000000000000000000, 0.000000000000000000, 1.000000000000000000 ) ) ;
#3451 = DIRECTION ( 'NONE',  ( 0.000000000000000000, 0.000000000000000000, 1.000000000000000000 ) ) ;
#3452 = CARTESIAN_POINT ( 'NONE',  ( -93.06768137013648357, 0.5000000000000071054, 28.33212343854054893 ) ) ;
#3453 = DIRECTION ( 'NONE',  ( 0.000000000000000000, 0.000000000000000000, -1.000000000000000000 ) ) ;
#3454 = ORIENTED_EDGE ( 'NONE', *, *, #4646, .F. ) ;
#3455 = CARTESIAN_POINT ( 'NONE',  ( 45.99999999999999289, 6.000000000000004441, -6.000000000000000888 ) ) ;
#3456 = CYLINDRICAL_SURFACE ( 'NONE', #4355, 1.249999999999999334 ) ;
#3457 = AXIS2_PLACEMENT_3D ( 'NONE', #2431, #6698, #3715 ) ;
#3458 = CIRCLE ( 'NONE', #3609, 2.999999999999999112 ) ;
#3459 = CARTESIAN_POINT ( 'NONE',  ( 53.48771061000000060, 4.000000000000000000, -53.48771061000000060 ) ) ;
#3460 = ORIENTED_EDGE ( 'NONE', *, *, #1271, .T. ) ;
#3461 = LINE ( 'NONE', #1483, #523 ) ;
#3462 = CARTESIAN_POINT ( 'NONE',  ( 44.00000000000000000, 7.035533905932727983, 6.000000000000000000 ) ) ;
#3463 = DIRECTION ( 'NONE',  ( 0.000000000000000000, 0.8376105968386138301, 0.5462677805469229320 ) ) ;
#3464 = B_SPLINE_CURVE_WITH_KNOTS ( 'NONE', 3,
 ( #5148, #3141, #7956, #8680, #3648, #1669 ),
 .UNSPECIFIED., .F., .F.,
 ( 4, 2, 4 ),
 ( 0.000000000000000000, 0.001312625903070191533, 0.002625251806140383067 ),
 .UNSPECIFIED. ) ;
#3465 = AXIS2_PLACEMENT_3D ( 'NONE', #7664, #7589, #1388 ) ;
#3466 = DIRECTION ( 'NONE',  ( 0.000000000000000000, 0.000000000000000000, 1.000000000000000000 ) ) ;
#3467 = ORIENTED_EDGE ( 'NONE', *, *, #3677, .F. ) ;
#3468 = AXIS2_PLACEMENT_3D ( 'NONE', #1717, #992, #4563 ) ;
#3469 = ORIENTED_EDGE ( 'NONE', *, *, #8517, .T. ) ;
#3470 = CARTESIAN_POINT ( 'NONE',  ( -93.06768137013648357, 4.000000000000000000, 26.33212343854054893 ) ) ;
#3471 = VERTEX_POINT ( 'NONE', #8314 ) ;
#3472 = CARTESIAN_POINT ( 'NONE',  ( -3.276559976873924627E-14, 4.000000000000000000, 28.33212343854064841 ) ) ;
#3473 = DIRECTION ( 'NONE',  ( -0.000000000000000000, -1.000000000000000000, -0.000000000000000000 ) ) ;
#3474 = ADVANCED_FACE ( 'NONE', ( #2032 ), #4826, .T. ) ;
#3475 = EDGE_CURVE ( 'NONE', #1163, #7311, #7629, .T. ) ;
#3476 = AXIS2_PLACEMENT_3D ( 'NONE', #3093, #5879, #5790 ) ;
#3477 = ORIENTED_EDGE ( 'NONE', *, *, #8293, .F. ) ;
#3478 = EDGE_CURVE ( 'NONE', #9062, #5099, #5488, .T. ) ;
#3479 = EDGE_CURVE ( 'NONE', #4760, #3032, #3310, .T. ) ;
#3480 = ORIENTED_EDGE ( 'NONE', *, *, #7427, .F. ) ;
#3481 = DIRECTION ( 'NONE',  ( -0.000000000000000000, 0.000000000000000000, 1.000000000000000000 ) ) ;
#3482 = FACE_OUTER_BOUND ( 'NONE', #1205, .T. ) ;
#3483 = CARTESIAN_POINT ( 'NONE',  ( 48.99999999999999289, 3.500000000000041300, -7.217068779995491568 ) ) ;
#3484 = DIRECTION ( 'NONE',  ( 0.000000000000000000, -1.000000000000000000, 0.000000000000000000 ) ) ;
#3485 = ORIENTED_EDGE ( 'NONE', *, *, #3170, .T. ) ;
#3486 = DIRECTION ( 'NONE',  ( 0.000000000000000000, -1.000000000000000000, 0.000000000000000000 ) ) ;
#3487 = ORIENTED_EDGE ( 'NONE', *, *, #473, .T. ) ;
#3488 = DIRECTION ( 'NONE',  ( 0.000000000000000000, 0.000000000000000000, -1.000000000000000000 ) ) ;
#3489 = CARTESIAN_POINT ( 'NONE',  ( -93.06768137013648357, 0.5000000000000071054, -28.33212343854044946 ) ) ;
#3490 = DIRECTION ( 'NONE',  ( 0.000000000000000000, 1.000000000000000000, 0.000000000000000000 ) ) ;
#3491 = EDGE_LOOP ( 'NONE', ( #8312, #7590, #3620, #7338, #3671, #3795 ) ) ;
#3492 = CARTESIAN_POINT ( 'NONE',  ( 48.10097199311510252, 5.572915052943930192, 6.427084947056069808 ) ) ;
#3493 = DIRECTION ( 'NONE',  ( 0.000000000000000000, -1.000000000000000000, 0.000000000000000000 ) ) ;
#3494 = DIRECTION ( 'NONE',  ( 0.000000000000000000, -1.000000000000000000, 0.000000000000000000 ) ) ;
#3495 = CARTESIAN_POINT ( 'NONE',  ( -20.00000000000000000, 3.500000000000000000, 6.000000000000000000 ) ) ;
#3496 = ORIENTED_EDGE ( 'NONE', *, *, #8758, .F. ) ;
#3497 = CARTESIAN_POINT ( 'NONE',  ( 45.99999999999999289, 7.035533905932730647, -6.000000000000000000 ) ) ;
#3498 = DIRECTION ( 'NONE',  ( -0.000000000000000000, 1.000000000000000000, 0.000000000000000000 ) ) ;
#3499 = DIRECTION ( 'NONE',  ( 0.000000000000000000, 1.000000000000000000, 0.000000000000000000 ) ) ;
#3500 = ORIENTED_EDGE ( 'NONE', *, *, #6843, .T. ) ;
#3501 = LINE ( 'NONE', #8459, #1245 ) ;
#3502 = FACE_BOUND ( 'NONE', #2270, .T. ) ;
#3503 = CARTESIAN_POINT ( 'NONE',  ( -20.00000000000000000, 0.4999999999999730216, 0.000000000000000000 ) ) ;
#3504 = ORIENTED_EDGE ( 'NONE', *, *, #189, .F. ) ;
#3505 = CARTESIAN_POINT ( 'NONE',  ( -82.15000000000000568, 4.000000000000000000, -7.750000000000000000 ) ) ;
#3506 = ORIENTED_EDGE ( 'NONE', *, *, #4635, .T. ) ;
#3507 = EDGE_CURVE ( 'NONE', #7430, #2430, #5206, .T. ) ;
#3508 = EDGE_LOOP ( 'NONE', ( #4719, #2420, #1316, #2145 ) ) ;
#3509 = CARTESIAN_POINT ( 'NONE',  ( 5.000000000000000000, 6.448309193054851285, -52.79743293652173719 ) ) ;
#3510 = ORIENTED_EDGE ( 'NONE', *, *, #6525, .T. ) ;
#3511 = LINE ( 'NONE', #4895, #631 ) ;
#3512 = DIRECTION ( 'NONE',  ( 0.000000000000000000, 1.000000000000000000, 0.000000000000000000 ) ) ;
#3513 = CARTESIAN_POINT ( 'NONE',  ( 0.000000000000000000, 4.000000000000000000, 0.000000000000000000 ) ) ;
#3514 = ORIENTED_EDGE ( 'NONE', *, *, #8633, .F. ) ;
#3515 = ORIENTED_EDGE ( 'NONE', *, *, #118, .F. ) ;
#3516 = DIRECTION ( 'NONE',  ( 0.000000000000000000, 0.000000000000000000, 1.000000000000000000 ) ) ;
#3517 = CARTESIAN_POINT ( 'NONE',  ( 38.99999999999999289, 0.000000000000000000, -9.302235153908178233 ) ) ;
#3518 = ADVANCED_FACE ( 'NONE', ( #4129 ), #6330, .T. ) ;
#3519 = CARTESIAN_POINT ( 'NONE',  ( 1.609367930504009954E-14, 4.000000000000000000, -27.83212343854039972 ) ) ;
#3520 = EDGE_CURVE ( 'NONE', #5178, #8544, #6255, .T. ) ;
#3521 = CARTESIAN_POINT ( 'NONE',  ( 2.000000000000000000, 54.00000000000000711, -53.00000000000000711 ) ) ;
#3522 = VERTEX_POINT ( 'NONE', #9048 ) ;
#3523 = CARTESIAN_POINT ( 'NONE',  ( -1.658312395177695242, 3.999999999999986233, 50.00000000000000711 ) ) ;
#3524 = ORIENTED_EDGE ( 'NONE', *, *, #6778, .T. ) ;
#3525 = FACE_OUTER_BOUND ( 'NONE', #6762, .T. ) ;
#3526 = EDGE_CURVE ( 'NONE', #7321, #7641, #6381, .T. ) ;
#3527 = CARTESIAN_POINT ( 'NONE',  ( 5.000000000000008882, 6.447489024775959976, 53.00000000000000711 ) ) ;
#3528 = LINE ( 'NONE', #2844, #5367 ) ;
#3529 = EDGE_LOOP ( 'NONE', ( #7422, #3752, #3210, #7738 ) ) ;
#3530 = FACE_OUTER_BOUND ( 'NONE', #4169, .T. ) ;
#3531 = DIRECTION ( 'NONE',  ( 0.000000000000000000, -1.000000000000000000, 0.000000000000000000 ) ) ;
#3532 = CARTESIAN_POINT ( 'NONE',  ( 45.99999999999999289, 52.50000000000000711, 6.000000000000000000 ) ) ;
#3533 = CARTESIAN_POINT ( 'NONE',  ( 20.00000000000000000, 0.4999999999999730216, 6.000000000000000000 ) ) ;
#3534 = ORIENTED_EDGE ( 'NONE', *, *, #7640, .F. ) ;
#3535 = DIRECTION ( 'NONE',  ( 0.000000000000000000, 0.000000000000000000, -1.000000000000000000 ) ) ;
#3536 = ADVANCED_FACE ( 'NONE', ( #5554 ), #4914, .F. ) ;
#3537 = EDGE_CURVE ( 'NONE', #7196, #2169, #4921, .T. ) ;
#3538 = CARTESIAN_POINT ( 'NONE',  ( 0.000000000000000000, 4.000000000000000000, 0.000000000000000000 ) ) ;
#3539 = ORIENTED_EDGE ( 'NONE', *, *, #7326, .F. ) ;
#3540 = VECTOR ( 'NONE', #5006, 1000.000000000000000 ) ;
#3541 = DIRECTION ( 'NONE',  ( -0.2393273043749994944, 0.000000000000000000, -0.9709389483281615219 ) ) ;
#3542 = ORIENTED_EDGE ( 'NONE', *, *, #1328, .F. ) ;
#3543 = CONICAL_SURFACE ( 'NONE', #480, 1.500000000000001332, 0.7853981633974772558 ) ;
#3544 = ADVANCED_FACE ( 'NONE', ( #5644 ), #9017, .F. ) ;
#3545 = CARTESIAN_POINT ( 'NONE',  ( 6.990325341823553806, 4.000000000000000000, 52.99459477901502424 ) ) ;
#3546 = EDGE_CURVE ( 'NONE', #1440, #6706, #9001, .T. ) ;
#3547 = DIRECTION ( 'NONE',  ( 0.000000000000000000, -0.7071067811865420216, 0.7071067811865531239 ) ) ;
#3548 = DIRECTION ( 'NONE',  ( 1.000000000000000000, -0.000000000000000000, 0.000000000000000000 ) ) ;
#3549 = CIRCLE ( 'NONE', #4425, 2.500000000000000444 ) ;
#3550 = ORIENTED_EDGE ( 'NONE', *, *, #4750, .F. ) ;
#3551 = AXIS2_PLACEMENT_3D ( 'NONE', #9036, #1886, #7618 ) ;
#3552 = CYLINDRICAL_SURFACE ( 'NONE', #7961, 2.500000000000002220 ) ;
#3553 = AXIS2_PLACEMENT_3D ( 'NONE', #8851, #1020, #8896 ) ;
#3554 = VERTEX_POINT ( 'NONE', #3589 ) ;
#3555 = ORIENTED_EDGE ( 'NONE', *, *, #5175, .F. ) ;
#3556 = DIRECTION ( 'NONE',  ( 0.000000000000000000, -1.000000000000000000, 0.000000000000000000 ) ) ;
#3557 = ORIENTED_EDGE ( 'NONE', *, *, #584, .T. ) ;
#3558 = AXIS2_PLACEMENT_3D ( 'NONE', #2968, #823, #5754 ) ;
#3559 = EDGE_CURVE ( 'NONE', #8931, #7196, #2162, .T. ) ;
#3560 = CYLINDRICAL_SURFACE ( 'NONE', #3131, 46.00000000000000000 ) ;
#3561 = CYLINDRICAL_SURFACE ( 'NONE', #5180, 1.500000000000001332 ) ;
#3562 = DIRECTION ( 'NONE',  ( -0.000000000000000000, -1.000000000000000000, -0.000000000000000000 ) ) ;
#3563 = EDGE_LOOP ( 'NONE', ( #1704, #6715, #229, #8290 ) ) ;
#3564 = AXIS2_PLACEMENT_3D ( 'NONE', #3606, #5567, #5658 ) ;
#3565 = CIRCLE ( 'NONE', #5609, 1.500000000000001332 ) ;
#3566 = ORIENTED_EDGE ( 'NONE', *, *, #4871, .F. ) ;
#3567 = ORIENTED_EDGE ( 'NONE', *, *, #7199, .T. ) ;
#3568 = LINE ( 'NONE', #6371, #3323 ) ;
#3569 = DIRECTION ( 'NONE',  ( 0.000000000000000000, 0.000000000000000000, 1.000000000000000000 ) ) ;
#3570 = TOROIDAL_SURFACE ( 'NONE', #943, 5.500000000000000000, 2.500000000000000000 ) ;
#3571 = CARTESIAN_POINT ( 'NONE',  ( -5.000000000000000000, 6.499999999999999112, -56.00000000000000000 ) ) ;
#3572 = LINE ( 'NONE', #5047, #2867 ) ;
#3573 = VECTOR ( 'NONE', #5253, 1000.000000000000114 ) ;
#3574 = AXIS2_PLACEMENT_3D ( 'NONE', #1733, #6554, #6070 ) ;
#3575 = VERTEX_POINT ( 'NONE', #6387 ) ;
#3576 = CARTESIAN_POINT ( 'NONE',  ( 42.48444683104213482, 7.484446831042171233, -5.721451919880730763 ) ) ;
#3577 = EDGE_CURVE ( 'NONE', #5981, #8993, #6682, .T. ) ;
#3578 = AXIS2_PLACEMENT_3D ( 'NONE', #8256, #6921, #562 ) ;
#3579 = EDGE_CURVE ( 'NONE', #8794, #2921, #7668, .T. ) ;
#3580 = ORIENTED_EDGE ( 'NONE', *, *, #2037, .F. ) ;
#3581 = AXIS2_PLACEMENT_3D ( 'NONE', #4034, #7567, #551 ) ;
#3582 = CARTESIAN_POINT ( 'NONE',  ( -92.00000000000000000, -6.000000000000000000, 15.25000000000000000 ) ) ;
#3583 = TOROIDAL_SURFACE ( 'NONE', #4625, 1.500000000000000000, 1.500000000000000000 ) ;
#3584 = CARTESIAN_POINT ( 'NONE',  ( 4.977313831875632033, 6.456694478655387925, 53.42332007969543639 ) ) ;
#3585 = LINE ( 'NONE', #5004, #3916 ) ;
#3586 = ADVANCED_FACE ( 'NONE', ( #2797 ), #5513, .T. ) ;
#3587 = ORIENTED_EDGE ( 'NONE', *, *, #2525, .T. ) ;
#3588 = DIRECTION ( 'NONE',  ( -0.7052112295670551756, -0.7071067811865532349, -0.05174090927413521612 ) ) ;
#3589 = CARTESIAN_POINT ( 'NONE',  ( -95.37740409499218686, 0.000000000000000000, 27.83212343854054893 ) ) ;
#3590 = CARTESIAN_POINT ( 'NONE',  ( -4.825387965615997921, 6.500000000000000888, 54.03067735560525620 ) ) ;
#3591 = SURFACE_STYLE_USAGE ( .BOTH. , #7070 ) ;
#3592 = ORIENTED_EDGE ( 'NONE', *, *, #6925, .T. ) ;
#3593 = CARTESIAN_POINT ( 'NONE',  ( -94.82252924090150259, 3.961488972573983247, -16.19751437036864417 ) ) ;
#3594 = AXIS2_PLACEMENT_3D ( 'NONE', #8636, #7352, #3692 ) ;
#3595 = AXIS2_PLACEMENT_3D ( 'NONE', #7495, #1936, #6674 ) ;
#3596 = EDGE_CURVE ( 'NONE', #4232, #7539, #3781, .T. ) ;
#3597 = ADVANCED_FACE ( 'NONE', ( #7861 ), #8668, .F. ) ;
#3598 = FACE_OUTER_BOUND ( 'NONE', #2766, .T. ) ;
#3599 = ORIENTED_EDGE ( 'NONE', *, *, #781, .T. ) ;
#3600 = DIRECTION ( 'NONE',  ( 0.000000000000000000, 1.000000000000000000, 0.000000000000000000 ) ) ;
#3601 = AXIS2_PLACEMENT_3D ( 'NONE', #8817, #8949, #2580 ) ;
#3602 = AXIS2_PLACEMENT_3D ( 'NONE', #5976, #2572, #7529 ) ;
#3603 = ORIENTED_EDGE ( 'NONE', *, *, #6850, .F. ) ;
#3604 = EDGE_CURVE ( 'NONE', #4926, #7641, #845, .T. ) ;
#3605 = CARTESIAN_POINT ( 'NONE',  ( -4.738688829644932099, 6.499999999999999112, -54.22457482187821398 ) ) ;
#3606 = CARTESIAN_POINT ( 'NONE',  ( -66.50000000000000000, 52.50000000000000711, -2.000000000000000888 ) ) ;
#3607 = ORIENTED_EDGE ( 'NONE', *, *, #960, .F. ) ;
#3608 =( BOUNDED_SURFACE ( )  B_SPLINE_SURFACE ( 3, 2, ( 
 ( #2457, #8868, #8049 ),
 ( #6583, #1761, #8005 ),
 ( #4660, #7453, #7315 ),
 ( #295, #3230, #8732 ),
 ( #1034, #3096, #2582 ),
 ( #5882, #3925, #6621 ) ),
 .UNSPECIFIED., .F., .F., .F. ) 
 B_SPLINE_SURFACE_WITH_KNOTS ( ( 4, 2, 4 ),
 ( 3, 3 ),
 ( 0.004184103987939875521, 0.005335233723397283037, 0.006486363458854689686 ),
 ( 0.000000000000000000, 1.000000000000000000 ),
 .UNSPECIFIED. ) 
 GEOMETRIC_REPRESENTATION_ITEM ( )  RATIONAL_B_SPLINE_SURFACE ( (
 ( 1.000000000000000000, 0.7758446568967838353, 1.000000000000000000),
 ( 1.000000000000000000, 0.7764887929018394752, 1.000000000000000000),
 ( 1.000000000000000000, 0.7703434300840443782, 1.000000000000000000),
 ( 1.000000000000000000, 0.7466016803804773616, 1.000000000000000000),
 ( 1.000000000000000000, 0.7289866434326460753, 1.000000000000000000),
 ( 1.000000000000000000, 0.7071067811865425767, 1.000000000000000000) ) ) 
 REPRESENTATION_ITEM ( '' )  SURFACE ( )  );
#3609 = AXIS2_PLACEMENT_3D ( 'NONE', #8482, #5820, #2889 ) ;
#3610 = ADVANCED_FACE ( 'NONE', ( #5101 ), #196, .T. ) ;
#3611 = ORIENTED_EDGE ( 'NONE', *, *, #768, .F. ) ;
#3612 = VERTEX_POINT ( 'NONE', #7908 ) ;
#3613 = CARTESIAN_POINT ( 'NONE',  ( 0.000000000000000000, 0.000000000000000000, -45.00000000000000000 ) ) ;
#3614 = AXIS2_PLACEMENT_3D ( 'NONE', #829, #2886, #4163 ) ;
#3615 = ORIENTED_EDGE ( 'NONE', *, *, #3207, .F. ) ;
#3616 = DIRECTION ( 'NONE',  ( 0.000000000000000000, 1.000000000000000000, 0.000000000000000000 ) ) ;
#3617 = VECTOR ( 'NONE', #3236, 1000.000000000000000 ) ;
#3618 = DIRECTION ( 'NONE',  ( 0.6139406135149200194, 0.000000000000000000, 0.7893522173763267702 ) ) ;
#3619 = PLANE ( 'NONE',  #1511 ) ;
#3620 = ORIENTED_EDGE ( 'NONE', *, *, #117, .T. ) ;
#3621 = CIRCLE ( 'NONE', #1568, 6.451250000000001705 ) ;
#3622 = EDGE_LOOP ( 'NONE', ( #5854, #3975, #1593, #4152 ) ) ;
#3623 = ORIENTED_EDGE ( 'NONE', *, *, #8797, .F. ) ;
#3624 = FACE_OUTER_BOUND ( 'NONE', #4365, .T. ) ;
#3625 = CARTESIAN_POINT ( 'NONE',  ( 49.39765517828131891, 6.382507162407248913, 5.617492837592760857 ) ) ;
#3626 = CARTESIAN_POINT ( 'NONE',  ( -35.00000000000000000, 0.000000000000000000, -1.500000000000000000 ) ) ;
#3627 = DIRECTION ( 'NONE',  ( -1.000000000000000000, 0.000000000000000000, -0.000000000000000000 ) ) ;
#3628 = CIRCLE ( 'NONE', #7863, 3.000000000000002665 ) ;
#3629 = AXIS2_PLACEMENT_3D ( 'NONE', #5104, #8539, #253 ) ;
#3630 = ORIENTED_EDGE ( 'NONE', *, *, #620, .T. ) ;
#3631 = DIRECTION ( 'NONE',  ( 0.000000000000000000, 0.000000000000000000, -1.000000000000000000 ) ) ;
#3632 = ORIENTED_EDGE ( 'NONE', *, *, #2685, .F. ) ;
#3633 = DIRECTION ( 'NONE',  ( 0.000000000000000000, 0.000000000000000000, 1.000000000000000000 ) ) ;
#3634 = CARTESIAN_POINT ( 'NONE',  ( -4.999999999999999112, 6.446635267733056729, -53.21086274685244888 ) ) ;
#3635 = CARTESIAN_POINT ( 'NONE',  ( 10.00000000000000000, 2.399999999999999911, -32.40000000000001279 ) ) ;
#3636 = ADVANCED_FACE ( 'NONE', ( #8629 ), #4478, .T. ) ;
#3637 = ORIENTED_EDGE ( 'NONE', *, *, #4377, .F. ) ;
#3638 = CARTESIAN_POINT ( 'NONE',  ( 40.99999999999999289, 54.00000000000000711, -3.000000000000000888 ) ) ;
#3639 = DIRECTION ( 'NONE',  ( 0.000000000000000000, 0.000000000000000000, -1.000000000000000000 ) ) ;
#3640 = CARTESIAN_POINT ( 'NONE',  ( 0.000000000000000000, 0.000000000000000000, -6.500000000000000000 ) ) ;
#3641 = DIRECTION ( 'NONE',  ( 0.000000000000000000, 1.000000000000000000, 0.000000000000000000 ) ) ;
#3642 = VERTEX_POINT ( 'NONE', #288 ) ;
#3643 = CARTESIAN_POINT ( 'NONE',  ( 3.453998822082069561E-17, 4.408248290463852470, 49.99999999999999289 ) ) ;
#3644 = CARTESIAN_POINT ( 'NONE',  ( -95.37740409499218686, 3.500000000000000000, 26.33212343854054893 ) ) ;
#3645 = EDGE_LOOP ( 'NONE', ( #7792, #3085, #6121, #903 ) ) ;
#3646 = CARTESIAN_POINT ( 'NONE',  ( 38.99999999999999289, 0.000000000000000000, 9.302235153908176457 ) ) ;
#3647 = EDGE_LOOP ( 'NONE', ( #863, #1090, #1850, #5692 ) ) ;
#3648 = CARTESIAN_POINT ( 'NONE',  ( 40.25927558514293025, 3.999999999999959144, 8.906877661458405981 ) ) ;
#3649 = EDGE_CURVE ( 'NONE', #7745, #5357, #8149, .T. ) ;
#3650 = B_SPLINE_CURVE_WITH_KNOTS ( 'NONE', 3,
 ( #338, #3871, #2402, #3139, #3190, #5337 ),
 .UNSPECIFIED., .F., .F.,
 ( 4, 2, 4 ),
 ( 0.000000000000000000, 0.0008295407292719414764, 0.001659081458543882953 ),
 .UNSPECIFIED. ) ;
#3651 = CARTESIAN_POINT ( 'NONE',  ( -2.000000000000000000, 4.000000000000000000, -58.50000000000000000 ) ) ;
#3652 = DIRECTION ( 'NONE',  ( 0.000000000000000000, 0.000000000000000000, -1.000000000000000000 ) ) ;
#3653 = EDGE_CURVE ( 'NONE', #6271, #5981, #5874, .T. ) ;
#3654 = ORIENTED_EDGE ( 'NONE', *, *, #8353, .T. ) ;
#3655 = EDGE_CURVE ( 'NONE', #5721, #1323, #5007, .T. ) ;
#3656 = CYLINDRICAL_SURFACE ( 'NONE', #6497, 3.000000000000000000 ) ;
#3657 = EDGE_CURVE ( 'NONE', #7029, #3031, #7706, .T. ) ;
#3658 = EDGE_LOOP ( 'NONE', ( #3822, #8900, #1826, #5681 ) ) ;
#3659 = ADVANCED_FACE ( 'NONE', ( #5782 ), #4332, .T. ) ;
#3660 = EDGE_LOOP ( 'NONE', ( #3016, #3477, #2684, #1952 ) ) ;
#3661 = ADVANCED_FACE ( 'NONE', ( #930 ), #5922, .F. ) ;
#3662 = DIRECTION ( 'NONE',  ( 0.000000000000000000, 0.000000000000000000, -1.000000000000000000 ) ) ;
#3663 = VERTEX_POINT ( 'NONE', #6528 ) ;
#3664 = CARTESIAN_POINT ( 'NONE',  ( -82.15000000000000568, 4.000000000000000000, -4.500000000000000000 ) ) ;
#3665 =( BOUNDED_SURFACE ( )  B_SPLINE_SURFACE ( 3, 2, ( 
 ( #6192, #2625, #7536 ),
 ( #1851, #4659, #4694 ),
 ( #6147, #5379, #8215 ),
 ( #7491, #6800, #525 ),
 ( #5417, #5335, #3229 ),
 ( #1981, #8995, #6754 ) ),
 .UNSPECIFIED., .F., .F., .T. ) 
 B_SPLINE_SURFACE_WITH_KNOTS ( ( 4, 2, 4 ),
 ( 3, 3 ),
 ( 0.004287836223634327801, 0.005387099841244503105, 0.006486363458854678410 ),
 ( 0.000000000000000000, 1.000000000000000000 ),
 .UNSPECIFIED. ) 
 GEOMETRIC_REPRESENTATION_ITEM ( )  RATIONAL_B_SPLINE_SURFACE ( (
 ( 1.000000000000000000, 0.7758446568967838353, 1.000000000000000000),
 ( 1.000000000000000000, 0.7753227318895676845, 1.000000000000000000),
 ( 1.000000000000000000, 0.7686577635854968671, 1.000000000000000000),
 ( 1.000000000000000000, 0.7450089274789329918, 1.000000000000000000),
 ( 1.000000000000000000, 0.7279975162778629105, 1.000000000000000000),
 ( 1.000000000000000000, 0.7071067811865455743, 1.000000000000000000) ) ) 
 REPRESENTATION_ITEM ( '' )  SURFACE ( )  );
#3666 = DIRECTION ( 'NONE',  ( -2.514091994169285222E-16, 0.000000000000000000, -1.000000000000000000 ) ) ;
#3667 = DIRECTION ( 'NONE',  ( 0.000000000000000000, 0.000000000000000000, -1.000000000000000000 ) ) ;
#3668 = EDGE_CURVE ( 'NONE', #8151, #8705, #1697, .T. ) ;
#3669 = VERTEX_POINT ( 'NONE', #3050 ) ;
#3670 = ORIENTED_EDGE ( 'NONE', *, *, #7412, .T. ) ;
#3671 = ORIENTED_EDGE ( 'NONE', *, *, #3368, .T. ) ;
#3672 = CYLINDRICAL_SURFACE ( 'NONE', #3761, 1.000000000000000888 ) ;
#3673 = DIRECTION ( 'NONE',  ( 0.000000000000000000, 1.000000000000000000, 0.000000000000000000 ) ) ;
#3674 = EDGE_CURVE ( 'NONE', #3439, #1801, #1657, .T. ) ;
#3675 = DIRECTION ( 'NONE',  ( -1.000000000000000000, 0.000000000000000000, 1.734723475976804876E-16 ) ) ;
#3676 = CARTESIAN_POINT ( 'NONE',  ( 5.616384920805909786, 3.500000000000000000, 59.00000000000000000 ) ) ;
#3677 = EDGE_CURVE ( 'NONE', #5413, #8151, #5141, .T. ) ;
#3678 = ORIENTED_EDGE ( 'NONE', *, *, #4426, .F. ) ;
#3679 = PLANE ( 'NONE',  #37 ) ;
#3680 = ORIENTED_EDGE ( 'NONE', *, *, #3687, .T. ) ;
#3681 = CARTESIAN_POINT ( 'NONE',  ( -93.06768137013648357, 4.000000000000000000, 26.33212343854054893 ) ) ;
#3682 = DIRECTION ( 'NONE',  ( 0.000000000000000000, 0.000000000000000000, -1.000000000000000000 ) ) ;
#3683 = DIRECTION ( 'NONE',  ( -1.000000000000000000, 0.000000000000000000, -4.625929269271490844E-15 ) ) ;
#3684 = ORIENTED_EDGE ( 'NONE', *, *, #7584, .T. ) ;
#3685 = CARTESIAN_POINT ( 'NONE',  ( -1.836970198721040288E-16, 1.699999999999999956, -43.50000000000000000 ) ) ;
#3686 = CARTESIAN_POINT ( 'NONE',  ( -5.616384920805930214, 0.000000000000000000, -57.00000000000000000 ) ) ;
#3687 = EDGE_CURVE ( 'NONE', #3803, #228, #4320, .T. ) ;
#3688 = CARTESIAN_POINT ( 'NONE',  ( 41.57493286097572849, 7.031584333827151312, 4.968415666173627621 ) ) ;
#3689 = ORIENTED_EDGE ( 'NONE', *, *, #1297, .T. ) ;
#3690 = LINE ( 'NONE', #201, #8610 ) ;
#3691 = DIRECTION ( 'NONE',  ( 0.000000000000000000, 1.000000000000000000, 0.000000000000000000 ) ) ;
#3692 = DIRECTION ( 'NONE',  ( 0.000000000000000000, 0.000000000000000000, -1.000000000000000000 ) ) ;
#3693 = CARTESIAN_POINT ( 'NONE',  ( 48.99999999999999289, 54.00000000000000711, 3.000000000000000000 ) ) ;
#3694 = ORIENTED_EDGE ( 'NONE', *, *, #7963, .T. ) ;
#3695 = CARTESIAN_POINT ( 'NONE',  ( -78.89999999999999147, 1.000000000000000000, 12.55000000000000071 ) ) ;
#3696 = DIRECTION ( 'NONE',  ( 1.000000000000000000, 0.000000000000000000, -4.625929269271485322E-15 ) ) ;
#3697 = CARTESIAN_POINT ( 'NONE',  ( -7.020929521015701447, 6.500000000000000888, 55.24505384011006726 ) ) ;
#3698 = EDGE_LOOP ( 'NONE', ( #5009, #8109, #4242, #7799 ) ) ;
#3699 = DIRECTION ( 'NONE',  ( 0.000000000000000000, 0.000000000000000000, 1.000000000000000000 ) ) ;
#3700 = ORIENTED_EDGE ( 'NONE', *, *, #6219, .F. ) ;
#3701 = EDGE_CURVE ( 'NONE', #7539, #1358, #6236, .T. ) ;
#3702 = VECTOR ( 'NONE', #7147, 1000.000000000000114 ) ;
#3703 = EDGE_LOOP ( 'NONE', ( #649, #777, #2278, #2064, #500, #3550, #5661, #2348 ) ) ;
#3704 = DIRECTION ( 'NONE',  ( 0.000000000000000000, 0.000000000000000000, 1.000000000000000000 ) ) ;
#3705 = ORIENTED_EDGE ( 'NONE', *, *, #673, .F. ) ;
#3706 = DIRECTION ( 'NONE',  ( 0.000000000000000000, -1.000000000000000000, 0.000000000000000000 ) ) ;
#3707 = AXIS2_PLACEMENT_3D ( 'NONE', #8058, #1772, #1089 ) ;
#3709 = AXIS2_PLACEMENT_3D ( 'NONE', #6178, #8977, #4037 ) ;
#3708 = LINE ( 'NONE', #6361, #7531 ) ;
#3710 = DIRECTION ( 'NONE',  ( 0.000000000000000000, -1.000000000000000000, 0.000000000000000000 ) ) ;
#3711 = ORIENTED_EDGE ( 'NONE', *, *, #3883, .T. ) ;
#3712 = VECTOR ( 'NONE', #733, 1000.000000000000000 ) ;
#3713 = TOROIDAL_SURFACE ( 'NONE', #8384, 1.500000000000000000, 1.500000000000000000 ) ;
#3714 = VERTEX_POINT ( 'NONE', #7120 ) ;
#3715 = DIRECTION ( 'NONE',  ( 0.000000000000000000, 0.000000000000000000, 1.000000000000000000 ) ) ;
#3716 = CARTESIAN_POINT ( 'NONE',  ( -53.48771061000000060, 4.000000000000000000, -53.48771061000000060 ) ) ;
#3717 = LINE ( 'NONE', #41, #2536 ) ;
#3718 = CARTESIAN_POINT ( 'NONE',  ( -8.000000000000000000, 4.000000000000000000, 25.50000000000000000 ) ) ;
#3719 = AXIS2_PLACEMENT_3D ( 'NONE', #629, #2612, #550 ) ;
#3720 = ORIENTED_EDGE ( 'NONE', *, *, #3579, .T. ) ;
#3721 = CARTESIAN_POINT ( 'NONE',  ( 40.26776695296889130, 5.267766952968896632, -3.724401735521847723 ) ) ;
#3722 = VECTOR ( 'NONE', #3666, 1000.000000000000000 ) ;
#3723 = EDGE_CURVE ( 'NONE', #8476, #1113, #5730, .T. ) ;
#3724 = ORIENTED_EDGE ( 'NONE', *, *, #7342, .T. ) ;
#3725 = VECTOR ( 'NONE', #3732, 1000.000000000000000 ) ;
#3726 = VECTOR ( 'NONE', #7425, 1000.000000000000000 ) ;
#3727 = CARTESIAN_POINT ( 'NONE',  ( 10.00000000000000178, 2.399999999999999911, -28.50000000000000000 ) ) ;
#3728 = CARTESIAN_POINT ( 'NONE',  ( -94.37983671570650301, 4.000000000000000000, 13.42342473284699977 ) ) ;
#3729 = VERTEX_POINT ( 'NONE', #5411 ) ;
#3730 = DIRECTION ( 'NONE',  ( 0.000000000000000000, 1.000000000000000000, 0.000000000000000000 ) ) ;
#3731 = CARTESIAN_POINT ( 'NONE',  ( -8.500000000000001776, 2.399999999999999911, -32.39999999999999858 ) ) ;
#3732 = DIRECTION ( 'NONE',  ( -1.000000000000000000, 0.000000000000000000, 0.000000000000000000 ) ) ;
#3733 = EDGE_LOOP ( 'NONE', ( #7221, #3296, #2898, #5544 ) ) ;
#3734 = LINE ( 'NONE', #6532, #5242 ) ;
#3735 = VECTOR ( 'NONE', #2164, 1000.000000000000114 ) ;
#3736 = VECTOR ( 'NONE', #6562, 1000.000000000000000 ) ;
#3737 = DIRECTION ( 'NONE',  ( 1.000000000000000000, 0.000000000000000000, 4.336808689942080845E-15 ) ) ;
#3738 = DIRECTION ( 'NONE',  ( 0.000000000000000000, -1.000000000000000000, 0.000000000000000000 ) ) ;
#3739 = FACE_OUTER_BOUND ( 'NONE', #1167, .T. ) ;
#3740 = ORIENTED_EDGE ( 'NONE', *, *, #473, .F. ) ;
#3741 = DIRECTION ( 'NONE',  ( 0.000000000000000000, 0.000000000000000000, 1.000000000000000000 ) ) ;
#3742 = AXIS2_PLACEMENT_3D ( 'NONE', #1726, #3153, #2466 ) ;
#3743 = VECTOR ( 'NONE', #4466, 1000.000000000000000 ) ;
#3744 = CIRCLE ( 'NONE', #5350, 1.500000000000001332 ) ;
#3745 = DIRECTION ( 'NONE',  ( 0.000000000000000000, 0.000000000000000000, 1.000000000000000000 ) ) ;
#3746 = DIRECTION ( 'NONE',  ( 0.000000000000000000, -1.000000000000000000, 0.000000000000000000 ) ) ;
#3747 = CIRCLE ( 'NONE', #235, 46.50000000000000000 ) ;
#3748 = CARTESIAN_POINT ( 'NONE',  ( -79.90000000000000568, 0.000000000000000000, 13.54999999999999893 ) ) ;
#3749 = EDGE_LOOP ( 'NONE', ( #1424, #2977, #4245, #1335 ) ) ;
#3750 = VECTOR ( 'NONE', #7957, 1000.000000000000000 ) ;
#3751 = AXIS2_PLACEMENT_3D ( 'NONE', #3353, #4595, #1928 ) ;
#3752 = ORIENTED_EDGE ( 'NONE', *, *, #4431, .F. ) ;
#3753 = CARTESIAN_POINT ( 'NONE',  ( -7.062556730546592831, 4.000000000000000000, 50.85046066563143796 ) ) ;
#3754 = VERTEX_POINT ( 'NONE', #5326 ) ;
#3755 = CARTESIAN_POINT ( 'NONE',  ( 53.48771061000000060, 3.500000000000041300, -53.48771061000000060 ) ) ;
#3756 = AXIS2_PLACEMENT_3D ( 'NONE', #4823, #3490, #1299 ) ;
#3757 = DIRECTION ( 'NONE',  ( 0.000000000000000000, -1.000000000000000000, 0.000000000000000000 ) ) ;
#3758 = FACE_BOUND ( 'NONE', #6078, .T. ) ;
#3759 = ORIENTED_EDGE ( 'NONE', *, *, #4989, .T. ) ;
#3760 = ORIENTED_EDGE ( 'NONE', *, *, #1456, .F. ) ;
#3761 = AXIS2_PLACEMENT_3D ( 'NONE', #7011, #7793, #6969 ) ;
#3762 = AXIS2_PLACEMENT_3D ( 'NONE', #6, #8998, #2662 ) ;
#3763 = ORIENTED_EDGE ( 'NONE', *, *, #3018, .T. ) ;
#3764 = CARTESIAN_POINT ( 'NONE',  ( 42.49999999999999289, 52.50000000000000711, 0.000000000000000000 ) ) ;
#3765 = CARTESIAN_POINT ( 'NONE',  ( -78.89999999999999147, 1.500000000000000000, 7.500000000000000000 ) ) ;
#3766 = DIRECTION ( 'NONE',  ( 0.000000000000000000, 0.000000000000000000, 1.000000000000000000 ) ) ;
#3767 = CARTESIAN_POINT ( 'NONE',  ( 48.99999999999999289, 9.313708498984791362, -4.757359312880713453 ) ) ;
#3768 = ADVANCED_FACE ( 'NONE', ( #8211 ), #5241, .F. ) ;
#3769 = EDGE_CURVE ( 'NONE', #8029, #273, #8771, .T. ) ;
#3770 = ORIENTED_EDGE ( 'NONE', *, *, #790, .T. ) ;
#3771 = CARTESIAN_POINT ( 'NONE',  ( 41.88869965967632680, 8.664816615339363537, -5.131293239549440166 ) ) ;
#3772 = VECTOR ( 'NONE', #2262, 1000.000000000000000 ) ;
#3773 = ADVANCED_FACE ( 'NONE', ( #1121 ), #6790, .F. ) ;
#3774 = EDGE_CURVE ( 'NONE', #1181, #6283, #3860, .T. ) ;
#3775 = ORIENTED_EDGE ( 'NONE', *, *, #8428, .T. ) ;
#3776 = DIRECTION ( 'NONE',  ( 1.000000000000000000, 0.000000000000000000, 5.782411586589350736E-16 ) ) ;
#3777 = CARTESIAN_POINT ( 'NONE',  ( -87.00000000000000000, 1.000000000000000000, 0.000000000000000000 ) ) ;
#3778 = CIRCLE ( 'NONE', #2747, 46.50000000000000000 ) ;
#3779 = ORIENTED_EDGE ( 'NONE', *, *, #1912, .T. ) ;
#3780 = FACE_OUTER_BOUND ( 'NONE', #1466, .T. ) ;
#3781 = LINE ( 'NONE', #1612, #8729 ) ;
#3782 = AXIS2_PLACEMENT_3D ( 'NONE', #3644, #6260, #4329 ) ;
#3783 = FACE_OUTER_BOUND ( 'NONE', #2928, .T. ) ;
#3784 = ORIENTED_EDGE ( 'NONE', *, *, #6407, .F. ) ;
#3785 = DIRECTION ( 'NONE',  ( 0.000000000000000000, 1.000000000000000000, 0.000000000000000000 ) ) ;
#3786 = DIRECTION ( 'NONE',  ( 6.689850889241160201E-17, 0.8376105968386150513, -0.5462677805469209336 ) ) ;
#3787 = AXIS2_PLACEMENT_3D ( 'NONE', #6477, #7268, #1031 ) ;
#3788 = CARTESIAN_POINT ( 'NONE',  ( 20.00000000000000000, 4.000000000000000000, 6.500000000000000000 ) ) ;
#3789 = CYLINDRICAL_SURFACE ( 'NONE', #3923, 3.000000000000000000 ) ;
#3790 = ORIENTED_EDGE ( 'NONE', *, *, #8418, .T. ) ;
#3791 = FACE_OUTER_BOUND ( 'NONE', #2159, .T. ) ;
#3792 = CARTESIAN_POINT ( 'NONE',  ( -92.00000000000000000, -6.000000000000000000, 15.25000000000000000 ) ) ;
#3793 = CARTESIAN_POINT ( 'NONE',  ( -3.499999999999991562, 54.00000000000000711, 53.00000000000000000 ) ) ;
#3794 = LINE ( 'NONE', #4620, #6933 ) ;
#3795 = ORIENTED_EDGE ( 'NONE', *, *, #410, .T. ) ;
#3796 = ORIENTED_EDGE ( 'NONE', *, *, #1691, .F. ) ;
#3797 = LINE ( 'NONE', #4529, #8670 ) ;
#3798 = ORIENTED_EDGE ( 'NONE', *, *, #8798, .F. ) ;
#3799 = ADVANCED_FACE ( 'NONE', ( #5372 ), #7487, .F. ) ;
#3800 = CARTESIAN_POINT ( 'NONE',  ( -86.00000000000000000, 1.000000000000000000, -13.54999999999999893 ) ) ;
#3801 = CARTESIAN_POINT ( 'NONE',  ( -65.00000000000000000, 54.00000000000000711, 4.999999999999999112 ) ) ;
#3802 = CARTESIAN_POINT ( 'NONE',  ( -4.877111879683962314, 4.247321242193733859, 52.12014274747260600 ) ) ;
#3803 = VERTEX_POINT ( 'NONE', #1845 ) ;
#3804 = EDGE_CURVE ( 'NONE', #6378, #8214, #6101, .T. ) ;
#3805 = ORIENTED_EDGE ( 'NONE', *, *, #3941, .F. ) ;
#3806 = ORIENTED_EDGE ( 'NONE', *, *, #8502, .F. ) ;
#3807 = FACE_OUTER_BOUND ( 'NONE', #227, .T. ) ;
#3808 = DIRECTION ( 'NONE',  ( 0.000000000000000000, -1.000000000000000000, 0.000000000000000000 ) ) ;
#3809 = DIRECTION ( 'NONE',  ( 0.000000000000000000, 0.000000000000000000, -1.000000000000000000 ) ) ;
#3810 = LINE ( 'NONE', #3117, #827 ) ;
#3811 = CARTESIAN_POINT ( 'NONE',  ( 47.49999999999999289, 52.50000000000000711, 0.000000000000000000 ) ) ;
#3812 = VERTEX_POINT ( 'NONE', #516 ) ;
#3813 = DIRECTION ( 'NONE',  ( 1.000000000000000000, 0.000000000000000000, -0.000000000000000000 ) ) ;
#3814 = ORIENTED_EDGE ( 'NONE', *, *, #7927, .T. ) ;
#3815 = ADVANCED_FACE ( 'NONE', ( #4044 ), #5794, .F. ) ;
#3816 = EDGE_CURVE ( 'NONE', #5291, #5698, #4727, .T. ) ;
#3817 = DIRECTION ( 'NONE',  ( 0.000000000000000000, 0.000000000000000000, 1.000000000000000000 ) ) ;
#3818 = DIRECTION ( 'NONE',  ( 0.000000000000000000, 1.000000000000000000, 0.000000000000000000 ) ) ;
#3819 = ORIENTED_EDGE ( 'NONE', *, *, #6533, .T. ) ;
#3820 = FACE_OUTER_BOUND ( 'NONE', #6406, .T. ) ;
#3821 = CARTESIAN_POINT ( 'NONE',  ( -95.37740409499218686, 4.000000000000000000, -26.33212343854044946 ) ) ;
#3822 = ORIENTED_EDGE ( 'NONE', *, *, #4712, .T. ) ;
#3823 = CARTESIAN_POINT ( 'NONE',  ( -97.31266482493280989, 3.500000000000000000, 25.82738003130315008 ) ) ;
#3824 = EDGE_CURVE ( 'NONE', #4551, #1745, #6013, .T. ) ;
#3825 = LINE ( 'NONE', #3055, #4950 ) ;
#3826 = CARTESIAN_POINT ( 'NONE',  ( 38.99999999999999289, 0.000000000000000000, 9.302235153908176457 ) ) ;
#3827 = CARTESIAN_POINT ( 'NONE',  ( 5.616384920805930214, 4.000000000000000000, -58.50000000000000000 ) ) ;
#3828 = EDGE_LOOP ( 'NONE', ( #5126, #1995, #5859, #3775 ) ) ;
#3829 = DIRECTION ( 'NONE',  ( 0.000000000000000000, 0.000000000000000000, -1.000000000000000000 ) ) ;
#3830 = DIRECTION ( 'NONE',  ( 0.000000000000000000, -0.7071067811865420216, -0.7071067811865531239 ) ) ;
#3831 = CARTESIAN_POINT ( 'NONE',  ( 5.616384920805930214, 0.5000000000000071054, -59.00000000000000000 ) ) ;
#3832 = EDGE_CURVE ( 'NONE', #719, #6002, #7419, .T. ) ;
#3833 = CARTESIAN_POINT ( 'NONE',  ( 44.00000000000000000, 7.035533905932730647, -6.000000000000000000 ) ) ;
#3834 = EDGE_LOOP ( 'NONE', ( #2708, #1311, #8466, #1160 ) ) ;
#3835 = ADVANCED_FACE ( 'NONE', ( #1165 ), #2526, .F. ) ;
#3836 = CARTESIAN_POINT ( 'NONE',  ( 40.99999999999999289, 7.035533905932735088, 8.500000000000000000 ) ) ;
#3837 = VERTEX_POINT ( 'NONE', #3960 ) ;
#3838 = LINE ( 'NONE', #5120, #33 ) ;
#3839 = EDGE_LOOP ( 'NONE', ( #5532, #4246, #8593, #5858 ) ) ;
#3840 = LINE ( 'NONE', #6635, #4445 ) ;
#3841 = CARTESIAN_POINT ( 'NONE',  ( -94.43327788899303243, 3.961488972546797438, 13.53430378194398642 ) ) ;
#3842 = DIRECTION ( 'NONE',  ( 0.000000000000000000, 0.000000000000000000, 1.000000000000000000 ) ) ;
#3843 = ORIENTED_EDGE ( 'NONE', *, *, #2919, .T. ) ;
#3844 = ORIENTED_EDGE ( 'NONE', *, *, #6106, .F. ) ;
#3845 = ORIENTED_EDGE ( 'NONE', *, *, #2913, .T. ) ;
#3846 = CARTESIAN_POINT ( 'NONE',  ( -7.611023491189000900, 0.5000000000000071054, 56.85365460874999854 ) ) ;
#3847 = DIRECTION ( 'NONE',  ( 0.000000000000000000, -1.000000000000000000, 0.000000000000000000 ) ) ;
#3848 = CIRCLE ( 'NONE', #5584, 1.500000000000000000 ) ;
#3849 = CARTESIAN_POINT ( 'NONE',  ( 41.86596909828675450, 8.165221790606665309, 5.134030901713226847 ) ) ;
#3850 = DIRECTION ( 'NONE',  ( -1.000000000000000000, 0.000000000000000000, 0.000000000000000000 ) ) ;
#3851 = ORIENTED_EDGE ( 'NONE', *, *, #908, .T. ) ;
#3852 = FACE_OUTER_BOUND ( 'NONE', #5165, .T. ) ;
#3853 = CIRCLE ( 'NONE', #5898, 3.000000000000002665 ) ;
#3854 = VECTOR ( 'NONE', #4720, 1000.000000000000000 ) ;
#3855 = ORIENTED_EDGE ( 'NONE', *, *, #7299, .T. ) ;
#3856 = CARTESIAN_POINT ( 'NONE',  ( 48.99999999999999289, 8.641137230715527195, -4.289898814579550468 ) ) ;
#3857 = LINE ( 'NONE', #5918, #3148 ) ;
#3858 = EDGE_LOOP ( 'NONE', ( #2218, #8990, #5264, #8437 ) ) ;
#3859 = CARTESIAN_POINT ( 'NONE',  ( -1.999999999999991340, 54.00000000000000711, 54.50000000000000000 ) ) ;
#3860 = LINE ( 'NONE', #2489, #670 ) ;
#3861 = AXIS2_PLACEMENT_3D ( 'NONE', #5908, #2434, #4641 ) ;
#3862 = CIRCLE ( 'NONE', #8980, 0.9999999999999991118 ) ;
#3863 = CARTESIAN_POINT ( 'NONE',  ( -79.14999999999999147, 1.000000000000000000, 7.500000000000000000 ) ) ;
#3864 = EDGE_LOOP ( 'NONE', ( #2960, #4520, #6995, #1225 ) ) ;
#3865 = LINE ( 'NONE', #4656, #8310 ) ;
#3866 = DIRECTION ( 'NONE',  ( 0.000000000000000000, -1.000000000000000000, 0.000000000000000000 ) ) ;
#3867 = CIRCLE ( 'NONE', #1664, 46.00000000000000000 ) ;
#3868 = ADVANCED_FACE ( 'NONE', ( #6749 ), #382, .F. ) ;
#3869 = CARTESIAN_POINT ( 'NONE',  ( 0.2765669022959261203, 6.449489742783179658, 50.00000000000000711 ) ) ;
#3870 = CONICAL_SURFACE ( 'NONE', #6204, 1.500000000000001332, 0.7853981633974758125 ) ;
#3871 = CARTESIAN_POINT ( 'NONE',  ( 0.2766418130954902410, 6.449489742783177881, -50.00000000000000711 ) ) ;
#3872 = VERTEX_POINT ( 'NONE', #6052 ) ;
#3873 = PLANE ( 'NONE',  #3595 ) ;
#3874 = CARTESIAN_POINT ( 'NONE',  ( 0.000000000000000000, 0.000000000000000000, 20.50000000000000000 ) ) ;
#3876 = CARTESIAN_POINT ( 'NONE',  ( 2.000000000000008882, 52.50000000000000711, 51.50000000000000711 ) ) ;
#3875 = CIRCLE ( 'NONE', #8556, 3.000000000000000000 ) ;
#3877 = VECTOR ( 'NONE', #3972, 1000.000000000000000 ) ;
#3878 = EDGE_CURVE ( 'NONE', #809, #4000, #8860, .T. ) ;
#3879 = CIRCLE ( 'NONE', #8118, 1.500000000000001332 ) ;
#3880 = EDGE_CURVE ( 'NONE', #7430, #1058, #7394, .T. ) ;
#3881 = CARTESIAN_POINT ( 'NONE',  ( 41.98829169549485840, 6.647856132198605827, -5.352143867799705745 ) ) ;
#3882 = ORIENTED_EDGE ( 'NONE', *, *, #4343, .T. ) ;
#3883 = EDGE_CURVE ( 'NONE', #818, #5119, #534, .T. ) ;
#3884 = EDGE_CURVE ( 'NONE', #780, #6382, #3176, .T. ) ;
#3885 = AXIS2_PLACEMENT_3D ( 'NONE', #503, #3304, #8204 ) ;
#3886 = DIRECTION ( 'NONE',  ( 0.000000000000000000, 0.000000000000000000, -1.000000000000000000 ) ) ;
#3887 = CIRCLE ( 'NONE', #8126, 2.000000000000001776 ) ;
#3888 = ORIENTED_EDGE ( 'NONE', *, *, #2456, .T. ) ;
#3889 = FACE_OUTER_BOUND ( 'NONE', #5610, .T. ) ;
#3890 = ORIENTED_EDGE ( 'NONE', *, *, #7965, .T. ) ;
#3891 = DIRECTION ( 'NONE',  ( 0.000000000000000000, 0.000000000000000000, -1.000000000000000000 ) ) ;
#3892 = CARTESIAN_POINT ( 'NONE',  ( -4.999999999999991118, 6.447489024775967081, 52.99999999999999289 ) ) ;
#3893 = EDGE_CURVE ( 'NONE', #8945, #2836, #5802, .T. ) ;
#3894 = AXIS2_PLACEMENT_3D ( 'NONE', #4838, #7638, #7823 ) ;
#3895 = CARTESIAN_POINT ( 'NONE',  ( -3.218735861008034423E-14, 4.000000000000000000, 27.83212343854064841 ) ) ;
#3896 = TOROIDAL_SURFACE ( 'NONE', #3442, 1.500000000000000000, 1.500000000000000000 ) ;
#3897 = VECTOR ( 'NONE', #8499, 1000.000000000000000 ) ;
#3898 = ORIENTED_EDGE ( 'NONE', *, *, #7412, .F. ) ;
#3899 = AXIS2_PLACEMENT_3D ( 'NONE', #6323, #2156, #49 ) ;
#3900 = ORIENTED_EDGE ( 'NONE', *, *, #8117, .T. ) ;
#3901 = ORIENTED_EDGE ( 'NONE', *, *, #2967, .F. ) ;
#3902 = CARTESIAN_POINT ( 'NONE',  ( 42.47865460874999854, 0.5000000000000281997, 8.824518986904589468 ) ) ;
#3903 = AXIS2_PLACEMENT_3D ( 'NONE', #744, #54, #2900 ) ;
#3904 = DIRECTION ( 'NONE',  ( 0.000000000000000000, 1.000000000000000000, 0.000000000000000000 ) ) ;
#3905 = DIRECTION ( 'NONE',  ( 0.000000000000000000, 0.000000000000000000, -1.000000000000000000 ) ) ;
#3906 = ORIENTED_EDGE ( 'NONE', *, *, #1589, .F. ) ;
#3907 = CARTESIAN_POINT ( 'NONE',  ( -82.95000000000000284, 4.000000000000000000, -12.75000000000000000 ) ) ;
#3908 = VECTOR ( 'NONE', #1705, 1000.000000000000000 ) ;
#3909 = VECTOR ( 'NONE', #2020, 1000.000000000000000 ) ;
#3910 = ORIENTED_EDGE ( 'NONE', *, *, #7331, .T. ) ;
#3911 = B_SPLINE_CURVE_WITH_KNOTS ( 'NONE', 3,
 ( #2257, #850, #2353, #2396, #3001, #157, #891, #5062, #5787, #7868 ),
 .UNSPECIFIED., .F., .F.,
 ( 4, 2, 2, 2, 4 ),
 ( -1.843908891469586510E-05, 0.001738696030395040946, 0.003495831149704777679, 0.005252966269014513329, 0.007010101388324247243 ),
 .UNSPECIFIED. ) ;
#3912 = CARTESIAN_POINT ( 'NONE',  ( -53.48771061000000060, 4.000000000000000000, 53.48771061000000060 ) ) ;
#3913 = DIRECTION ( 'NONE',  ( 0.000000000000000000, 0.000000000000000000, -1.000000000000000000 ) ) ;
#3914 = VERTEX_POINT ( 'NONE', #7014 ) ;
#3915 = DIRECTION ( 'NONE',  ( -1.000000000000000000, 0.000000000000000000, 0.000000000000000000 ) ) ;
#3916 = VECTOR ( 'NONE', #1516, 1000.000000000000000 ) ;
#3917 = DIRECTION ( 'NONE',  ( -0.000000000000000000, 1.000000000000000000, -0.000000000000000000 ) ) ;
#3918 = AXIS2_PLACEMENT_3D ( 'NONE', #5519, #1900, #533 ) ;
#3919 = ORIENTED_EDGE ( 'NONE', *, *, #8633, .T. ) ;
#3920 = DIRECTION ( 'NONE',  ( 0.000000000000000000, 0.000000000000000000, 1.000000000000000000 ) ) ;
#3921 = ORIENTED_EDGE ( 'NONE', *, *, #6166, .F. ) ;
#3922 = ADVANCED_FACE ( 'NONE', ( #6282 ), #1974, .F. ) ;
#3923 = AXIS2_PLACEMENT_3D ( 'NONE', #439, #5931, #8777 ) ;
#3924 = CARTESIAN_POINT ( 'NONE',  ( -5.616384920805909786, 4.000000000000000000, 57.00000000000000000 ) ) ;
#3925 = CARTESIAN_POINT ( 'NONE',  ( 4.738688829644924994, 3.999999999999964917, -54.22457482187823530 ) ) ;
#3926 = VERTEX_POINT ( 'NONE', #2832 ) ;
#3927 = DIRECTION ( 'NONE',  ( 0.000000000000000000, -1.000000000000000000, 0.000000000000000000 ) ) ;
#3928 = DIRECTION ( 'NONE',  ( 0.000000000000000000, 1.000000000000000000, 0.000000000000000000 ) ) ;
#3929 = CARTESIAN_POINT ( 'NONE',  ( 42.35899095656250068, 0.000000000000000000, -8.339049512740519532 ) ) ;
#3930 = CARTESIAN_POINT ( 'NONE',  ( -63.50000000000000000, 54.00000000000000711, 1.999999999999999112 ) ) ;
#3931 = CARTESIAN_POINT ( 'NONE',  ( 39.25712605256087073, 4.257126052560856522, 7.742873947439124827 ) ) ;
#3932 = ORIENTED_EDGE ( 'NONE', *, *, #2243, .F. ) ;
#3933 = CARTESIAN_POINT ( 'NONE',  ( -83.75000000000000000, 1.500000000000000000, -7.750000000000000000 ) ) ;
#3934 = EDGE_CURVE ( 'NONE', #5890, #6845, #679, .T. ) ;
#3935 = ORIENTED_EDGE ( 'NONE', *, *, #6223, .F. ) ;
#3936 = ADVANCED_FACE ( 'NONE', ( #5500 ), #7619, .T. ) ;
#3937 = DIRECTION ( 'NONE',  ( 0.000000000000000000, 1.000000000000000000, 0.000000000000000000 ) ) ;
#3938 = CARTESIAN_POINT ( 'NONE',  ( 41.00000000000000000, 7.035533905932737753, 3.000000000000000000 ) ) ;
#3939 = CARTESIAN_POINT ( 'NONE',  ( -8.000000000000000000, 0.4999999999999730216, 25.00000000000000000 ) ) ;
#3940 = EDGE_CURVE ( 'NONE', #3914, #5049, #8291, .T. ) ;
#3941 = EDGE_CURVE ( 'NONE', #3361, #7321, #4484, .T. ) ;
#3942 = CARTESIAN_POINT ( 'NONE',  ( -82.95000000000000284, 4.000000000000000000, 10.25000000000000000 ) ) ;
#3943 = ORIENTED_EDGE ( 'NONE', *, *, #4514, .F. ) ;
#3944 = EDGE_CURVE ( 'NONE', #4367, #5324, #88, .T. ) ;
#3945 = ORIENTED_EDGE ( 'NONE', *, *, #5190, .F. ) ;
#3946 = ORIENTED_EDGE ( 'NONE', *, *, #1366, .T. ) ;
#3947 = CARTESIAN_POINT ( 'NONE',  ( -6.990325341823533378, 3.999999999999998224, -52.99459477901500293 ) ) ;
#3948 = DIRECTION ( 'NONE',  ( 0.000000000000000000, 0.000000000000000000, 1.000000000000000000 ) ) ;
#3949 = DIRECTION ( 'NONE',  ( 0.000000000000000000, 0.000000000000000000, -1.000000000000000000 ) ) ;
#3950 = EDGE_CURVE ( 'NONE', #3812, #1930, #4923, .T. ) ;
#3951 = ORIENTED_EDGE ( 'NONE', *, *, #4043, .T. ) ;
#3952 = LINE ( 'NONE', #6093, #8241 ) ;
#3953 = EDGE_LOOP ( 'NONE', ( #2918, #8801, #2778, #8568 ) ) ;
#3954 = EDGE_CURVE ( 'NONE', #8217, #4000, #5542, .T. ) ;
#3955 = CARTESIAN_POINT ( 'NONE',  ( -8.000000000000000000, 0.000000000000000000, 23.00000000000000000 ) ) ;
#3956 = DIRECTION ( 'NONE',  ( 0.000000000000000000, -1.000000000000000000, 0.000000000000000000 ) ) ;
#3957 = ADVANCED_FACE ( 'NONE', ( #8338 ), #4956, .F. ) ;
#3958 = ORIENTED_EDGE ( 'NONE', *, *, #5887, .T. ) ;
#3959 = CARTESIAN_POINT ( 'NONE',  ( 41.86596909828676871, 8.165221790606661756, -5.134030901713236617 ) ) ;
#3960 = CARTESIAN_POINT ( 'NONE',  ( -7.020929521015732533, 4.000000000000000000, 55.24505384011007436 ) ) ;
#3961 = CARTESIAN_POINT ( 'NONE',  ( 1.879066676236450120E-24, 6.449489742783179658, -47.50000000000000000 ) ) ;
#3962 =( BOUNDED_CURVE ( )  B_SPLINE_CURVE ( 3, ( #7688, #4755, #8198, #2737 ),
 .UNSPECIFIED., .F., .F. ) 
 B_SPLINE_CURVE_WITH_KNOTS ( ( 4, 4 ),
 ( 5.853644275130847952, 6.297929013945490873 ),
 .UNSPECIFIED. ) 
 CURVE ( )  GEOMETRIC_REPRESENTATION_ITEM ( )  RATIONAL_B_SPLINE_CURVE ( ( 1.000000000000000000, 0.9836184544398692831, 0.9836184544398692831, 1.000000000000000000 ) ) 
 REPRESENTATION_ITEM ( '' )  );
#3963 = VERTEX_POINT ( 'NONE', #6877 ) ;
#3964 = DIRECTION ( 'NONE',  ( 0.000000000000000000, 0.000000000000000000, 1.000000000000000000 ) ) ;
#3965 = EDGE_LOOP ( 'NONE', ( #2441, #1752, #6905, #3201, #8260, #6338, #2469 ) ) ;
#3966 = DIRECTION ( 'NONE',  ( 0.000000000000000000, 0.000000000000000000, -1.000000000000000000 ) ) ;
#3967 = FACE_OUTER_BOUND ( 'NONE', #8865, .T. ) ;
#3968 = ORIENTED_EDGE ( 'NONE', *, *, #1865, .F. ) ;
#3969 = EDGE_CURVE ( 'NONE', #5159, #3872, #8430, .T. ) ;
#3970 = DIRECTION ( 'NONE',  ( -0.000000000000000000, -0.000000000000000000, 1.000000000000000000 ) ) ;
#3971 = CARTESIAN_POINT ( 'NONE',  ( -37.75961538461535127, 0.000000000000000000, 48.54807692307690559 ) ) ;
#3972 = DIRECTION ( 'NONE',  ( -1.000000000000000000, 0.000000000000000000, -5.782411586589350736E-16 ) ) ;
#3973 = DIRECTION ( 'NONE',  ( 0.000000000000000000, 0.000000000000000000, -1.000000000000000000 ) ) ;
#3974 = CARTESIAN_POINT ( 'NONE',  ( -2.000000000000000000, 6.500000000000000888, -47.50000000000000000 ) ) ;
#3975 = ORIENTED_EDGE ( 'NONE', *, *, #4503, .F. ) ;
#3976 = DIRECTION ( 'NONE',  ( 0.000000000000000000, -1.000000000000000000, 0.000000000000000000 ) ) ;
#3977 = ORIENTED_EDGE ( 'NONE', *, *, #8920, .F. ) ;
#3978 = CARTESIAN_POINT ( 'NONE',  ( 41.00000000000000000, 7.035533905933994525, 3.395128219375070255 ) ) ;
#3979 = CARTESIAN_POINT ( 'NONE',  ( -196.3386523170879912, 0.5000000000000071054, -1.387778780781445991E-14 ) ) ;
#3980 = CARTESIAN_POINT ( 'NONE',  ( -7.062556730546565298, 4.000000000000000000, 50.85046066563145217 ) ) ;
#3981 = EDGE_CURVE ( 'NONE', #4732, #8931, #596, .T. ) ;
#3982 = B_SPLINE_CURVE_WITH_KNOTS ( 'NONE', 3,
 ( #3986, #6775, #501, #6451, #3509, #6958 ),
 .UNSPECIFIED., .F., .F.,
 ( 4, 2, 4 ),
 ( 0.000000000000000000, 0.0006081130352308859949, 0.001216226070461771990 ),
 .UNSPECIFIED. ) ;
#3983 = ORIENTED_EDGE ( 'NONE', *, *, #7614, .F. ) ;
#3984 = VERTEX_POINT ( 'NONE', #4259 ) ;
#3985 = EDGE_LOOP ( 'NONE', ( #6720, #4691, #431, #3496 ) ) ;
#3986 = CARTESIAN_POINT ( 'NONE',  ( 4.761394580298129675, 6.499999999999999112, -51.82752399943534272 ) ) ;
#3987 = CARTESIAN_POINT ( 'NONE',  ( 35.00000000000000000, 0.000000000000000000, -1.500000000000000000 ) ) ;
#3988 = FACE_OUTER_BOUND ( 'NONE', #6644, .T. ) ;
#3989 = ORIENTED_EDGE ( 'NONE', *, *, #3969, .F. ) ;
#3990 = CARTESIAN_POINT ( 'NONE',  ( 41.91850597588812377, 4.088041243822985393, -8.356948515813204637 ) ) ;
#3991 = EDGE_CURVE ( 'NONE', #6985, #1745, #5076, .T. ) ;
#3992 = ORIENTED_EDGE ( 'NONE', *, *, #2051, .F. ) ;
#3993 = AXIS2_PLACEMENT_3D ( 'NONE', #8041, #5282, #6575 ) ;
#3994 = CIRCLE ( 'NONE', #8673, 1.500000000000001332 ) ;
#3995 = CARTESIAN_POINT ( 'NONE',  ( -76.64999999999999147, 1.000000000000000000, 8.500000000000000000 ) ) ;
#3996 = CARTESIAN_POINT ( 'NONE',  ( -93.06768137013648357, 0.000000000000000000, 26.33212343854054893 ) ) ;
#3997 = DIRECTION ( 'NONE',  ( 0.000000000000000000, 1.000000000000000000, 0.000000000000000000 ) ) ;
#3998 = DIRECTION ( 'NONE',  ( 0.000000000000000000, 0.000000000000000000, -1.000000000000000000 ) ) ;
#3999 = DIRECTION ( 'NONE',  ( 0.000000000000000000, 0.000000000000000000, -1.000000000000000000 ) ) ;
#4000 = VERTEX_POINT ( 'NONE', #2150 ) ;
#4001 = LINE ( 'NONE', #520, #2609 ) ;
#4002 = AXIS2_PLACEMENT_3D ( 'NONE', #4500, #6007, #8802 ) ;
#4003 = ADVANCED_FACE ( 'NONE', ( #4853 ), #1465, .F. ) ;
#4004 = ORIENTED_EDGE ( 'NONE', *, *, #5149, .F. ) ;
#4005 = DIRECTION ( 'NONE',  ( 0.000000000000000000, -1.000000000000000000, 0.000000000000000000 ) ) ;
#4006 = AXIS2_PLACEMENT_3D ( 'NONE', #3077, #2341, #5864 ) ;
#4007 = CYLINDRICAL_SURFACE ( 'NONE', #4353, 6.451250000000001705 ) ;
#4008 = VERTEX_POINT ( 'NONE', #2655 ) ;
#4009 = TOROIDAL_SURFACE ( 'NONE', #7659, 1.500000000000000000, 1.500000000000000000 ) ;
#4010 = DIRECTION ( 'NONE',  ( 0.000000000000000000, 0.000000000000000000, -1.000000000000000000 ) ) ;
#4011 = DIRECTION ( 'NONE',  ( 0.7893522173763266592, 0.000000000000000000, 0.6139406135149199084 ) ) ;
#4012 = CARTESIAN_POINT ( 'NONE',  ( 1.381738960523365201, 6.499999985749620457, -50.00000000000000000 ) ) ;
#4013 = CARTESIAN_POINT ( 'NONE',  ( -8.000000000000000000, -4.200000000000000178, -31.44999999999999929 ) ) ;
#4014 = VECTOR ( 'NONE', #309, 1000.000000000000000 ) ;
#4015 = AXIS2_PLACEMENT_3D ( 'NONE', #1595, #5753, #5622 ) ;
#4016 = CARTESIAN_POINT ( 'NONE',  ( -53.48771061000000060, 3.500000000000000000, -7.487710609999999711 ) ) ;
#4017 = LINE ( 'NONE', #4063, #7715 ) ;
#4018 = ORIENTED_EDGE ( 'NONE', *, *, #3369, .F. ) ;
#4019 = AXIS2_PLACEMENT_3D ( 'NONE', #2723, #3494, #708 ) ;
#4020 = DIRECTION ( 'NONE',  ( 0.000000000000000000, 1.000000000000000000, 0.000000000000000000 ) ) ;
#4021 = VECTOR ( 'NONE', #2849, 1000.000000000000000 ) ;
#4022 = VECTOR ( 'NONE', #8875, 1000.000000000000000 ) ;
#4023 = DIRECTION ( 'NONE',  ( 0.000000000000000000, 1.000000000000000000, 0.000000000000000000 ) ) ;
#4024 = DIRECTION ( 'NONE',  ( -0.000000000000000000, 0.7071067811865475727, 0.7071067811865475727 ) ) ;
#4025 = LINE ( 'NONE', #5398, #2975 ) ;
#4026 = VERTEX_POINT ( 'NONE', #8986 ) ;
#4027 = CIRCLE ( 'NONE', #8141, 3.000000000000002665 ) ;
#4028 = AXIS2_PLACEMENT_3D ( 'NONE', #2771, #4879, #4279 ) ;
#4029 = VERTEX_POINT ( 'NONE', #6186 ) ;
#4030 = EDGE_CURVE ( 'NONE', #258, #2116, #7656, .T. ) ;
#4031 = EDGE_LOOP ( 'NONE', ( #7896, #7194, #6772, #5061 ) ) ;
#4032 = CYLINDRICAL_SURFACE ( 'NONE', #8962, 1.500000000000001332 ) ;
#4033 = AXIS2_PLACEMENT_3D ( 'NONE', #3374, #7736, #9014 ) ;
#4034 = CARTESIAN_POINT ( 'NONE',  ( -37.75961538461535127, 1.000000000000000000, -48.54807692307690559 ) ) ;
#4035 = CIRCLE ( 'NONE', #8718, 2.500000000000000444 ) ;
#4036 = ORIENTED_EDGE ( 'NONE', *, *, #305, .F. ) ;
#4037 = DIRECTION ( 'NONE',  ( 0.000000000000000000, 0.000000000000000000, -1.000000000000000000 ) ) ;
#4038 = VERTEX_POINT ( 'NONE', #1559 ) ;
#4039 = LINE ( 'NONE', #2015, #3175 ) ;
#4040 = DIRECTION ( 'NONE',  ( 0.000000000000000000, 0.7071067811865670016, -0.7071067811865280328 ) ) ;
#4041 = EDGE_CURVE ( 'NONE', #7946, #3140, #4444, .T. ) ;
#4042 = DIRECTION ( 'NONE',  ( 0.000000000000000000, 0.7071067811865474617, 0.7071067811865474617 ) ) ;
#4043 = EDGE_CURVE ( 'NONE', #1629, #4401, #2193, .T. ) ;
#4044 = FACE_OUTER_BOUND ( 'NONE', #5358, .T. ) ;
#4045 = EDGE_CURVE ( 'NONE', #2865, #7606, #5865, .T. ) ;
#4046 = CIRCLE ( 'NONE', #416, 46.50000000000000000 ) ;
#4047 = ORIENTED_EDGE ( 'NONE', *, *, #1286, .T. ) ;
#4048 = AXIS2_PLACEMENT_3D ( 'NONE', #3314, #8904, #2621 ) ;
#4049 = EDGE_CURVE ( 'NONE', #5707, #3031, #3572, .T. ) ;
#4050 = ORIENTED_EDGE ( 'NONE', *, *, #1767, .T. ) ;
#4051 = FACE_OUTER_BOUND ( 'NONE', #3645, .T. ) ;
#4052 = CARTESIAN_POINT ( 'NONE',  ( 38.63636884922900094, 4.000000000000000888, -8.363631150770988398 ) ) ;
#4053 = CIRCLE ( 'NONE', #5651, 2.000000000000001776 ) ;
#4054 = CIRCLE ( 'NONE', #2000, 1.500000000000000000 ) ;
#4055 = ORIENTED_EDGE ( 'NONE', *, *, #2800, .T. ) ;
#4056 = DIRECTION ( 'NONE',  ( 0.000000000000000000, 1.000000000000000000, 0.000000000000000000 ) ) ;
#4057 = DIRECTION ( 'NONE',  ( 0.000000000000000000, -1.000000000000000000, 0.000000000000000000 ) ) ;
#4058 = DIRECTION ( 'NONE',  ( 0.000000000000000000, 0.000000000000000000, -1.000000000000000000 ) ) ;
#4059 = CARTESIAN_POINT ( 'NONE',  ( -94.85927648541407109, 3.783310631341297192, 15.27145669643985926 ) ) ;
#4060 = AXIS2_PLACEMENT_3D ( 'NONE', #1531, #6398, #1618 ) ;
#4061 = DIRECTION ( 'NONE',  ( 1.000000000000000000, 0.000000000000000000, 0.000000000000000000 ) ) ;
#4062 = CIRCLE ( 'NONE', #2306, 2.500000000000000000 ) ;
#4063 = CARTESIAN_POINT ( 'NONE',  ( 0.000000000000000000, 1.699999999999999956, 46.50000000000000000 ) ) ;
#4064 = VERTEX_POINT ( 'NONE', #4998 ) ;
#4065 = CARTESIAN_POINT ( 'NONE',  ( 8.000000000000000000, 4.000000000000000000, -25.50000000000000000 ) ) ;
#4066 = AXIS2_PLACEMENT_3D ( 'NONE', #7343, #1059, #6009 ) ;
#4067 = CYLINDRICAL_SURFACE ( 'NONE', #7096, 2.000000000000001776 ) ;
#4068 = DIRECTION ( 'NONE',  ( 0.000000000000000000, 0.000000000000000000, 1.000000000000000000 ) ) ;
#4069 = VECTOR ( 'NONE', #5331, 1000.000000000000000 ) ;
#4070 = CARTESIAN_POINT ( 'NONE',  ( -82.95000000000000284, 1.000000000000000000, 10.25000000000000000 ) ) ;
#4071 = ORIENTED_EDGE ( 'NONE', *, *, #5347, .T. ) ;
#4072 = ORIENTED_EDGE ( 'NONE', *, *, #5211, .T. ) ;
#4073 = ORIENTED_EDGE ( 'NONE', *, *, #5173, .T. ) ;
#4074 = EDGE_CURVE ( 'NONE', #3522, #4347, #3458, .T. ) ;
#4075 = CARTESIAN_POINT ( 'NONE',  ( -4.810925642722478912, 4.143771770856893077, -51.94417862342905323 ) ) ;
#4076 = DIRECTION ( 'NONE',  ( 0.000000000000000000, 0.000000000000000000, 1.000000000000000000 ) ) ;
#4077 = DIRECTION ( 'NONE',  ( 0.000000000000000000, 0.000000000000000000, 1.000000000000000000 ) ) ;
#4078 = DIRECTION ( 'NONE',  ( -0.000000000000000000, -1.000000000000000000, -0.000000000000000000 ) ) ;
#4079 = EDGE_CURVE ( 'NONE', #7525, #6441, #1993, .T. ) ;
#4080 = ORIENTED_EDGE ( 'NONE', *, *, #2764, .T. ) ;
#4081 = CARTESIAN_POINT ( 'NONE',  ( 0.000000000000000000, 4.000000000000000000, -45.00000000000000000 ) ) ;
#4082 = DIRECTION ( 'NONE',  ( -0.000000000000000000, 0.000000000000000000, 1.000000000000000000 ) ) ;
#4083 = LINE ( 'NONE', #6876, #770 ) ;
#4084 = DIRECTION ( 'NONE',  ( 0.000000000000000000, 1.000000000000000000, 0.000000000000000000 ) ) ;
#4085 = ORIENTED_EDGE ( 'NONE', *, *, #3804, .T. ) ;
#4086 = DIRECTION ( 'NONE',  ( 0.000000000000000000, 0.000000000000000000, -1.000000000000000000 ) ) ;
#4087 = EDGE_CURVE ( 'NONE', #8514, #6136, #2236, .T. ) ;
#4088 = VERTEX_POINT ( 'NONE', #93 ) ;
#4089 = DIRECTION ( 'NONE',  ( 0.000000000000000000, -1.000000000000000000, 0.000000000000000000 ) ) ;
#4090 = CARTESIAN_POINT ( 'NONE',  ( 1.658312395177696574, 6.500000000000000888, -47.50000000000000000 ) ) ;
#4091 = CARTESIAN_POINT ( 'NONE',  ( 37.96446609406726935, 4.000000000000000000, 9.035533905932723542 ) ) ;
#4092 = ORIENTED_EDGE ( 'NONE', *, *, #4854, .F. ) ;
#4093 = CARTESIAN_POINT ( 'NONE',  ( -82.95000000000000284, -6.000000000000000000, -10.25000000000000000 ) ) ;
#4094 = DIRECTION ( 'NONE',  ( 1.000000000000000000, 0.000000000000000000, 0.000000000000000000 ) ) ;
#4095 = DIRECTION ( 'NONE',  ( 0.000000000000000000, 1.000000000000000000, 0.000000000000000000 ) ) ;
#4096 = CARTESIAN_POINT ( 'NONE',  ( -2.000000000000000000, 4.000000000000000000, -53.00000000000000000 ) ) ;
#4097 = CARTESIAN_POINT ( 'NONE',  ( -94.85313361422514333, 3.883863749092470563, -15.89385167958445244 ) ) ;
#4098 = DIRECTION ( 'NONE',  ( 0.000000000000000000, 0.000000000000000000, 1.000000000000000000 ) ) ;
#4099 = CARTESIAN_POINT ( 'NONE',  ( -8.000000000000000000, 0.000000000000000000, -30.45000000000000284 ) ) ;
#4100 = EDGE_LOOP ( 'NONE', ( #5375, #6654, #7, #1499, #8115 ) ) ;
#4101 = CARTESIAN_POINT ( 'NONE',  ( 2.000000000000000000, 54.00000000000000711, -50.00000000000000000 ) ) ;
#4102 = EDGE_CURVE ( 'NONE', #258, #496, #8658, .T. ) ;
#4103 = DIRECTION ( 'NONE',  ( 1.000000000000000000, 0.000000000000000000, 0.000000000000000000 ) ) ;
#4104 = FACE_OUTER_BOUND ( 'NONE', #4848, .T. ) ;
#4105 = DIRECTION ( 'NONE',  ( 0.000000000000000000, -1.000000000000000000, 0.000000000000000000 ) ) ;
#4106 = ADVANCED_FACE ( 'NONE', ( #6464 ), #184, .F. ) ;
#4107 = VERTEX_POINT ( 'NONE', #2934 ) ;
#4108 = ORIENTED_EDGE ( 'NONE', *, *, #7199, .F. ) ;
#4109 = FACE_OUTER_BOUND ( 'NONE', #2451, .T. ) ;
#4110 = EDGE_LOOP ( 'NONE', ( #2087, #6847, #4183, #8769 ) ) ;
#4111 = PLANE ( 'NONE',  #776 ) ;
#4112 = DIRECTION ( 'NONE',  ( 0.000000000000000000, 0.7071067811865670016, -0.7071067811865280328 ) ) ;
#4113 = CARTESIAN_POINT ( 'NONE',  ( -70.50000000000000000, 6.500000000000000888, -2.000000000000000888 ) ) ;
#4114 = VERTEX_POINT ( 'NONE', #5765 ) ;
#4115 = ORIENTED_EDGE ( 'NONE', *, *, #8474, .T. ) ;
#4116 = CARTESIAN_POINT ( 'NONE',  ( -53.48771061000000060, 0.000000000000000000, 6.987710610000019251 ) ) ;
#4117 = CARTESIAN_POINT ( 'NONE',  ( -86.75000000000000000, 1.000000000000000000, 8.250000000000000000 ) ) ;
#4118 = PLANE ( 'NONE',  #7514 ) ;
#4119 = DIRECTION ( 'NONE',  ( 0.000000000000000000, -1.000000000000000000, 0.000000000000000000 ) ) ;
#4120 = ORIENTED_EDGE ( 'NONE', *, *, #4900, .F. ) ;
#4121 = CARTESIAN_POINT ( 'NONE',  ( 3.851859888774471706E-31, 6.449489742783177881, 50.00000000000000000 ) ) ;
#4122 = AXIS2_PLACEMENT_3D ( 'NONE', #5805, #8609, #5079 ) ;
#4123 = ORIENTED_EDGE ( 'NONE', *, *, #2880, .T. ) ;
#4124 = FACE_OUTER_BOUND ( 'NONE', #8034, .T. ) ;
#4125 = DIRECTION ( 'NONE',  ( 0.000000000000000000, -1.000000000000000000, 0.000000000000000000 ) ) ;
#4126 = DIRECTION ( 'NONE',  ( 0.000000000000000000, 0.000000000000000000, 1.000000000000000000 ) ) ;
#4127 = ORIENTED_EDGE ( 'NONE', *, *, #3369, .T. ) ;
#4128 = DIRECTION ( 'NONE',  ( 1.000000000000000000, -1.534251516482260666E-25, -0.000000000000000000 ) ) ;
#4129 = FACE_OUTER_BOUND ( 'NONE', #7921, .T. ) ;
#4130 = AXIS2_PLACEMENT_3D ( 'NONE', #4093, #1432, #604 ) ;
#4131 = VECTOR ( 'NONE', #7569, 1000.000000000000000 ) ;
#4132 = DIRECTION ( 'NONE',  ( 0.000000000000000000, -1.000000000000000000, 0.000000000000000000 ) ) ;
#4133 = EDGE_LOOP ( 'NONE', ( #200, #8852, #8303, #4479 ) ) ;
#4134 = CARTESIAN_POINT ( 'NONE',  ( -94.57777056937200655, 3.863593252791749588, -13.87565294021426254 ) ) ;
#4135 = CARTESIAN_POINT ( 'NONE',  ( -8.000000000000000000, 0.000000000000000000, -20.50000000000000000 ) ) ;
#4136 = VECTOR ( 'NONE', #6315, 1000.000000000000000 ) ;
#4137 = AXIS2_PLACEMENT_3D ( 'NONE', #8283, #2001, #6902 ) ;
#4138 = CARTESIAN_POINT ( 'NONE',  ( 20.00000000000000000, 0.4999999999999730216, 6.000000000000000000 ) ) ;
#4139 = ORIENTED_EDGE ( 'NONE', *, *, #6105, .T. ) ;
#4140 = CARTESIAN_POINT ( 'NONE',  ( -20.00000000000000000, 3.500000000000000000, -6.000000000000000000 ) ) ;
#4141 = EDGE_CURVE ( 'NONE', #913, #1152, #6389, .T. ) ;
#4142 = FACE_BOUND ( 'NONE', #8914, .T. ) ;
#4143 = DIRECTION ( 'NONE',  ( 0.000000000000000000, -1.000000000000000000, 0.000000000000000000 ) ) ;
#4144 = EDGE_CURVE ( 'NONE', #4551, #6271, #6999, .T. ) ;
#4145 = CIRCLE ( 'NONE', #5608, 0.9999999999999991118 ) ;
#4146 = CIRCLE ( 'NONE', #1813, 1.249999999999999334 ) ;
#4147 = EDGE_CURVE ( 'NONE', #7818, #1044, #8734, .T. ) ;
#4148 = FACE_OUTER_BOUND ( 'NONE', #986, .T. ) ;
#4149 = ADVANCED_FACE ( 'NONE', ( #970 ), #7353, .F. ) ;
#4150 = ORIENTED_EDGE ( 'NONE', *, *, #8152, .T. ) ;
#4151 = AXIS2_PLACEMENT_3D ( 'NONE', #8612, #8650, #8749 ) ;
#4152 = ORIENTED_EDGE ( 'NONE', *, *, #2692, .F. ) ;
#4153 = LINE ( 'NONE', #2920, #4858 ) ;
#4154 = ORIENTED_EDGE ( 'NONE', *, *, #5846, .F. ) ;
#4155 = CARTESIAN_POINT ( 'NONE',  ( -95.37740409499218686, 4.000000000000000000, 26.33212343854054893 ) ) ;
#4156 = AXIS2_PLACEMENT_3D ( 'NONE', #6293, #9049, #652 ) ;
#4157 = AXIS2_PLACEMENT_3D ( 'NONE', #8781, #6024, #1306 ) ;
#4158 = DIRECTION ( 'NONE',  ( 0.000000000000000000, -1.000000000000000000, 0.000000000000000000 ) ) ;
#4159 = CIRCLE ( 'NONE', #7098, 46.50000000000000000 ) ;
#4160 = ORIENTED_EDGE ( 'NONE', *, *, #272, .T. ) ;
#4161 = ORIENTED_EDGE ( 'NONE', *, *, #8046, .F. ) ;
#4162 = AXIS2_PLACEMENT_3D ( 'NONE', #5996, #7370, #7465 ) ;
#4163 = DIRECTION ( 'NONE',  ( 0.000000000000000000, 0.000000000000000000, 1.000000000000000000 ) ) ;
#4164 = DIRECTION ( 'NONE',  ( -0.000000000000000000, 0.7071067811865424657, 0.7071067811865525687 ) ) ;
#4165 = AXIS2_PLACEMENT_3D ( 'NONE', #1036, #4521, #2459 ) ;
#4166 = CARTESIAN_POINT ( 'NONE',  ( 42.47865460874999854, 3.499999999999972022, 8.824518986904589468 ) ) ;
#4167 = DIRECTION ( 'NONE',  ( 0.000000000000000000, 1.000000000000000000, 0.000000000000000000 ) ) ;
#4168 = PRODUCT_CONTEXT ( 'NONE', #2380, 'mechanical' ) ;
#4169 = EDGE_LOOP ( 'NONE', ( #4481, #2538, #1530, #2216 ) ) ;
#4170 = FACE_OUTER_BOUND ( 'NONE', #5830, .T. ) ;
#4171 = CIRCLE ( 'NONE', #5755, 46.50000000000000000 ) ;
#4172 = AXIS2_PLACEMENT_3D ( 'NONE', #1571, #3639, #2391 ) ;
#4173 = ORIENTED_EDGE ( 'NONE', *, *, #3832, .T. ) ;
#4174 = DIRECTION ( 'NONE',  ( -1.000000000000000000, 0.000000000000000000, 0.000000000000000000 ) ) ;
#4175 = DIRECTION ( 'NONE',  ( -0.7893522173763266592, 0.000000000000000000, 0.6139406135149199084 ) ) ;
#4176 = LINE ( 'NONE', #6978, #6096 ) ;
#4177 = ORIENTED_EDGE ( 'NONE', *, *, #8530, .F. ) ;
#4178 = CARTESIAN_POINT ( 'NONE',  ( -79.14999999999999147, 4.000000000000000000, 7.500000000000000000 ) ) ;
#4179 = DIRECTION ( 'NONE',  ( -1.000000000000000000, 0.000000000000000000, 0.000000000000000000 ) ) ;
#4180 = AXIS2_PLACEMENT_3D ( 'NONE', #8350, #7023, #6982 ) ;
#4181 = CARTESIAN_POINT ( 'NONE',  ( -65.00000000000000000, 6.499999999999999112, -2.000000000000000888 ) ) ;
#4182 = LINE ( 'NONE', #6984, #798 ) ;
#4183 = ORIENTED_EDGE ( 'NONE', *, *, #6332, .F. ) ;
#4184 = FACE_OUTER_BOUND ( 'NONE', #3698, .T. ) ;
#4185 = EDGE_CURVE ( 'NONE', #7946, #6273, #2435, .T. ) ;
#4186 = DIRECTION ( 'NONE',  ( 0.000000000000000000, 1.000000000000000000, 0.000000000000000000 ) ) ;
#4187 = AXIS2_PLACEMENT_3D ( 'NONE', #1051, #6509, #231 ) ;
#4188 = CARTESIAN_POINT ( 'NONE',  ( -8.000000000000000000, 3.500000000000000000, -25.00000000000000000 ) ) ;
#4189 = ORIENTED_EDGE ( 'NONE', *, *, #8469, .F. ) ;
#4190 = DIRECTION ( 'NONE',  ( 0.000000000000000000, 0.000000000000000000, -1.000000000000000000 ) ) ;
#4191 = CARTESIAN_POINT ( 'NONE',  ( 0.000000000000000000, 0.000000000000000000, 0.000000000000000000 ) ) ;
#4192 = DIRECTION ( 'NONE',  ( 0.000000000000000000, 0.000000000000000000, 1.000000000000000000 ) ) ;
#4193 = VECTOR ( 'NONE', #6384, 1000.000000000000000 ) ;
#4194 = ORIENTED_EDGE ( 'NONE', *, *, #8087, .F. ) ;
#4195 = DIRECTION ( 'NONE',  ( 0.000000000000000000, -1.000000000000000000, 0.000000000000000000 ) ) ;
#4196 = VERTEX_POINT ( 'NONE', #8710 ) ;
#4197 = EDGE_CURVE ( 'NONE', #4107, #4981, #1016, .T. ) ;
#4198 = EDGE_CURVE ( 'NONE', #8582, #811, #3810, .T. ) ;
#4199 = CIRCLE ( 'NONE', #4794, 2.500000000000000444 ) ;
#4200 = ORIENTED_EDGE ( 'NONE', *, *, #7420, .T. ) ;
#4201 = ADVANCED_FACE ( 'NONE', ( #6602 ), #648, .T. ) ;
#4202 = DIRECTION ( 'NONE',  ( 0.000000000000000000, -1.000000000000000000, 0.000000000000000000 ) ) ;
#4203 = VECTOR ( 'NONE', #4234, 1000.000000000000000 ) ;
#4204 = VERTEX_POINT ( 'NONE', #4091 ) ;
#4205 = DIRECTION ( 'NONE',  ( 0.000000000000000000, 0.000000000000000000, -1.000000000000000000 ) ) ;
#4206 = CONICAL_SURFACE ( 'NONE', #5235, 1.500000000000000000, 0.5779019369622463431 ) ;
#4207 = CARTESIAN_POINT ( 'NONE',  ( 8.000000000000000000, 0.000000000000000000, -23.00000000000000000 ) ) ;
#4208 = DIRECTION ( 'NONE',  ( -3.083952846181010199E-15, 0.000000000000000000, 1.000000000000000000 ) ) ;
#4209 = EDGE_CURVE ( 'NONE', #3072, #286, #2717, .T. ) ;
#4210 = VECTOR ( 'NONE', #6580, 1000.000000000000114 ) ;
#4211 = VERTEX_POINT ( 'NONE', #6884 ) ;
#4212 = ORIENTED_EDGE ( 'NONE', *, *, #123, .T. ) ;
#4213 = FACE_OUTER_BOUND ( 'NONE', #4031, .T. ) ;
#4214 = DIRECTION ( 'NONE',  ( 0.000000000000000000, -1.000000000000000000, 0.000000000000000000 ) ) ;
#4215 = CARTESIAN_POINT ( 'NONE',  ( 0.000000000000000000, 0.5000000000000071054, -59.00000000000000000 ) ) ;
#4216 = DIRECTION ( 'NONE',  ( 0.000000000000000000, 0.000000000000000000, 1.000000000000000000 ) ) ;
#4217 = EDGE_CURVE ( 'NONE', #8478, #426, #4341, .T. ) ;
#4218 = EDGE_CURVE ( 'NONE', #4626, #6074, #2111, .T. ) ;
#4219 = VERTEX_POINT ( 'NONE', #2029 ) ;
#4220 = CARTESIAN_POINT ( 'NONE',  ( -1.227936752781753960, 4.000000001861147680, 47.75343130466468011 ) ) ;
#4221 = ADVANCED_FACE ( 'NONE', ( #4918 ), #1471, .F. ) ;
#4222 = EDGE_LOOP ( 'NONE', ( #4786, #7187, #4938, #8533 ) ) ;
#4223 = EDGE_CURVE ( 'NONE', #2916, #7042, #3528, .T. ) ;
#4224 = LINE ( 'NONE', #99, #77 ) ;
#4225 = CARTESIAN_POINT ( 'NONE',  ( -5.000315289327359025, 4.417380193890622309, -53.23943179616014021 ) ) ;
#4226 = LINE ( 'NONE', #1706, #3183 ) ;
#4227 = ORIENTED_EDGE ( 'NONE', *, *, #3880, .T. ) ;
#4228 = DIRECTION ( 'NONE',  ( 1.000000000000000000, 0.000000000000000000, 0.000000000000000000 ) ) ;
#4229 = DIRECTION ( 'NONE',  ( 0.000000000000000000, 0.000000000000000000, -1.000000000000000000 ) ) ;
#4230 = CARTESIAN_POINT ( 'NONE',  ( 43.27559826447792091, 5.267766952968889527, 6.732233047031104256 ) ) ;
#4231 = CARTESIAN_POINT ( 'NONE',  ( -53.48771061000000060, 3.500000000000000000, 7.487710610000020139 ) ) ;
#4232 = VERTEX_POINT ( 'NONE', #5457 ) ;
#4233 = CYLINDRICAL_SURFACE ( 'NONE', #2698, 0.9999999999999991118 ) ;
#4234 = DIRECTION ( 'NONE',  ( 0.000000000000000000, 0.000000000000000000, -1.000000000000000000 ) ) ;
#4235 = ORIENTED_EDGE ( 'NONE', *, *, #8758, .T. ) ;
#4236 = EDGE_CURVE ( 'NONE', #349, #7229, #2794, .T. ) ;
#4237 = CARTESIAN_POINT ( 'NONE',  ( 38.99999999999999289, 3.666614832729883311, -9.653185138813983102 ) ) ;
#4238 = EDGE_LOOP ( 'NONE', ( #1590, #6306, #7292, #296, #80, #7478, #6351 ) ) ;
#4239 = DIRECTION ( 'NONE',  ( 0.000000000000000000, 1.000000000000000000, -0.000000000000000000 ) ) ;
#4240 = CARTESIAN_POINT ( 'NONE',  ( -8.500000000000003553, 2.399999999999999911, -33.89999999999999858 ) ) ;
#4241 = DIRECTION ( 'NONE',  ( 0.000000000000000000, 1.000000000000000000, 0.000000000000000000 ) ) ;
#4242 = ORIENTED_EDGE ( 'NONE', *, *, #153, .F. ) ;
#4243 =( BOUNDED_SURFACE ( )  B_SPLINE_SURFACE ( 3, 2, ( 
 ( #531, #4616, #1858 ),
 ( #3328, #8825, #8187 ),
 ( #5295, #6115, #3365 ),
 ( #1898, #1212, #1176 ),
 ( #4012, #2668, #6759 ),
 ( #1809, #2542, #8917 ) ),
 .UNSPECIFIED., .F., .F., .F. ) 
 B_SPLINE_SURFACE_WITH_KNOTS ( ( 4, 2, 4 ),
 ( 3, 3 ),
 ( 0.006218473255434984331, 0.007044303445686177223, 0.007870133635937370115 ),
 ( 0.000000000000000000, 1.000000000000000000 ),
 .UNSPECIFIED. ) 
 GEOMETRIC_REPRESENTATION_ITEM ( )  RATIONAL_B_SPLINE_SURFACE ( (
 ( 1.000000000000000000, 0.7745966692414820720, 1.000000000000000000),
 ( 1.000000000000000000, 0.7747252456407077714, 1.000000000000000000),
 ( 1.000000000000000000, 0.7671071911393191334, 1.000000000000000000),
 ( 1.000000000000000000, 0.7421869809526401296, 1.000000000000000000),
 ( 1.000000000000000000, 0.7250818957288365230, 1.000000000000000000),
 ( 1.000000000000000000, 0.7071067811865459074, 1.000000000000000000) ) ) 
 REPRESENTATION_ITEM ( '' )  SURFACE ( )  );
#4244 = DIRECTION ( 'NONE',  ( 0.000000000000000000, 0.000000000000000000, -1.000000000000000000 ) ) ;
#4245 = ORIENTED_EDGE ( 'NONE', *, *, #9041, .F. ) ;
#4246 = ORIENTED_EDGE ( 'NONE', *, *, #5166, .T. ) ;
#4247 = DIRECTION ( 'NONE',  ( 0.000000000000000000, -1.000000000000000000, 0.000000000000000000 ) ) ;
#4248 = ORIENTED_EDGE ( 'NONE', *, *, #6516, .F. ) ;
#4249 = DIRECTION ( 'NONE',  ( -1.000000000000000000, 0.000000000000000000, 0.000000000000000000 ) ) ;
#4250 = EDGE_CURVE ( 'NONE', #7821, #5128, #6539, .T. ) ;
#4251 = DIRECTION ( 'NONE',  ( 0.000000000000000000, -1.000000000000000000, 0.000000000000000000 ) ) ;
#4252 = DIRECTION ( 'NONE',  ( 0.000000000000000000, -1.000000000000000000, 0.000000000000000000 ) ) ;
#4253 = EDGE_CURVE ( 'NONE', #7946, #8493, #2576, .T. ) ;
#4254 = ORIENTED_EDGE ( 'NONE', *, *, #7801, .F. ) ;
#4255 = ORIENTED_EDGE ( 'NONE', *, *, #4834, .T. ) ;
#4256 = CARTESIAN_POINT ( 'NONE',  ( 5.616384920805909786, 3.500000000000000000, 57.00000000000000000 ) ) ;
#4257 = CARTESIAN_POINT ( 'NONE',  ( 46.72440173552102749, 5.267766952968889527, 6.732233047031104256 ) ) ;
#4258 = FACE_OUTER_BOUND ( 'NONE', #6959, .T. ) ;
#4259 = CARTESIAN_POINT ( 'NONE',  ( -7.062556730546592831, 4.000000000000000000, -50.85046066563143796 ) ) ;
#4260 = ADVANCED_FACE ( 'NONE', ( #7764 ), #2760, .F. ) ;
#4261 = ADVANCED_FACE ( 'NONE', ( #2067 ), #8596, .F. ) ;
#4262 = ORIENTED_EDGE ( 'NONE', *, *, #2362, .F. ) ;
#4263 = CARTESIAN_POINT ( 'NONE',  ( 0.000000000000000000, 3.500000000000000000, 59.00000000000000000 ) ) ;
#4264 = ORIENTED_EDGE ( 'NONE', *, *, #8517, .F. ) ;
#4265 = DIRECTION ( 'NONE',  ( 0.000000000000000000, 0.000000000000000000, 1.000000000000000000 ) ) ;
#4266 = DIRECTION ( 'NONE',  ( 0.000000000000000000, -1.000000000000000000, 0.000000000000000000 ) ) ;
#4267 = CARTESIAN_POINT ( 'NONE',  ( -66.50000000000000000, 52.50000000000000711, 0.000000000000000000 ) ) ;
#4268 = ORIENTED_EDGE ( 'NONE', *, *, #697, .F. ) ;
#4269 = CARTESIAN_POINT ( 'NONE',  ( 48.99999999999999289, 6.157994724319951096, -5.842005275680059562 ) ) ;
#4270 = CARTESIAN_POINT ( 'NONE',  ( 0.000000000000000000, 0.000000000000000000, 25.50000000000000000 ) ) ;
#4271 = PLANE ( 'NONE',  #1234 ) ;
#4272 = DIRECTION ( 'NONE',  ( 0.000000000000000000, 1.000000000000000000, 0.000000000000000000 ) ) ;
#4273 = ORIENTED_EDGE ( 'NONE', *, *, #7244, .F. ) ;
#4274 = CARTESIAN_POINT ( 'NONE',  ( 48.98309516721561607, 10.80774262969186417, -1.192257370308229092 ) ) ;
#4275 = CARTESIAN_POINT ( 'NONE',  ( -4.761394580298122570, 6.499999999999999112, 51.82752399943534272 ) ) ;
#4276 = EDGE_LOOP ( 'NONE', ( #3510, #3423, #6584, #1447 ) ) ;
#4277 = CARTESIAN_POINT ( 'NONE',  ( 38.99999999999999289, 3.833282085345073309, -9.477686090023107468 ) ) ;
#4278 = ORIENTED_EDGE ( 'NONE', *, *, #3701, .T. ) ;
#4279 = DIRECTION ( 'NONE',  ( 0.000000000000000000, 0.000000000000000000, -1.000000000000000000 ) ) ;
#4280 = DIRECTION ( 'NONE',  ( 0.000000000000000000, 1.000000000000000000, 0.000000000000000000 ) ) ;
#4281 = CARTESIAN_POINT ( 'NONE',  ( -37.75961538461535127, 0.000000000000000000, -48.54807692307690559 ) ) ;
#4282 = EDGE_LOOP ( 'NONE', ( #2202, #3432, #4971, #6589 ) ) ;
#4283 = VECTOR ( 'NONE', #3997, 1000.000000000000000 ) ;
#4284 = DIRECTION ( 'NONE',  ( 0.000000000000000000, 0.000000000000000000, -1.000000000000000000 ) ) ;
#4285 = CONICAL_SURFACE ( 'NONE', #4865, 1.500000000000001332, 0.5779019369622463431 ) ;
#4286 = ORIENTED_EDGE ( 'NONE', *, *, #4912, .T. ) ;
#4287 = EDGE_LOOP ( 'NONE', ( #6997, #8969, #8468, #1419, #5239, #3128 ) ) ;
#4288 = AXIS2_PLACEMENT_3D ( 'NONE', #8975, #1365, #2693 ) ;
#4289 = CARTESIAN_POINT ( 'NONE',  ( -92.00000000000000000, 1.699999999999999956, 13.75000000000000000 ) ) ;
#4290 = ORIENTED_EDGE ( 'NONE', *, *, #2607, .T. ) ;
#4291 = VECTOR ( 'NONE', #6731, 1000.000000000000000 ) ;
#4292 = DIRECTION ( 'NONE',  ( -0.000000000000000000, 1.000000000000000000, -0.000000000000000000 ) ) ;
#4293 =( BOUNDED_SURFACE ( )  B_SPLINE_SURFACE ( 3, 2, ( 
 ( #3892, #1093, #4429 ),
 ( #6688, #5122, #1045 ),
 ( #5897, #7925, #8696 ),
 ( #8790, #1731, #1633 ),
 ( #7327, #2508, #8155 ),
 ( #3415, #3242, #2602 ) ),
 .UNSPECIFIED., .F., .F., .F. ) 
 B_SPLINE_SURFACE_WITH_KNOTS ( ( 4, 2, 4 ),
 ( 3, 3 ),
 ( 0.004184103987939884195, 0.005335233723397290843, 0.006486363458854697492 ),
 ( 0.000000000000000000, 1.000000000000000000 ),
 .UNSPECIFIED. ) 
 GEOMETRIC_REPRESENTATION_ITEM ( )  RATIONAL_B_SPLINE_SURFACE ( (
 ( 1.000000000000000000, 0.7758446568967855006, 1.000000000000000000),
 ( 1.000000000000000000, 0.7764887929018433610, 1.000000000000000000),
 ( 1.000000000000000000, 0.7703434300840473758, 1.000000000000000000),
 ( 1.000000000000000000, 0.7466016803804803592, 1.000000000000000000),
 ( 1.000000000000000000, 0.7289866434326489619, 1.000000000000000000),
 ( 1.000000000000000000, 0.7071067811865465735, 1.000000000000000000) ) ) 
 REPRESENTATION_ITEM ( '' )  SURFACE ( )  );
#4294 = CARTESIAN_POINT ( 'NONE',  ( -5.000000000000000000, 6.499999999999999112, -50.00000000000000000 ) ) ;
#4295 = CARTESIAN_POINT ( 'NONE',  ( 2.000000000000000000, 52.50000000000000711, -53.00000000000000711 ) ) ;
#4296 = VERTEX_POINT ( 'NONE', #3360 ) ;
#4297 = AXIS2_PLACEMENT_3D ( 'NONE', #6730, #617, #6164 ) ;
#4298 = ADVANCED_FACE ( 'NONE', ( #6288 ), #4962, .T. ) ;
#4299 = CIRCLE ( 'NONE', #6652, 2.499999999999998668 ) ;
#4300 = ORIENTED_EDGE ( 'NONE', *, *, #6563, .F. ) ;
#4301 = EDGE_LOOP ( 'NONE', ( #9022, #3790, #6686, #8857 ) ) ;
#4302 = CARTESIAN_POINT ( 'NONE',  ( -95.37740409499218686, 0.5000000000000071054, -28.33212343854044946 ) ) ;
#4303 = CARTESIAN_POINT ( 'NONE',  ( -87.50000000000000000, 1.000000000000000000, 7.500000000000000000 ) ) ;
#4304 = AXIS2_PLACEMENT_3D ( 'NONE', #5462, #8352, #8316 ) ;
#4305 = DIRECTION ( 'NONE',  ( 0.000000000000000000, -0.7071067811865280328, -0.7071067811865670016 ) ) ;
#4306 = CARTESIAN_POINT ( 'NONE',  ( 7.007730449718400756, 3.999999999999998224, 54.89605069501885026 ) ) ;
#4307 = AXIS2_PLACEMENT_3D ( 'NONE', #8501, #7737, #71 ) ;
#4308 = VECTOR ( 'NONE', #7972, 1000.000000000000000 ) ;
#4309 = ORIENTED_EDGE ( 'NONE', *, *, #4147, .F. ) ;
#4310 = DIRECTION ( 'NONE',  ( 0.000000000000000000, -0.7071067811865670016, -0.7071067811865280328 ) ) ;
#4311 = EDGE_LOOP ( 'NONE', ( #4108, #5995, #7734, #2622 ) ) ;
#4312 = AXIS2_PLACEMENT_3D ( 'NONE', #4718, #1233, #4077 ) ;
#4313 = EDGE_CURVE ( 'NONE', #4926, #3010, #984, .T. ) ;
#4314 = DIRECTION ( 'NONE',  ( 0.000000000000000000, 0.7071067811865474617, 0.7071067811865474617 ) ) ;
#4315 = EDGE_CURVE ( 'NONE', #1458, #1440, #684, .T. ) ;
#4316 = CARTESIAN_POINT ( 'NONE',  ( 4.889965499713800234, 6.483389308299761566, 53.83168320520212546 ) ) ;
#4317 = LINE ( 'NONE', #148, #2583 ) ;
#4318 = VERTEX_POINT ( 'NONE', #4783 ) ;
#4319 = DIRECTION ( 'NONE',  ( 0.000000000000000000, -1.000000000000000000, 0.000000000000000000 ) ) ;
#4320 = LINE ( 'NONE', #7310, #529 ) ;
#4321 = EDGE_CURVE ( 'NONE', #4064, #8778, #7431, .T. ) ;
#4323 = EDGE_CURVE ( 'NONE', #7017, #1181, #4176, .T. ) ;
#4322 = CARTESIAN_POINT ( 'NONE',  ( 42.49999999999999289, 52.50000000000000711, 3.000000000000000000 ) ) ;
#4324 = CONICAL_SURFACE ( 'NONE', #1818, 46.50000000000000000, 0.7853981633974348453 ) ;
#4325 = ORIENTED_EDGE ( 'NONE', *, *, #8530, .T. ) ;
#4326 = DIRECTION ( 'NONE',  ( 0.000000000000000000, 0.000000000000000000, -1.000000000000000000 ) ) ;
#4327 = CIRCLE ( 'NONE', #7847, 1.500000000000001332 ) ;
#4328 = AXIS2_PLACEMENT_3D ( 'NONE', #2065, #1469, #7717 ) ;
#4329 = DIRECTION ( 'NONE',  ( 0.000000000000000000, 0.000000000000000000, 1.000000000000000000 ) ) ;
#4330 = ORIENTED_EDGE ( 'NONE', *, *, #4716, .F. ) ;
#4331 = CARTESIAN_POINT ( 'NONE',  ( -91.41851592179749275, 3.500000000000000000, 27.46360623735135320 ) ) ;
#4332 = CONICAL_SURFACE ( 'NONE', #5495, 1.500000000000001332, 0.7853981633974744803 ) ;
#4333 = EDGE_LOOP ( 'NONE', ( #1847, #7038, #4300, #3555 ) ) ;
#4334 = CARTESIAN_POINT ( 'NONE',  ( 20.00000000000000000, 0.4999999999999730216, -6.000000000000000000 ) ) ;
#4335 = DIRECTION ( 'NONE',  ( 0.000000000000000000, 0.000000000000000000, 1.000000000000000000 ) ) ;
#4336 = PLANE ( 'NONE',  #3419 ) ;
#4337 = EDGE_CURVE ( 'NONE', #2836, #3216, #4226, .T. ) ;
#4338 = EDGE_LOOP ( 'NONE', ( #8162, #6771, #5806, #5255 ) ) ;
#4340 = CARTESIAN_POINT ( 'NONE',  ( -93.06768137013648357, 0.000000000000000000, -28.33212343854044946 ) ) ;
#4339 = VECTOR ( 'NONE', #9034, 1000.000000000000114 ) ;
#4341 = CIRCLE ( 'NONE', #5504, 1.999999999999998224 ) ;
#4342 = VERTEX_POINT ( 'NONE', #2248 ) ;
#4343 = EDGE_CURVE ( 'NONE', #5128, #2649, #841, .T. ) ;
#4344 = ADVANCED_FACE ( 'NONE', ( #2201 ), #6524, .T. ) ;
#4345 = ORIENTED_EDGE ( 'NONE', *, *, #1070, .T. ) ;
#4346 = CARTESIAN_POINT ( 'NONE',  ( -53.48771061000000060, 0.000000000000000000, 53.48771061000000060 ) ) ;
#4347 = VERTEX_POINT ( 'NONE', #3728 ) ;
#4348 = CIRCLE ( 'NONE', #8163, 1.000000000000000888 ) ;
#4349 = CARTESIAN_POINT ( 'NONE',  ( -8.000000000000000000, 2.399999999999999911, -29.44999999999999929 ) ) ;
#4350 = FACE_OUTER_BOUND ( 'NONE', #8561, .T. ) ;
#4351 = DIRECTION ( 'NONE',  ( 0.000000000000000000, -1.000000000000000000, 0.000000000000000000 ) ) ;
#4352 = VERTEX_POINT ( 'NONE', #3635 ) ;
#4353 = AXIS2_PLACEMENT_3D ( 'NONE', #3322, #702, #9044 ) ;
#4354 = ORIENTED_EDGE ( 'NONE', *, *, #2991, .T. ) ;
#4355 = AXIS2_PLACEMENT_3D ( 'NONE', #7074, #4186, #64 ) ;
#4356 = EDGE_CURVE ( 'NONE', #4460, #633, #2140, .T. ) ;
#4357 = ORIENTED_EDGE ( 'NONE', *, *, #404, .T. ) ;
#4358 = DIRECTION ( 'NONE',  ( 0.000000000000000000, 0.000000000000000000, -1.000000000000000000 ) ) ;
#4359 = CARTESIAN_POINT ( 'NONE',  ( 46.53155113837348011, 6.000000000000633271, 5.999999999996857625 ) ) ;
#4360 = CARTESIAN_POINT ( 'NONE',  ( -65.00000000000000000, 6.499999999999999112, 1.999999999999999112 ) ) ;
#4361 = DIRECTION ( 'NONE',  ( 0.5773502691896227335, 0.5773502691896317263, -0.5773502691896227335 ) ) ;
#4362 = ADVANCED_FACE ( 'NONE', ( #7940 ), #2300, .F. ) ;
#4363 = AXIS2_PLACEMENT_3D ( 'NONE', #4591, #7389, #284 ) ;
#4364 = VECTOR ( 'NONE', #385, 1000.000000000000000 ) ;
#4365 = EDGE_LOOP ( 'NONE', ( #2367, #3968, #326, #3670 ) ) ;
#4366 = DIRECTION ( 'NONE',  ( 0.000000000000000000, 1.000000000000000000, 0.000000000000000000 ) ) ;
#4367 = VERTEX_POINT ( 'NONE', #2347 ) ;
#4368 = LINE ( 'NONE', #7162, #1690 ) ;
#4369 = CARTESIAN_POINT ( 'NONE',  ( -7.007730449717573862, 4.000000000000000000, -54.89605069501993029 ) ) ;
#4370 = LINE ( 'NONE', #5055, #7280 ) ;
#4371 = ORIENTED_EDGE ( 'NONE', *, *, #554, .T. ) ;
#4372 = FACE_OUTER_BOUND ( 'NONE', #1489, .T. ) ;
#4373 = DIRECTION ( 'NONE',  ( 1.000000000000000000, 0.000000000000000000, 0.000000000000000000 ) ) ;
#4374 = CARTESIAN_POINT ( 'NONE',  ( 8.000000000000000000, 0.000000000000000000, -30.45000000000000284 ) ) ;
#4375 = ORIENTED_EDGE ( 'NONE', *, *, #3604, .F. ) ;
#4376 = CARTESIAN_POINT ( 'NONE',  ( -65.00000000000000000, 4.000000000000000000, 7.499999999999999112 ) ) ;
#4377 = EDGE_CURVE ( 'NONE', #2659, #4008, #1562, .T. ) ;
#4378 = CARTESIAN_POINT ( 'NONE',  ( 35.00000000000000000, 4.000000000000000000, 0.000000000000000000 ) ) ;
#4379 = ORIENTED_EDGE ( 'NONE', *, *, #427, .F. ) ;
#4380 = CARTESIAN_POINT ( 'NONE',  ( 2.000000000000008882, 6.499999999999999112, 53.00000000000000000 ) ) ;
#4381 = ORIENTED_EDGE ( 'NONE', *, *, #5850, .F. ) ;
#4382 = CARTESIAN_POINT ( 'NONE',  ( -65.00000000000000000, 52.50000000000000711, -2.000000000000000888 ) ) ;
#4383 = CARTESIAN_POINT ( 'NONE',  ( 45.99999999999999289, 52.50000000000000711, 3.000000000000000000 ) ) ;
#4384 = CARTESIAN_POINT ( 'NONE',  ( 8.000000000000000000, 0.000000000000000000, -31.44999999999999929 ) ) ;
#4385 = ORIENTED_EDGE ( 'NONE', *, *, #8159, .T. ) ;
#4386 = DIRECTION ( 'NONE',  ( -1.000000000000000000, 0.000000000000000000, 0.000000000000000000 ) ) ;
#4387 = ORIENTED_EDGE ( 'NONE', *, *, #6778, .F. ) ;
#4388 = ORIENTED_EDGE ( 'NONE', *, *, #1659, .T. ) ;
#4389 = DIRECTION ( 'NONE',  ( 6.938893903907230350E-16, 0.000000000000000000, 1.000000000000000000 ) ) ;
#4390 = ORIENTED_EDGE ( 'NONE', *, *, #5388, .F. ) ;
#4391 = FACE_OUTER_BOUND ( 'NONE', #6465, .T. ) ;
#4392 = DIRECTION ( 'NONE',  ( 0.000000000000000000, 0.000000000000000000, 1.000000000000000000 ) ) ;
#4393 = EDGE_CURVE ( 'NONE', #8850, #2050, #4370, .T. ) ;
#4394 = FACE_OUTER_BOUND ( 'NONE', #6932, .T. ) ;
#4395 = ORIENTED_EDGE ( 'NONE', *, *, #1609, .T. ) ;
#4396 = ORIENTED_EDGE ( 'NONE', *, *, #3218, .T. ) ;
#4397 = ORIENTED_EDGE ( 'NONE', *, *, #8702, .F. ) ;
#4398 = CARTESIAN_POINT ( 'NONE',  ( 8.000000000000000000, 0.5000000000000000000, -23.00000000000000000 ) ) ;
#4399 = CARTESIAN_POINT ( 'NONE',  ( -3.860330366770939493E-14, 1.000000000000000000, 8.250000000000401457 ) ) ;
#4400 = DIRECTION ( 'NONE',  ( -1.000000000000000000, 0.000000000000000000, 0.000000000000000000 ) ) ;
#4401 = VERTEX_POINT ( 'NONE', #193 ) ;
#4402 = CARTESIAN_POINT ( 'NONE',  ( 2.000000000000000000, 52.50000000000000711, -53.00000000000000711 ) ) ;
#4403 = ORIENTED_EDGE ( 'NONE', *, *, #976, .F. ) ;
#4404 = CARTESIAN_POINT ( 'NONE',  ( -86.75000000000000000, 4.000000000000000000, 7.500000000000000000 ) ) ;
#4405 = CARTESIAN_POINT ( 'NONE',  ( 45.99999999999999289, 5.267766952966378646, 6.732233047033616025 ) ) ;
#4406 = VERTEX_POINT ( 'NONE', #885 ) ;
#4407 = DIRECTION ( 'NONE',  ( -1.000000000000000000, 0.000000000000000000, 0.000000000000000000 ) ) ;
#4408 = DIRECTION ( 'NONE',  ( 0.000000000000000000, 0.000000000000000000, 1.000000000000000000 ) ) ;
#4409 = DIRECTION ( 'NONE',  ( -0.9709389483281615219, 0.000000000000000000, 0.2393273043749994944 ) ) ;
#4410 = ORIENTED_EDGE ( 'NONE', *, *, #170, .F. ) ;
#4411 = CARTESIAN_POINT ( 'NONE',  ( 40.26776695296637598, 5.267766952966376870, 3.000000000000000000 ) ) ;
#4412 = CARTESIAN_POINT ( 'NONE',  ( 10.00000000000000000, 2.399999999999999911, -32.40000000000001279 ) ) ;
#4413 = LINE ( 'NONE', #6671, #3743 ) ;
#4414 = LINE ( 'NONE', #6538, #546 ) ;
#4415 = VERTEX_POINT ( 'NONE', #5727 ) ;
#4416 = DIRECTION ( 'NONE',  ( 0.000000000000000000, 0.000000000000000000, -1.000000000000000000 ) ) ;
#4417 = LINE ( 'NONE', #7918, #3750 ) ;
#4418 = FACE_OUTER_BOUND ( 'NONE', #6796, .T. ) ;
#4419 = DIRECTION ( 'NONE',  ( 0.000000000000000000, 0.000000000000000000, 1.000000000000000000 ) ) ;
#4420 = ORIENTED_EDGE ( 'NONE', *, *, #7326, .T. ) ;
#4421 = AXIS2_PLACEMENT_3D ( 'NONE', #5994, #3937, #3450 ) ;
#4422 = AXIS2_PLACEMENT_3D ( 'NONE', #7433, #1277, #5360 ) ;
#4423 = ADVANCED_FACE ( 'NONE', ( #7858 ), #8585, .F. ) ;
#4424 = ORIENTED_EDGE ( 'NONE', *, *, #4323, .T. ) ;
#4425 = AXIS2_PLACEMENT_3D ( 'NONE', #5134, #5868, #5722 ) ;
#4426 = EDGE_CURVE ( 'NONE', #4038, #4849, #1137, .T. ) ;
#4427 = DIRECTION ( 'NONE',  ( 0.000000000000000000, -1.000000000000000000, 0.000000000000000000 ) ) ;
#4428 = ORIENTED_EDGE ( 'NONE', *, *, #4550, .T. ) ;
#4429 = CARTESIAN_POINT ( 'NONE',  ( -6.990325341823533378, 3.999999999999998224, 52.99459477901500293 ) ) ;
#4430 = VECTOR ( 'NONE', #6463, 1000.000000000000000 ) ;
#4431 = EDGE_CURVE ( 'NONE', #901, #5814, #1412, .T. ) ;
#4433 = VECTOR ( 'NONE', #7789, 1000.000000000000114 ) ;
#4432 = CARTESIAN_POINT ( 'NONE',  ( -196.3386523170879912, 0.000000000000000000, -1.387778780781445991E-14 ) ) ;
#4434 = EDGE_CURVE ( 'NONE', #5570, #5867, #5137, .T. ) ;
#4435 = DIRECTION ( 'NONE',  ( 0.000000000000000000, 0.000000000000000000, -1.000000000000000000 ) ) ;
#4436 = ORIENTED_EDGE ( 'NONE', *, *, #8351, .F. ) ;
#4437 = ORIENTED_EDGE ( 'NONE', *, *, #2638, .F. ) ;
#4438 = CIRCLE ( 'NONE', #1948, 1.500000000000000000 ) ;
#4439 = CIRCLE ( 'NONE', #4737, 6.500000000000000000 ) ;
#4440 = EDGE_LOOP ( 'NONE', ( #8173, #2643, #4990, #5230, #4273 ) ) ;
#4441 = DIRECTION ( 'NONE',  ( 0.000000000000000000, 0.000000000000000000, 1.000000000000000000 ) ) ;
#4442 = CARTESIAN_POINT ( 'NONE',  ( 20.00000000000000000, 3.500000000000000000, 0.000000000000000000 ) ) ;
#4443 = CARTESIAN_POINT ( 'NONE',  ( 41.87867965642764290, 8.406794345965735715, 5.121320343546922338 ) ) ;
#4444 = LINE ( 'NONE', #7158, #5215 ) ;
#4445 = VECTOR ( 'NONE', #3706, 1000.000000000000000 ) ;
#4446 = ORIENTED_EDGE ( 'NONE', *, *, #8469, .T. ) ;
#4447 = CARTESIAN_POINT ( 'NONE',  ( 41.89704966237297867, 6.897049662373007983, -6.907370939173973490 ) ) ;
#4448 = VECTOR ( 'NONE', #131, 1000.000000000000000 ) ;
#4449 = VERTEX_POINT ( 'NONE', #4405 ) ;
#4450 = CIRCLE ( 'NONE', #211, 1.500000000000001332 ) ;
#4451 = CIRCLE ( 'NONE', #4307, 1.500000000000000000 ) ;
#4452 = CARTESIAN_POINT ( 'NONE',  ( 44.00000000000000000, 52.50000000000000711, 3.000000000000000000 ) ) ;
#4453 = CARTESIAN_POINT ( 'NONE',  ( -8.000000000000000000, 0.4999999999999730216, 21.00000000000000000 ) ) ;
#4454 = ORIENTED_EDGE ( 'NONE', *, *, #6169, .T. ) ;
#4455 = CIRCLE ( 'NONE', #4891, 1.500000000000001332 ) ;
#4456 = CARTESIAN_POINT ( 'NONE',  ( 41.64288493453310025, 7.008189950669897250, -5.357115065466883763 ) ) ;
#4457 = DIRECTION ( 'NONE',  ( 0.000000000000000000, 1.000000000000000000, 0.000000000000000000 ) ) ;
#4458 = CIRCLE ( 'NONE', #7980, 2.500000000000002220 ) ;
#4459 = CARTESIAN_POINT ( 'NONE',  ( 2.000000000000000000, 52.50000000000000711, -51.50000000000000711 ) ) ;
#4460 = VERTEX_POINT ( 'NONE', #7806 ) ;
#4461 = CARTESIAN_POINT ( 'NONE',  ( -82.95000000000000284, -6.000000000000000000, 9.000000000000000000 ) ) ;
#4462 = PRODUCT_DEFINITION_FORMATION_WITH_SPECIFIED_SOURCE ( 'ไป', '', #6669, .NOT_KNOWN. ) ;
#4463 = CIRCLE ( 'NONE', #8557, 3.250000000000000444 ) ;
#4464 = AXIS2_PLACEMENT_3D ( 'NONE', #1288, #2016, #1421 ) ;
#4465 = CARTESIAN_POINT ( 'NONE',  ( -79.90000000000000568, 1.000000000000000000, 12.55000000000000071 ) ) ;
#4466 = DIRECTION ( 'NONE',  ( 2.514091994169285222E-16, 0.000000000000000000, 1.000000000000000000 ) ) ;
#4467 = CARTESIAN_POINT ( 'NONE',  ( -5.000000000000000000, 6.446630448522680190, -53.21205315406455583 ) ) ;
#4468 = ORIENTED_EDGE ( 'NONE', *, *, #5320, .F. ) ;
#4469 = DIRECTION ( 'NONE',  ( -0.000000000000000000, -1.000000000000000000, -0.000000000000000000 ) ) ;
#4470 = VECTOR ( 'NONE', #8016, 1000.000000000000000 ) ;
#4471 = VECTOR ( 'NONE', #4239, 1000.000000000000000 ) ;
#4472 = CARTESIAN_POINT ( 'NONE',  ( -66.50000000000000000, 54.00000000000000711, -2.000000000000000888 ) ) ;
#4473 = CARTESIAN_POINT ( 'NONE',  ( -8.000000000000000000, 10.00000000000000000, 25.00000000000000000 ) ) ;
#4474 = AXIS2_PLACEMENT_3D ( 'NONE', #2989, #5052, #7855 ) ;
#4475 = EDGE_CURVE ( 'NONE', #8895, #1652, #978, .T. ) ;
#4476 = DIRECTION ( 'NONE',  ( 0.000000000000000000, 0.000000000000000000, 1.000000000000000000 ) ) ;
#4477 = VERTEX_POINT ( 'NONE', #7063 ) ;
#4478 = CONICAL_SURFACE ( 'NONE', #8142, 1.500000000000001332, 0.7853981633974320697 ) ;
#4479 = ORIENTED_EDGE ( 'NONE', *, *, #423, .T. ) ;
#4480 = CARTESIAN_POINT ( 'NONE',  ( 1.658312395177696574, 4.000000000000000000, 47.50000000000000000 ) ) ;
#4481 = ORIENTED_EDGE ( 'NONE', *, *, #6838, .T. ) ;
#4482 = LINE ( 'NONE', #4575, #6941 ) ;
#4483 = CLOSED_SHELL ( 'NONE', ( #3610, #6892, #5599, #622, #1381, #8522, #2917, #680, #1527, #3518, #5999, #6639, #2131, #4882, #3636, #3270, #5827, #8426, #8924, #6506, #8944, #6912, #7254, #8816, #3249, #3319, #6450, #1078, #4362, #6218, #2473, #7462, #8074, #2870, #8236, #7682, #7181, #7477, #5723, #2834, #6535, #5880, #6336, #5833, #6275, #8600, #6620, #2027, #4627, #1190, #3255, #1866, #3659, #3474, #6174, #2019, #6659, #5445, #2798, #142, #5847, #8397, #5043, #6967, #4553, #6017, #237, #5878, #2043, #4988, #6247, #1235, #5950, #2021, #1921, #5275, #6945, #3815, #3544, #7464, #3957, #2578, #7741, #7610, #1951, #5612, #5296, #7416, #8411, #1744, #1625, #3281, #2744, #8880, #2529, #1096, #7053, #7128, #2242, #3261, #783, #8233, #2422, #1815, #4344, #8684, #8023, #1418, #2974, #1188, #1100, #4, #1459, #5543, #3321, #7600, #1926, #793, #1359, #3038, #8194, #6901, #8800, #1259, #5109, #2577, #150, #2631, #441, #4701, #5277, #7039, #8242, #1, #7143, #1577, #1759, #3773, #344, #2683, #8280, #301, #1354, #1505, #6138, #6415, #5106, #4423, #6058, #580, #5481, #7755, #4221, #6117, #4260, #8458, #1621, #6459, #2616, #8380, #5496, #4515, #7509, #6675, #5694, #6797, #5546, #6894, #6262, #5442, #3410, #8197, #5929, #3835, #3799, #8399, #1303, #2983, #8132, #7798, #3922, #7689, #5767, #6788, #6501, #7576, #351, #4680, #8172, #8541, #3395, #8306, #1965, #3385, #5641, #1340, #3768, #8039, #6522, #2041, #6503, #2024, #2605, #7341, #1645, #236, #3936, #518, #4932, #4201, #3586, #8077, #125, #1977, #4827, #292, #8512, #2855, #8136, #8803, #8222, #4106, #2533, #1192, #3868, #2179, #6653, #7467, #7950, #2699, #3536, #282, #1954, #864, #989, #1088, #7895, #6221, #4149, #6848, #4261, #1764, #8161, #7297, #8948, #5706, #6454, #2129, #7774, #5705, #6448, #5138, #2712, #8133, #169, #7756, #4829, #5783, #1074, #7177, #7879, #3597, #4003, #102, #5565, #4874, #5539, #1963, #6130, #7912, #8467, #1636, #2298, #1155, #5026, #5720, #121, #3209, #2237, #1112, #4298, #1291, #3098, #5826, #7856, #6910, #6837, #8982, #2976, #8239, #3661, #1892, #2197 ) ) ;
#4484 = CIRCLE ( 'NONE', #2440, 46.00000000000000000 ) ;
#4485 = CARTESIAN_POINT ( 'NONE',  ( 39.73223304703365244, 4.732233047033645335, -0.4603702609048100913 ) ) ;
#4486 = LINE ( 'NONE', #6032, #6643 ) ;
#4487 = EDGE_CURVE ( 'NONE', #5707, #809, #6430, .T. ) ;
#4488 = EDGE_CURVE ( 'NONE', #273, #811, #5871, .T. ) ;
#4489 = ORIENTED_EDGE ( 'NONE', *, *, #5559, .T. ) ;
#4490 = AXIS2_PLACEMENT_3D ( 'NONE', #2375, #5960, #8759 ) ;
#4491 = ORIENTED_EDGE ( 'NONE', *, *, #3944, .F. ) ;
#4492 = DIRECTION ( 'NONE',  ( 0.000000000000000000, -1.000000000000000000, 0.000000000000000000 ) ) ;
#4493 = CARTESIAN_POINT ( 'NONE',  ( 5.000000000000008882, 6.448309732394839067, 52.79729972907857416 ) ) ;
#4494 = PLANE ( 'NONE',  #8373 ) ;
#4495 = CARTESIAN_POINT ( 'NONE',  ( 5.000315289327533996, 4.417380193889619555, 53.23943179616217236 ) ) ;
#4496 = CARTESIAN_POINT ( 'NONE',  ( 4.899748647125952594, 6.484746662153502150, 52.20544389134668251 ) ) ;
#4497 = EDGE_CURVE ( 'NONE', #8493, #7535, #3585, .T. ) ;
#4498 = VECTOR ( 'NONE', #6379, 1000.000000000000000 ) ;
#4499 = ORIENTED_EDGE ( 'NONE', *, *, #3370, .T. ) ;
#4500 = CARTESIAN_POINT ( 'NONE',  ( -3.499999999999991562, 52.50000000000000711, 53.00000000000000000 ) ) ;
#4501 = CIRCLE ( 'NONE', #991, 3.000000000000002665 ) ;
#4502 = ORIENTED_EDGE ( 'NONE', *, *, #1859, .T. ) ;
#4503 = EDGE_CURVE ( 'NONE', #6035, #6144, #4317, .T. ) ;
#4504 = DIRECTION ( 'NONE',  ( 0.000000000000000000, 0.000000000000000000, 1.000000000000000000 ) ) ;
#4505 = FACE_OUTER_BOUND ( 'NONE', #7473, .T. ) ;
#4506 = EDGE_CURVE ( 'NONE', #393, #7488, #2940, .T. ) ;
#4507 = CIRCLE ( 'NONE', #997, 3.250000000000000444 ) ;
#4508 = ORIENTED_EDGE ( 'NONE', *, *, #314, .F. ) ;
#4509 = CARTESIAN_POINT ( 'NONE',  ( -0.5529233247697225018, 6.460178387863091842, -50.00000000000000000 ) ) ;
#4510 = DIRECTION ( 'NONE',  ( 0.000000000000000000, 1.000000000000000000, 0.000000000000000000 ) ) ;
#4511 = DIRECTION ( 'NONE',  ( 0.000000000000000000, 0.000000000000000000, 1.000000000000000000 ) ) ;
#4512 = ORIENTED_EDGE ( 'NONE', *, *, #2167, .F. ) ;
#4513 = CARTESIAN_POINT ( 'NONE',  ( -8.000000000000000000, 10.00000000000000000, -25.00000000000000000 ) ) ;
#4514 = EDGE_CURVE ( 'NONE', #8889, #7229, #714, .T. ) ;
#4515 = ADVANCED_FACE ( 'NONE', ( #6944 ), #1416, .F. ) ;
#4516 = FACE_OUTER_BOUND ( 'NONE', #5572, .T. ) ;
#4517 = VECTOR ( 'NONE', #3785, 1000.000000000000000 ) ;
#4518 = CARTESIAN_POINT ( 'NONE',  ( -2.000000000000000000, 52.50000000000000711, -53.00000000000000711 ) ) ;
#4519 = FACE_OUTER_BOUND ( 'NONE', #5085, .T. ) ;
#4520 = ORIENTED_EDGE ( 'NONE', *, *, #5260, .T. ) ;
#4521 = DIRECTION ( 'NONE',  ( 0.000000000000000000, -1.000000000000000000, 0.000000000000000000 ) ) ;
#4522 = DIRECTION ( 'NONE',  ( 0.000000000000000000, 0.000000000000000000, 1.000000000000000000 ) ) ;
#4523 = CARTESIAN_POINT ( 'NONE',  ( -70.50000000000000000, 4.000000000000000000, -2.000000000000000888 ) ) ;
#4524 = CARTESIAN_POINT ( 'NONE',  ( 44.00000000000000000, 5.267766952966375982, -6.732233047033617801 ) ) ;
#4525 = EDGE_CURVE ( 'NONE', #228, #2207, #1264, .T. ) ;
#4526 = ORIENTED_EDGE ( 'NONE', *, *, #3213, .F. ) ;
#4527 = DIRECTION ( 'NONE',  ( 0.000000000000000000, 0.000000000000000000, 1.000000000000000000 ) ) ;
#4528 = ORIENTED_EDGE ( 'NONE', *, *, #3479, .F. ) ;
#4529 = CARTESIAN_POINT ( 'NONE',  ( -62.00000000000000000, 54.00000000000000711, 1.999999999999999112 ) ) ;
#4530 = ORIENTED_EDGE ( 'NONE', *, *, #3655, .T. ) ;
#4531 = DIRECTION ( 'NONE',  ( 0.000000000000000000, -0.7071067811865280328, 0.7071067811865670016 ) ) ;
#4532 = LINE ( 'NONE', #4013, #947 ) ;
#4533 = CYLINDRICAL_SURFACE ( 'NONE', #6924, 1.500000000000001332 ) ;
#4534 = ORIENTED_EDGE ( 'NONE', *, *, #2929, .T. ) ;
#4535 = ORIENTED_EDGE ( 'NONE', *, *, #7185, .T. ) ;
#4536 = EDGE_LOOP ( 'NONE', ( #4388, #156, #2477, #1187 ) ) ;
#4537 = DIRECTION ( 'NONE',  ( 0.000000000000000000, 0.000000000000000000, -1.000000000000000000 ) ) ;
#4538 = DIRECTION ( 'NONE',  ( 0.000000000000000000, -1.000000000000000000, 0.000000000000000000 ) ) ;
#4539 = EDGE_CURVE ( 'NONE', #2372, #7922, #4017, .T. ) ;
#4540 = CARTESIAN_POINT ( 'NONE',  ( 41.56173135526350393, 6.794103379761391004, 5.438268644736491630 ) ) ;
#4541 = DIRECTION ( 'NONE',  ( -0.6842179927525511296, -0.7071067811865272557, -0.1784537430083735221 ) ) ;
#4542 = CARTESIAN_POINT ( 'NONE',  ( 4.970224485571001161, 4.378910007067051247, 52.52634113725156340 ) ) ;
#4543 = EDGE_CURVE ( 'NONE', #3803, #8249, #662, .T. ) ;
#4544 = ORIENTED_EDGE ( 'NONE', *, *, #5969, .F. ) ;
#4545 = FACE_OUTER_BOUND ( 'NONE', #9060, .T. ) ;
#4546 =( BOUNDED_CURVE ( )  B_SPLINE_CURVE ( 3, ( #1255, #2716, #4052, #5508 ),
 .UNSPECIFIED., .F., .F. ) 
 B_SPLINE_CURVE_WITH_KNOTS ( ( 4, 4 ),
 ( 0.7853981633974407295, 1.570796326794896558 ),
 .UNSPECIFIED. ) 
 CURVE ( )  GEOMETRIC_REPRESENTATION_ITEM ( )  RATIONAL_B_SPLINE_CURVE ( ( 1.000000000000000000, 0.9492530216741901228, 0.9492530216741901228, 1.000000000000000000 ) ) 
 REPRESENTATION_ITEM ( '' )  );
#4547 = VERTEX_POINT ( 'NONE', #1994 ) ;
#4548 = CARTESIAN_POINT ( 'NONE',  ( 48.99999999999999289, 6.157994724319951096, -5.842005275680059562 ) ) ;
#4549 = DIRECTION ( 'NONE',  ( 0.000000000000000000, 0.000000000000000000, 1.000000000000000000 ) ) ;
#4550 = EDGE_CURVE ( 'NONE', #4946, #7203, #611, .T. ) ;
#4551 = VERTEX_POINT ( 'NONE', #8224 ) ;
#4552 = CARTESIAN_POINT ( 'NONE',  ( -2.352285033424549789E-14, 0.000000000000000000, -33.89999999999999858 ) ) ;
#4553 = ADVANCED_FACE ( 'NONE', ( #6989 ), #7598, .T. ) ;
#4554 = CARTESIAN_POINT ( 'NONE',  ( -4.999999999999991118, 54.00000000000000711, 56.00000000000000000 ) ) ;
#4555 = FACE_OUTER_BOUND ( 'NONE', #2373, .T. ) ;
#4556 = EDGE_CURVE ( 'NONE', #7732, #3072, #577, .T. ) ;
#4557 = VERTEX_POINT ( 'NONE', #3371 ) ;
#4558 = CARTESIAN_POINT ( 'NONE',  ( 40.55129463877658225, 5.551294638776578694, 5.026163565335099115 ) ) ;
#4559 = EDGE_CURVE ( 'NONE', #8065, #134, #2875, .T. ) ;
#4560 = DIRECTION ( 'NONE',  ( -0.000000000000000000, -1.000000000000000000, -0.000000000000000000 ) ) ;
#4561 = B_SPLINE_CURVE_WITH_KNOTS ( 'NONE', 3,
 ( #6161, #4493, #1945, #5172, #8656, #537 ),
 .UNSPECIFIED., .F., .F.,
 ( 4, 2, 4 ),
 ( 0.000000000000000000, 0.0006077901284198815876, 0.001215580256839763175 ),
 .UNSPECIFIED. ) ;
#4562 = CARTESIAN_POINT ( 'NONE',  ( 1.658312395177696352, 6.499999999999999112, 50.00000000000000000 ) ) ;
#4563 = DIRECTION ( 'NONE',  ( 0.000000000000000000, 0.000000000000000000, 1.000000000000000000 ) ) ;
#4564 = EDGE_CURVE ( 'NONE', #1661, #8297, #4054, .T. ) ;
#4565 = ORIENTED_EDGE ( 'NONE', *, *, #7485, .F. ) ;
#4566 = CARTESIAN_POINT ( 'NONE',  ( -87.00000000000000000, 1.000000000000000000, 0.000000000000000000 ) ) ;
#4567 = CARTESIAN_POINT ( 'NONE',  ( 2.000000000000008882, 52.50000000000000711, 56.00000000000000000 ) ) ;
#4568 = DIRECTION ( 'NONE',  ( -0.7071067811865475727, 0.7071067811865475727, 0.000000000000000000 ) ) ;
#4569 = ORIENTED_EDGE ( 'NONE', *, *, #1859, .F. ) ;
#4570 = DIRECTION ( 'NONE',  ( 0.000000000000000000, -1.000000000000000000, 0.000000000000000000 ) ) ;
#4571 = ORIENTED_EDGE ( 'NONE', *, *, #2037, .T. ) ;
#4572 = CARTESIAN_POINT ( 'NONE',  ( -78.89999999999999147, 1.000000000000000000, -10.25000000000000000 ) ) ;
#4573 = ORIENTED_EDGE ( 'NONE', *, *, #4604, .F. ) ;
#4574 = FACE_OUTER_BOUND ( 'NONE', #710, .T. ) ;
#4575 = CARTESIAN_POINT ( 'NONE',  ( 8.000000000000000000, 4.000000000000000000, -20.50000000000000000 ) ) ;
#4576 = LINE ( 'NONE', #5355, #5031 ) ;
#4577 = VECTOR ( 'NONE', #5708, 1000.000000000000000 ) ;
#4578 = ORIENTED_EDGE ( 'NONE', *, *, #8960, .T. ) ;
#4579 = VERTEX_POINT ( 'NONE', #6298 ) ;
#4580 = ORIENTED_EDGE ( 'NONE', *, *, #3991, .F. ) ;
#4581 = AXIS2_PLACEMENT_3D ( 'NONE', #6386, #7942, #6473 ) ;
#4582 = CARTESIAN_POINT ( 'NONE',  ( -4.761394580298129675, 6.499999999999999112, -51.82752399943534272 ) ) ;
#4583 = VECTOR ( 'NONE', #5624, 1000.000000000000000 ) ;
#4584 = DIRECTION ( 'NONE',  ( -0.1692299598466614208, 0.7071067811865537900, 0.6865575144809707986 ) ) ;
#4585 = CARTESIAN_POINT ( 'NONE',  ( 4.877111879684297158, 4.247321242193420332, 52.12014274747127729 ) ) ;
#4586 = EDGE_LOOP ( 'NONE', ( #7245, #6021, #6295, #2502, #8649, #5613, #873 ) ) ;
#4587 = CARTESIAN_POINT ( 'NONE',  ( -65.00000000000000000, 52.50000000000000711, 1.999999999999999112 ) ) ;
#4588 = EDGE_CURVE ( 'NONE', #3166, #1035, #8014, .T. ) ;
#4589 = AXIS2_PLACEMENT_3D ( 'NONE', #5764, #2291, #1506 ) ;
#4590 = EDGE_LOOP ( 'NONE', ( #4173, #8666, #2738, #215 ) ) ;
#4591 = CARTESIAN_POINT ( 'NONE',  ( -82.15000000000000568, 1.500000000000000000, -4.500000000000000000 ) ) ;
#4592 = FACE_OUTER_BOUND ( 'NONE', #8528, .T. ) ;
#4593 = ORIENTED_EDGE ( 'NONE', *, *, #4141, .T. ) ;
#4594 = LINE ( 'NONE', #8176, #1942 ) ;
#4595 = DIRECTION ( 'NONE',  ( 0.000000000000000000, -1.000000000000000000, 0.000000000000000000 ) ) ;
#4596 = CONICAL_SURFACE ( 'NONE', #7817, 1.500000000000001332, 0.7853981633974362886 ) ;
#4597 = FACE_OUTER_BOUND ( 'NONE', #5604, .T. ) ;
#4598 =( BOUNDED_CURVE ( )  B_SPLINE_CURVE ( 3, ( #2312, #5107, #5195, #8635 ),
 .UNSPECIFIED., .F., .F. ) 
 B_SPLINE_CURVE_WITH_KNOTS ( ( 4, 4 ),
 ( 5.497787143782138841, 6.283185307179586232 ),
 .UNSPECIFIED. ) 
 CURVE ( )  GEOMETRIC_REPRESENTATION_ITEM ( )  RATIONAL_B_SPLINE_CURVE ( ( 1.000000000000000000, 0.9492530216741912330, 0.9492530216741912330, 1.000000000000000000 ) ) 
 REPRESENTATION_ITEM ( '' )  );
#4599 = EDGE_LOOP ( 'NONE', ( #5713, #5799, #921, #3805 ) ) ;
#4600 = CARTESIAN_POINT ( 'NONE',  ( 2.000000000000008882, 6.500000000000000888, 47.50000000000000000 ) ) ;
#4601 = EDGE_CURVE ( 'NONE', #7535, #3140, #7130, .T. ) ;
#4602 = EDGE_CURVE ( 'NONE', #1123, #1273, #1310, .T. ) ;
#4603 = AXIS2_PLACEMENT_3D ( 'NONE', #2809, #70, #4935 ) ;
#4604 = EDGE_CURVE ( 'NONE', #2916, #8178, #4348, .T. ) ;
#4605 = VERTEX_POINT ( 'NONE', #2806 ) ;
#4606 = AXIS2_PLACEMENT_3D ( 'NONE', #5701, #8410, #7685 ) ;
#4607 = DIRECTION ( 'NONE',  ( -1.000000000000000000, 0.000000000000000000, 0.000000000000000000 ) ) ;
#4608 = CIRCLE ( 'NONE', #7832, 2.000000000000001776 ) ;
#4609 = EDGE_CURVE ( 'NONE', #3803, #1401, #97, .T. ) ;
#4610 = DIRECTION ( 'NONE',  ( -1.000000000000000000, 0.000000000000000000, 0.000000000000000000 ) ) ;
#4611 = ORIENTED_EDGE ( 'NONE', *, *, #5112, .F. ) ;
#4612 = EDGE_CURVE ( 'NONE', #1044, #3803, #7678, .T. ) ;
#4613 = CARTESIAN_POINT ( 'NONE',  ( 1.836970198721025250E-16, 0.000000000000000000, 46.50000000000000000 ) ) ;
#4614 = CARTESIAN_POINT ( 'NONE',  ( -92.00000000000000000, 4.000000000000000000, -15.25000000000000000 ) ) ;
#4616 = CARTESIAN_POINT ( 'NONE',  ( 5.829055742904613737E-16, 4.408248290463852470, -49.99999999999999289 ) ) ;
#4615 = VECTOR ( 'NONE', #1304, 1000.000000000000000 ) ;
#4617 = MECHANICAL_DESIGN_GEOMETRIC_PRESENTATION_REPRESENTATION (  '', ( #1384 ), #7250 ) ;
#4618 = VECTOR ( 'NONE', #466, 1000.000000000000000 ) ;
#4619 = EDGE_CURVE ( 'NONE', #5654, #7665, #8404, .T. ) ;
#4620 = CARTESIAN_POINT ( 'NONE',  ( 0.000000000000000000, 3.500000000000000000, 59.00000000000000000 ) ) ;
#4621 = CARTESIAN_POINT ( 'NONE',  ( 47.75735931288071612, 7.035533905932730647, 6.000000000000000000 ) ) ;
#4622 = ORIENTED_EDGE ( 'NONE', *, *, #7132, .F. ) ;
#4623 = AXIS2_PLACEMENT_3D ( 'NONE', #2381, #5910, #2480 ) ;
#4624 = CARTESIAN_POINT ( 'NONE',  ( 43.19371669380592493, 7.035533905932729759, -6.000000000000000888 ) ) ;
#4625 = AXIS2_PLACEMENT_3D ( 'NONE', #2042, #8406, #4190 ) ;
#4626 = VERTEX_POINT ( 'NONE', #4931 ) ;
#4627 = ADVANCED_FACE ( 'NONE', ( #7733 ), #2448, .T. ) ;
#4628 = CARTESIAN_POINT ( 'NONE',  ( 44.00000000000000000, 54.00000000000000711, -6.000000000000000000 ) ) ;
#4629 = CARTESIAN_POINT ( 'NONE',  ( 42.48444683104212771, 7.484446831042171233, 5.721451919880730763 ) ) ;
#4630 = CARTESIAN_POINT ( 'NONE',  ( -8.000000000000000000, 0.5000000000000000000, -21.00000000000000000 ) ) ;
#4631 = CARTESIAN_POINT ( 'NONE',  ( -1.999999999999991340, 54.00000000000000711, 51.50000000000000711 ) ) ;
#4632 = AXIS2_PLACEMENT_3D ( 'NONE', #1986, #4056, #8870 ) ;
#4633 = EDGE_CURVE ( 'NONE', #5368, #7010, #939, .T. ) ;
#4634 = ORIENTED_EDGE ( 'NONE', *, *, #2670, .F. ) ;
#4635 = EDGE_CURVE ( 'NONE', #2555, #1163, #7220, .T. ) ;
#4636 = ORIENTED_EDGE ( 'NONE', *, *, #1638, .F. ) ;
#4637 = ORIENTED_EDGE ( 'NONE', *, *, #2003, .T. ) ;
#4638 = FACE_OUTER_BOUND ( 'NONE', #5683, .T. ) ;
#4639 = AXIS2_PLACEMENT_3D ( 'NONE', #1932, #7452, #1171 ) ;
#4640 = AXIS2_PLACEMENT_3D ( 'NONE', #2763, #8393, #605 ) ;
#4641 = DIRECTION ( 'NONE',  ( 0.000000000000000000, 0.000000000000000000, 1.000000000000000000 ) ) ;
#4642 = CARTESIAN_POINT ( 'NONE',  ( 5.000000000000011546, 4.414471088662175191, 52.99551012850319154 ) ) ;
#4643 = VERTEX_POINT ( 'NONE', #7775 ) ;
#4644 = CONICAL_SURFACE ( 'NONE', #6243, 1.500000000000001332, 0.5779019369622463431 ) ;
#4645 = AXIS2_PLACEMENT_3D ( 'NONE', #5680, #5132, #2292 ) ;
#4646 = EDGE_CURVE ( 'NONE', #3010, #7048, #6844, .T. ) ;
#4647 = ORIENTED_EDGE ( 'NONE', *, *, #675, .F. ) ;
#4648 = DIRECTION ( 'NONE',  ( 0.000000000000000000, -1.000000000000000000, 0.000000000000000000 ) ) ;
#4649 = DIRECTION ( 'NONE',  ( 0.000000000000000000, -1.000000000000000000, 0.000000000000000000 ) ) ;
#4650 = ORIENTED_EDGE ( 'NONE', *, *, #3240, .T. ) ;
#4651 = DIRECTION ( 'NONE',  ( 0.000000000000000000, 1.000000000000000000, 0.000000000000000000 ) ) ;
#4652 = DIRECTION ( 'NONE',  ( 0.3908253335215549629, 7.705735663791466522E-16, -0.9204648600993770025 ) ) ;
#4653 = AXIS2_PLACEMENT_3D ( 'NONE', #101, #245, #8664 ) ;
#4654 = DIRECTION ( 'NONE',  ( 0.5830680359095238297, 0.7071067811865567876, 0.4000395799175338052 ) ) ;
#4655 = ORIENTED_EDGE ( 'NONE', *, *, #1624, .F. ) ;
#4656 = CARTESIAN_POINT ( 'NONE',  ( -79.90000000000000568, 1.000000000000000000, 13.54999999999999893 ) ) ;
#4657 = ORIENTED_EDGE ( 'NONE', *, *, #8554, .F. ) ;
#4658 = AXIS2_PLACEMENT_3D ( 'NONE', #6287, #4782, #6802 ) ;
#4659 = CARTESIAN_POINT ( 'NONE',  ( 4.999697452905159878, 4.411679540419223500, -52.76144518966551544 ) ) ;
#4660 = CARTESIAN_POINT ( 'NONE',  ( 4.977472311430791052, 6.456637480609306756, -53.42236935856769264 ) ) ;
#4661 = ORIENTED_EDGE ( 'NONE', *, *, #3954, .F. ) ;
#4662 = CARTESIAN_POINT ( 'NONE',  ( 39.73223304703365244, 4.732233047033645335, 6.000000000000000000 ) ) ;
#4663 = EDGE_CURVE ( 'NONE', #7048, #134, #5063, .T. ) ;
#4664 = DIRECTION ( 'NONE',  ( -1.000000000000000000, 0.000000000000000000, 0.000000000000000000 ) ) ;
#4665 = LINE ( 'NONE', #7497, #2408 ) ;
#4666 = EDGE_CURVE ( 'NONE', #1035, #7807, #8234, .T. ) ;
#4667 = AXIS2_PLACEMENT_3D ( 'NONE', #4263, #4310, #8526 ) ;
#4668 = AXIS2_PLACEMENT_3D ( 'NONE', #4513, #4326, #987 ) ;
#4669 = FACE_OUTER_BOUND ( 'NONE', #8063, .T. ) ;
#4670 = DIRECTION ( 'NONE',  ( -0.6842179927525511296, -0.7071067811865272557, 0.1784537430083735221 ) ) ;
#4671 = ORIENTED_EDGE ( 'NONE', *, *, #283, .T. ) ;
#4672 = LINE ( 'NONE', #7500, #369 ) ;
#4673 = ORIENTED_EDGE ( 'NONE', *, *, #3390, .T. ) ;
#4674 = CARTESIAN_POINT ( 'NONE',  ( -8.000000000000000000, 10.00000000000000000, -23.00000000000000000 ) ) ;
#4675 = DIRECTION ( 'NONE',  ( 0.000000000000000000, 1.000000000000000000, 0.000000000000000000 ) ) ;
#4676 = ORIENTED_EDGE ( 'NONE', *, *, #2581, .T. ) ;
#4677 = ORIENTED_EDGE ( 'NONE', *, *, #7331, .F. ) ;
#4678 = ORIENTED_EDGE ( 'NONE', *, *, #7188, .T. ) ;
#4679 = CARTESIAN_POINT ( 'NONE',  ( -7.062556730546565298, 4.000000000000000000, -50.85046066563145217 ) ) ;
#4680 = ADVANCED_FACE ( 'NONE', ( #3739 ), #6482, .F. ) ;
#4681 = CARTESIAN_POINT ( 'NONE',  ( 39.84022050117850000, 4.000000000000000000, 9.035533905932723542 ) ) ;
#4682 = DIRECTION ( 'NONE',  ( 0.000000000000000000, 1.000000000000000000, 0.000000000000000000 ) ) ;
#4683 = VERTEX_POINT ( 'NONE', #5014 ) ;
#4684 = CARTESIAN_POINT ( 'NONE',  ( 42.47865460874999854, 3.499999999999972022, 8.824518986904589468 ) ) ;
#4685 = ORIENTED_EDGE ( 'NONE', *, *, #4431, .T. ) ;
#4686 = DIRECTION ( 'NONE',  ( -1.000000000000000000, 0.000000000000000000, 0.000000000000000000 ) ) ;
#4687 = DIRECTION ( 'NONE',  ( 0.000000000000000000, -1.000000000000000000, 0.000000000000000000 ) ) ;
#4688 = DIRECTION ( 'NONE',  ( 0.000000000000000000, 0.000000000000000000, 1.000000000000000000 ) ) ;
#4689 = DIRECTION ( 'NONE',  ( 0.000000000000000000, 0.8376105968386138301, -0.5462677805469229320 ) ) ;
#4690 = DIRECTION ( 'NONE',  ( 0.000000000000000000, 0.7071067811865600072, 0.7071067811865350272 ) ) ;
#4691 = ORIENTED_EDGE ( 'NONE', *, *, #5687, .F. ) ;
#4692 = CARTESIAN_POINT ( 'NONE',  ( 41.09656912459740852, 6.096569124597420952, 5.903430875402586153 ) ) ;
#4693 = ORIENTED_EDGE ( 'NONE', *, *, #3428, .T. ) ;
#4694 = CARTESIAN_POINT ( 'NONE',  ( 4.999999999999999112, 6.448307103004647267, -52.79794915917162257 ) ) ;
#4695 = DIRECTION ( 'NONE',  ( 0.000000000000000000, -1.000000000000000000, 0.000000000000000000 ) ) ;
#4696 = ORIENTED_EDGE ( 'NONE', *, *, #5559, .F. ) ;
#4697 = FACE_OUTER_BOUND ( 'NONE', #6836, .T. ) ;
#4698 = PLANE ( 'NONE',  #6228 ) ;
#4699 = FACE_OUTER_BOUND ( 'NONE', #4855, .T. ) ;
#4700 = CARTESIAN_POINT ( 'NONE',  ( -94.84670929581497489, 3.768113210212166830, 15.08507979628166495 ) ) ;
#4701 = ADVANCED_FACE ( 'NONE', ( #2950 ), #2858, .F. ) ;
#4702 = FACE_OUTER_BOUND ( 'NONE', #3252, .T. ) ;
#4703 = DIRECTION ( 'NONE',  ( -0.000000000000000000, 1.000000000000000000, -0.000000000000000000 ) ) ;
#4704 = ORIENTED_EDGE ( 'NONE', *, *, #2284, .T. ) ;
#4705 = DIRECTION ( 'NONE',  ( -2.514091994169285222E-16, 0.000000000000000000, -1.000000000000000000 ) ) ;
#4706 = CARTESIAN_POINT ( 'NONE',  ( -89.25000000000000000, 1.000000000000000000, -8.500000000000000000 ) ) ;
#4707 = DIRECTION ( 'NONE',  ( 9.050731179009428576E-16, 0.000000000000000000, 1.000000000000000000 ) ) ;
#4708 = LINE ( 'NONE', #1405, #4875 ) ;
#4709 = ORIENTED_EDGE ( 'NONE', *, *, #2424, .T. ) ;
#4710 = EDGE_CURVE ( 'NONE', #6283, #4760, #4414, .T. ) ;
#4711 = EDGE_LOOP ( 'NONE', ( #2293, #6222, #5419, #6673 ) ) ;
#4712 = EDGE_CURVE ( 'NONE', #8183, #5956, #6705, .T. ) ;
#4713 = VERTEX_POINT ( 'NONE', #7820 ) ;
#4714 = EDGE_CURVE ( 'NONE', #940, #6002, #7720, .T. ) ;
#4715 = CARTESIAN_POINT ( 'NONE',  ( -4.761394580298130563, 4.000000000000007105, -51.82752399943533561 ) ) ;
#4716 = EDGE_CURVE ( 'NONE', #4779, #29, #4501, .T. ) ;
#4717 = DIRECTION ( 'NONE',  ( 0.000000000000000000, 0.000000000000000000, -1.000000000000000000 ) ) ;
#4718 = CARTESIAN_POINT ( 'NONE',  ( 53.48771061000000060, 3.499999999999972022, 53.48771061000000060 ) ) ;
#4719 = ORIENTED_EDGE ( 'NONE', *, *, #4497, .F. ) ;
#4720 = DIRECTION ( 'NONE',  ( 0.000000000000000000, 1.000000000000000000, 0.000000000000000000 ) ) ;
#4721 = ORIENTED_EDGE ( 'NONE', *, *, #5207, .T. ) ;
#4722 = VECTOR ( 'NONE', #3588, 999.9999999999998863 ) ;
#4723 = AXIS2_PLACEMENT_3D ( 'NONE', #2961, #5895, #355 ) ;
#4724 = CARTESIAN_POINT ( 'NONE',  ( 53.48771061000000060, 4.000000000000000000, -53.48771061000000060 ) ) ;
#4725 = CARTESIAN_POINT ( 'NONE',  ( -63.50000000000000000, 52.50000000000000711, 1.999999999999999112 ) ) ;
#4726 = DIRECTION ( 'NONE',  ( 0.000000000000000000, -1.000000000000000000, 0.000000000000000000 ) ) ;
#4727 = LINE ( 'NONE', #2446, #6966 ) ;
#4728 = CIRCLE ( 'NONE', #2384, 46.50000000000000000 ) ;
#4729 = ORIENTED_EDGE ( 'NONE', *, *, #3091, .F. ) ;
#4730 = CARTESIAN_POINT ( 'NONE',  ( -79.14999999999999147, 4.000000000000000000, 7.750000000000000000 ) ) ;
#4731 = AXIS2_PLACEMENT_3D ( 'NONE', #591, #2746, #2650 ) ;
#4732 = VERTEX_POINT ( 'NONE', #2357 ) ;
#4733 = CARTESIAN_POINT ( 'NONE',  ( -8.000000000000000000, 0.5000000000000000000, -21.00000000000000000 ) ) ;
#4734 = VECTOR ( 'NONE', #1698, 1000.000000000000000 ) ;
#4735 = CARTESIAN_POINT ( 'NONE',  ( 2.000000000000008882, 54.00000000000000711, 53.00000000000000000 ) ) ;
#4736 = VERTEX_POINT ( 'NONE', #5068 ) ;
#4737 = AXIS2_PLACEMENT_3D ( 'NONE', #3339, #6953, #3466 ) ;
#4738 = FACE_OUTER_BOUND ( 'NONE', #1360, .T. ) ;
#4739 = CARTESIAN_POINT ( 'NONE',  ( 43.21004863337543611, 7.180428588776061716, 5.920966536630282384 ) ) ;
#4740 = DIRECTION ( 'NONE',  ( -8.673617379884038430E-16, 0.000000000000000000, 1.000000000000000000 ) ) ;
#4741 = CARTESIAN_POINT ( 'NONE',  ( -94.83354078412321542, 3.763059071900275665, 14.96126903379622952 ) ) ;
#4742 = VECTOR ( 'NONE', #1497, 1000.000000000000000 ) ;
#4743 = EDGE_CURVE ( 'NONE', #3642, #6254, #2004, .T. ) ;
#4744 = CARTESIAN_POINT ( 'NONE',  ( -24.77192307692305207, 1.000000000000000000, -31.84961538461535113 ) ) ;
#4745 = CARTESIAN_POINT ( 'NONE',  ( -7.611023491189000900, 3.500000000000000000, 56.85365460874999854 ) ) ;
#4746 = VERTEX_POINT ( 'NONE', #2211 ) ;
#4747 = AXIS2_PLACEMENT_3D ( 'NONE', #5924, #5875, #2394 ) ;
#4748 = CARTESIAN_POINT ( 'NONE',  ( -8.000000000000000000, 0.000000000000000000, -29.44999999999999929 ) ) ;
#4749 = VECTOR ( 'NONE', #6889, 1000.000000000000000 ) ;
#4750 = EDGE_CURVE ( 'NONE', #6092, #940, #6344, .T. ) ;
#4751 = CIRCLE ( 'NONE', #7537, 1.500000000000001332 ) ;
#4752 = CARTESIAN_POINT ( 'NONE',  ( 41.00000000000000711, 6.000000000000013323, 3.000000000000000444 ) ) ;
#4753 = DIRECTION ( 'NONE',  ( 0.000000000000000000, 0.000000000000000000, -1.000000000000000000 ) ) ;
#4754 = AXIS2_PLACEMENT_3D ( 'NONE', #5635, #3486, #7758 ) ;
#4755 = CARTESIAN_POINT ( 'NONE',  ( 43.22994867511357597, 4.268930677986658928, -7.847386631347170294 ) ) ;
#4756 = ORIENTED_EDGE ( 'NONE', *, *, #8691, .T. ) ;
#4757 = VECTOR ( 'NONE', #5303, 1000.000000000000114 ) ;
#4758 = AXIS2_PLACEMENT_3D ( 'NONE', #2376, #8707, #367 ) ;
#4759 = ORIENTED_EDGE ( 'NONE', *, *, #1069, .F. ) ;
#4760 = VERTEX_POINT ( 'NONE', #8455 ) ;
#4761 = CARTESIAN_POINT ( 'NONE',  ( -6.994297151823776204, 4.000000000025827340, -52.62008077245521065 ) ) ;
#4762 = DIRECTION ( 'NONE',  ( 0.7071067811865475727, -0.7071067811865475727, 3.271025955591202106E-15 ) ) ;
#4763 = CIRCLE ( 'NONE', #2710, 1.500000000000001332 ) ;
#4765 = EDGE_CURVE ( 'NONE', #3155, #4915, #3188, .T. ) ;
#4764 = VECTOR ( 'NONE', #7271, 1000.000000000000000 ) ;
#4766 = LINE ( 'NONE', #3346, #8270 ) ;
#4767 = ORIENTED_EDGE ( 'NONE', *, *, #8083, .F. ) ;
#4768 = DIRECTION ( 'NONE',  ( 0.000000000000000000, 0.000000000000000000, -1.000000000000000000 ) ) ;
#4769 = VERTEX_POINT ( 'NONE', #3646 ) ;
#4770 = AXIS2_PLACEMENT_3D ( 'NONE', #1201, #1063, #6662 ) ;
#4771 = CARTESIAN_POINT ( 'NONE',  ( -35.00000000000000000, 1.699999999999999956, 0.000000000000000000 ) ) ;
#4772 = DIRECTION ( 'NONE',  ( 0.000000000000000000, 0.7071067811865280328, -0.7071067811865670016 ) ) ;
#4773 = DIRECTION ( 'NONE',  ( 0.000000000000000000, 0.000000000000000000, 1.000000000000000000 ) ) ;
#4774 = CARTESIAN_POINT ( 'NONE',  ( 53.48771061000000060, 0.5000000000000071054, -53.48771061000000060 ) ) ;
#4775 = CIRCLE ( 'NONE', #3336, 0.2500000000000002220 ) ;
#4776 = EDGE_LOOP ( 'NONE', ( #2688, #5400, #7144, #6596 ) ) ;
#4777 = CARTESIAN_POINT ( 'NONE',  ( 4.889887474068689954, 6.483409382741010418, -53.83195584965893943 ) ) ;
#4778 = AXIS2_PLACEMENT_3D ( 'NONE', #7249, #878, #1647 ) ;
#4779 = VERTEX_POINT ( 'NONE', #6440 ) ;
#4780 = EDGE_CURVE ( 'NONE', #5015, #8107, #5737, .T. ) ;
#4781 = DIRECTION ( 'NONE',  ( 0.000000000000000000, -0.7071067811865474617, 0.7071067811865474617 ) ) ;
#4782 = DIRECTION ( 'NONE',  ( 0.000000000000000000, 1.000000000000000000, 0.000000000000000000 ) ) ;
#4783 = CARTESIAN_POINT ( 'NONE',  ( -89.25000000000000000, 1.000000000000000000, 8.500000000000000000 ) ) ;
#4784 = VECTOR ( 'NONE', #6279, 1000.000000000000000 ) ;
#4785 = AXIS2_PLACEMENT_3D ( 'NONE', #2897, #5829, #5685 ) ;
#4786 = ORIENTED_EDGE ( 'NONE', *, *, #7342, .F. ) ;
#4787 = CARTESIAN_POINT ( 'NONE',  ( -79.90000000000000568, 1.000000000000000000, -13.54999999999999893 ) ) ;
#4788 = DIRECTION ( 'NONE',  ( 0.000000000000000000, 0.7071067811865475727, -0.7071067811865475727 ) ) ;
#4789 = AXIS2_PLACEMENT_3D ( 'NONE', #2546, #1863, #4098 ) ;
#4790 = EDGE_CURVE ( 'NONE', #7999, #7842, #894, .T. ) ;
#4791 = DIRECTION ( 'NONE',  ( 0.000000000000000000, 0.000000000000000000, 1.000000000000000000 ) ) ;
#4792 = FACE_OUTER_BOUND ( 'NONE', #4287, .T. ) ;
#4793 = CARTESIAN_POINT ( 'NONE',  ( -94.85177759636732731, 3.763129084282795134, -15.08646057950132224 ) ) ;
#4794 = AXIS2_PLACEMENT_3D ( 'NONE', #4090, #1207, #6251 ) ;
#4795 = DIRECTION ( 'NONE',  ( 0.000000000000000000, -0.7071067811865525687, 0.7071067811865425767 ) ) ;
#4796 = DIRECTION ( 'NONE',  ( -1.000000000000000000, -0.000000000000000000, -0.000000000000000000 ) ) ;
#4797 = AXIS2_PLACEMENT_3D ( 'NONE', #8383, #2756, #6245 ) ;
#4798 = EDGE_LOOP ( 'NONE', ( #1773, #7962, #456, #6556 ) ) ;
#4799 = CARTESIAN_POINT ( 'NONE',  ( 45.99999999999999289, 5.267766952966375094, -6.732233047033618689 ) ) ;
#4800 = AXIS2_PLACEMENT_3D ( 'NONE', #5446, #1884, #6917 ) ;
#4801 = FACE_BOUND ( 'NONE', #752, .T. ) ;
#4802 = DIRECTION ( 'NONE',  ( 0.000000000000000000, 0.000000000000000000, 1.000000000000000000 ) ) ;
#4803 = FACE_OUTER_BOUND ( 'NONE', #5218, .T. ) ;
#4804 = ORIENTED_EDGE ( 'NONE', *, *, #7480, .T. ) ;
#4805 = ORIENTED_EDGE ( 'NONE', *, *, #1648, .F. ) ;
#4806 = CARTESIAN_POINT ( 'NONE',  ( -7.002861551584981470, 3.999999999967438491, -52.24772463097486508 ) ) ;
#4807 = ORIENTED_EDGE ( 'NONE', *, *, #8867, .F. ) ;
#4808 = DIRECTION ( 'NONE',  ( 0.000000000000000000, 1.000000000000000000, 0.000000000000000000 ) ) ;
#4809 = DIRECTION ( 'NONE',  ( 0.000000000000000000, 0.8376105968386138301, 0.5462677805469229320 ) ) ;
#4810 = DIRECTION ( 'NONE',  ( 0.000000000000000000, 0.000000000000000000, 1.000000000000000000 ) ) ;
#4811 = ORIENTED_EDGE ( 'NONE', *, *, #7420, .F. ) ;
#4812 = CARTESIAN_POINT ( 'NONE',  ( 53.48771061000000060, 0.000000000000000000, -53.48771061000000060 ) ) ;
#4813 = LINE ( 'NONE', #7617, #951 ) ;
#4814 = LINE ( 'NONE', #7577, #1651 ) ;
#4815 = DIRECTION ( 'NONE',  ( 0.000000000000000000, 0.000000000000000000, 1.000000000000000000 ) ) ;
#4816 = ORIENTED_EDGE ( 'NONE', *, *, #8906, .F. ) ;
#4817 = CARTESIAN_POINT ( 'NONE',  ( -86.00000000000000000, 0.000000000000000000, -12.55000000000000071 ) ) ;
#4818 = ORIENTED_EDGE ( 'NONE', *, *, #3095, .T. ) ;
#4819 = EDGE_CURVE ( 'NONE', #4732, #4367, #1144, .T. ) ;
#4820 = CYLINDRICAL_SURFACE ( 'NONE', #7995, 2.000000000000001776 ) ;
#4821 = EDGE_CURVE ( 'NONE', #1153, #4926, #5197, .T. ) ;
#4822 = CARTESIAN_POINT ( 'NONE',  ( -8.000000000000000000, 2.399999999999999911, -30.45000000000000284 ) ) ;
#4823 = CARTESIAN_POINT ( 'NONE',  ( -8.000000000000000000, 3.500000000000000000, 23.00000000000000000 ) ) ;
#4824 = ORIENTED_EDGE ( 'NONE', *, *, #3294, .F. ) ;
#4825 = FACE_OUTER_BOUND ( 'NONE', #6425, .T. ) ;
#4826 = PLANE ( 'NONE',  #2564 ) ;
#4827 = ADVANCED_FACE ( 'NONE', ( #5249 ), #3789, .T. ) ;
#4829 = ADVANCED_FACE ( 'NONE', ( #4519 ), #3608, .F. ) ;
#4828 = DIRECTION ( 'NONE',  ( -2.132165702516060417E-14, 0.000000000000000000, 1.000000000000000000 ) ) ;
#4830 = CARTESIAN_POINT ( 'NONE',  ( -78.89999999999999147, 1.000000000000000000, -12.55000000000000071 ) ) ;
#4831 = EDGE_LOOP ( 'NONE', ( #8766, #4085, #7146, #2757 ) ) ;
#4832 = CARTESIAN_POINT ( 'NONE',  ( -94.86317355065001777, 3.845915324604699759, -15.71155587438249590 ) ) ;
#4833 = DIRECTION ( 'NONE',  ( 0.000000000000000000, 0.000000000000000000, -1.000000000000000000 ) ) ;
#4834 = EDGE_CURVE ( 'NONE', #3035, #7010, #1141, .T. ) ;
#4835 = CARTESIAN_POINT ( 'NONE',  ( 4.363982878898685414, 0.000000000000000000, -17.70446108531272955 ) ) ;
#4836 = EDGE_LOOP ( 'NONE', ( #7757, #747, #3268, #6579 ) ) ;
#4837 = CARTESIAN_POINT ( 'NONE',  ( 41.09656912459740852, 6.096569124597420952, 5.903430875402586153 ) ) ;
#4838 = CARTESIAN_POINT ( 'NONE',  ( -82.95000000000000284, 4.000000000000000000, -10.25000000000000000 ) ) ;
#4839 = CARTESIAN_POINT ( 'NONE',  ( -65.00000000000000000, 6.499999999999999112, 1.999999999999999112 ) ) ;
#4840 = DIRECTION ( 'NONE',  ( -1.000000000000000000, 0.000000000000000000, 1.734723475976804876E-16 ) ) ;
#4841 = ORIENTED_EDGE ( 'NONE', *, *, #5288, .T. ) ;
#4842 = B_SPLINE_CURVE_WITH_KNOTS ( 'NONE', 3,
 ( #4548, #7306, #5917, #5184, #3856, #8625, #377, #5236, #244, #3178 ),
 .UNSPECIFIED., .F., .F.,
 ( 4, 2, 2, 2, 4 ),
 ( 1.939479807224432123E-18, 0.001760554215920914507, 0.003521108431841824676, 0.005281662647762734412, 0.007042216863683644149 ),
 .UNSPECIFIED. ) ;
#4843 = ORIENTED_EDGE ( 'NONE', *, *, #8826, .F. ) ;
#4844 = CARTESIAN_POINT ( 'NONE',  ( -82.95000000000000284, 1.000000000000000000, -10.25000000000000000 ) ) ;
#4845 = ORIENTED_EDGE ( 'NONE', *, *, #5190, .T. ) ;
#4846 = DIRECTION ( 'NONE',  ( 0.000000000000000000, 0.000000000000000000, 1.000000000000000000 ) ) ;
#4847 = LINE ( 'NONE', #7648, #188 ) ;
#4848 = EDGE_LOOP ( 'NONE', ( #109, #7007, #4410, #8700 ) ) ;
#4849 = VERTEX_POINT ( 'NONE', #7953 ) ;
#4850 = FACE_OUTER_BOUND ( 'NONE', #3334, .T. ) ;
#4851 = LINE ( 'NONE', #2653, #6356 ) ;
#4852 = PLANE ( 'NONE',  #3122 ) ;
#4853 = FACE_OUTER_BOUND ( 'NONE', #2927, .T. ) ;
#4854 = EDGE_CURVE ( 'NONE', #2874, #1966, #3650, .T. ) ;
#4855 = EDGE_LOOP ( 'NONE', ( #5121, #5401, #5562, #5223 ) ) ;
#4856 = FACE_OUTER_BOUND ( 'NONE', #1984, .T. ) ;
#4857 = VECTOR ( 'NONE', #6198, 1000.000000000000000 ) ;
#4858 = VECTOR ( 'NONE', #760, 1000.000000000000000 ) ;
#4859 = ORIENTED_EDGE ( 'NONE', *, *, #1400, .F. ) ;
#4860 = FACE_OUTER_BOUND ( 'NONE', #1329, .T. ) ;
#4861 = DIRECTION ( 'NONE',  ( 0.000000000000000000, 0.000000000000000000, 1.000000000000000000 ) ) ;
#4862 = ORIENTED_EDGE ( 'NONE', *, *, #2685, .T. ) ;
#4863 = CARTESIAN_POINT ( 'NONE',  ( 5.616384920805930214, 4.000000000000000000, -57.00000000000000000 ) ) ;
#4864 = CARTESIAN_POINT ( 'NONE',  ( 44.00000000000000000, 7.035533905932735088, -8.500000000000000000 ) ) ;
#4865 = AXIS2_PLACEMENT_3D ( 'NONE', #1238, #5490, #4768 ) ;
#4866 = CARTESIAN_POINT ( 'NONE',  ( 0.000000000000000000, 1.699999999999999956, -45.00000000000000000 ) ) ;
#4867 = DIRECTION ( 'NONE',  ( -1.000000000000000000, 0.000000000000000000, 0.000000000000000000 ) ) ;
#4868 = ORIENTED_EDGE ( 'NONE', *, *, #8428, .F. ) ;
#4869 = LINE ( 'NONE', #7027, #7392 ) ;
#4870 = EDGE_CURVE ( 'NONE', #8100, #2770, #6672, .T. ) ;
#4871 = EDGE_CURVE ( 'NONE', #5287, #1619, #693, .T. ) ;
#4872 = DIRECTION ( 'NONE',  ( 0.000000000000000000, 1.000000000000000000, 0.000000000000000000 ) ) ;
#4873 = AXIS2_PLACEMENT_3D ( 'NONE', #1464, #6512, #7795 ) ;
#4874 = ADVANCED_FACE ( 'NONE', ( #8086 ), #1804, .T. ) ;
#4875 = VECTOR ( 'NONE', #8325, 1000.000000000000000 ) ;
#4876 = EDGE_CURVE ( 'NONE', #7231, #3754, #1128, .T. ) ;
#4877 = DIRECTION ( 'NONE',  ( 0.000000000000000000, 1.000000000000000000, 0.000000000000000000 ) ) ;
#4878 = ORIENTED_EDGE ( 'NONE', *, *, #6694, .F. ) ;
#4879 = DIRECTION ( 'NONE',  ( 0.000000000000000000, -1.000000000000000000, 0.000000000000000000 ) ) ;
#4880 = FACE_BOUND ( 'NONE', #2497, .T. ) ;
#4881 = CARTESIAN_POINT ( 'NONE',  ( -79.90000000000000568, 1.000000000000000000, 13.54999999999999893 ) ) ;
#4882 = ADVANCED_FACE ( 'NONE', ( #3967 ), #1852, .F. ) ;
#4883 = CIRCLE ( 'NONE', #2816, 1.500000000000001332 ) ;
#4884 = AXIS2_PLACEMENT_3D ( 'NONE', #2217, #2866, #4386 ) ;
#4885 = DIRECTION ( 'NONE',  ( 0.000000000000000000, 0.000000000000000000, -1.000000000000000000 ) ) ;
#4886 = ORIENTED_EDGE ( 'NONE', *, *, #5271, .F. ) ;
#4887 = CIRCLE ( 'NONE', #4304, 2.500000000000000888 ) ;
#4888 = EDGE_CURVE ( 'NONE', #7803, #6092, #6102, .T. ) ;
#4889 = AXIS2_PLACEMENT_3D ( 'NONE', #4839, #4241, #1538 ) ;
#4890 = EDGE_CURVE ( 'NONE', #1173, #7042, #2592, .T. ) ;
#4891 = AXIS2_PLACEMENT_3D ( 'NONE', #3996, #8807, #8175 ) ;
#4892 = EDGE_LOOP ( 'NONE', ( #5094, #403, #2827, #1604 ) ) ;
#4893 = LINE ( 'NONE', #2818, #2079 ) ;
#4894 = EDGE_LOOP ( 'NONE', ( #3796, #6765, #1735, #8164 ) ) ;
#4895 = CARTESIAN_POINT ( 'NONE',  ( 0.000000000000000000, 54.00000000000000711, 4.500000000000000888 ) ) ;
#4896 = EDGE_CURVE ( 'NONE', #5395, #8616, #8445, .T. ) ;
#4897 = AXIS2_PLACEMENT_3D ( 'NONE', #8669, #329, #2527 ) ;
#4898 = VECTOR ( 'NONE', #299, 1000.000000000000000 ) ;
#4899 = CARTESIAN_POINT ( 'NONE',  ( 53.48771061000000060, 0.5000000000000071054, -53.48771061000000060 ) ) ;
#4900 = EDGE_CURVE ( 'NONE', #9039, #5654, #7286, .T. ) ;
#4901 = CIRCLE ( 'NONE', #8408, 6.000000000000000000 ) ;
#4902 = ORIENTED_EDGE ( 'NONE', *, *, #851, .F. ) ;
#4903 = ORIENTED_EDGE ( 'NONE', *, *, #6616, .T. ) ;
#4904 = CONICAL_SURFACE ( 'NONE', #4162, 46.00000000000000000, 0.7853981633974758125 ) ;
#4905 = CARTESIAN_POINT ( 'NONE',  ( 45.99999999999999289, 52.50000000000000711, 3.000000000000000000 ) ) ;
#4906 = LINE ( 'NONE', #559, #2409 ) ;
#4907 = AXIS2_PLACEMENT_3D ( 'NONE', #3232, #5292, #394 ) ;
#4908 = CARTESIAN_POINT ( 'NONE',  ( 35.00000000000000000, 0.000000000000000000, 1.500000000000000000 ) ) ;
#4909 = CARTESIAN_POINT ( 'NONE',  ( -93.06768137013648357, 4.000000000000000000, 28.33212343854054893 ) ) ;
#4910 = ORIENTED_EDGE ( 'NONE', *, *, #8906, .T. ) ;
#4911 = CARTESIAN_POINT ( 'NONE',  ( 5.000000000000000000, 6.447489024775973299, -53.00000000000000000 ) ) ;
#4912 = EDGE_CURVE ( 'NONE', #7532, #3391, #2066, .T. ) ;
#4913 = VECTOR ( 'NONE', #4011, 1000.000000000000114 ) ;
#4914 = TOROIDAL_SURFACE ( 'NONE', #4180, 5.500000000000000000, 2.500000000000000000 ) ;
#4915 = VERTEX_POINT ( 'NONE', #8346 ) ;
#4916 = LINE ( 'NONE', #7018, #5489 ) ;
#4917 = FACE_OUTER_BOUND ( 'NONE', #552, .T. ) ;
#4918 = FACE_OUTER_BOUND ( 'NONE', #4892, .T. ) ;
#4919 = EDGE_LOOP ( 'NONE', ( #8477, #3945, #2617, #6188 ) ) ;
#4920 = CARTESIAN_POINT ( 'NONE',  ( 35.00000000000000000, 1.699999999999999956, 1.500000000000000000 ) ) ;
#4921 = LINE ( 'NONE', #3401, #1987 ) ;
#4922 = AXIS2_PLACEMENT_3D ( 'NONE', #8731, #1666, #8048 ) ;
#4923 = CIRCLE ( 'NONE', #2287, 1.999999999999998224 ) ;
#4924 = CARTESIAN_POINT ( 'NONE',  ( 44.00000000000000000, 5.267766952966375982, 6.732233047033617801 ) ) ;
#4925 = LINE ( 'NONE', #7025, #4021 ) ;
#4926 = VERTEX_POINT ( 'NONE', #1298 ) ;
#4927 = CARTESIAN_POINT ( 'NONE',  ( 49.31802322192592669, 9.666607505181197268, -2.333392494815319296 ) ) ;
#4928 = DIRECTION ( 'NONE',  ( 0.000000000000000000, 0.000000000000000000, 1.000000000000000000 ) ) ;
#4929 = CONICAL_SURFACE ( 'NONE', #1999, 2.000000000000001776, 0.7853981633974476129 ) ;
#4930 = ORIENTED_EDGE ( 'NONE', *, *, #8145, .T. ) ;
#4931 = CARTESIAN_POINT ( 'NONE',  ( -1.999999999999991340, 52.50000000000000711, 50.00000000000000000 ) ) ;
#4932 = ADVANCED_FACE ( 'NONE', ( #526 ), #6883, .T. ) ;
#4933 = ORIENTED_EDGE ( 'NONE', *, *, #1865, .T. ) ;
#4934 = CARTESIAN_POINT ( 'NONE',  ( 45.99999999999999289, 54.00000000000000711, 6.000000000000000000 ) ) ;
#4935 = DIRECTION ( 'NONE',  ( 0.000000000000000000, 0.000000000000000000, -1.000000000000000000 ) ) ;
#4936 = DIRECTION ( 'NONE',  ( -1.000000000000000000, 4.336808689942075323E-15, 0.000000000000000000 ) ) ;
#4937 = TOROIDAL_SURFACE ( 'NONE', #5086, 1.500000000000000000, 1.500000000000000000 ) ;
#4938 = ORIENTED_EDGE ( 'NONE', *, *, #4602, .T. ) ;
#4939 = DIRECTION ( 'NONE',  ( 0.000000000000000000, 0.000000000000000000, -1.000000000000000000 ) ) ;
#4940 = ORIENTED_EDGE ( 'NONE', *, *, #8456, .F. ) ;
#4941 = EDGE_CURVE ( 'NONE', #6826, #8151, #6403, .T. ) ;
#4942 = CIRCLE ( 'NONE', #5666, 3.000000000000000000 ) ;
#4943 = ORIENTED_EDGE ( 'NONE', *, *, #5953, .T. ) ;
#4944 = EDGE_CURVE ( 'NONE', #6614, #7267, #3330, .T. ) ;
#4945 = DIRECTION ( 'NONE',  ( 0.000000000000000000, 0.000000000000000000, -1.000000000000000000 ) ) ;
#4946 = VERTEX_POINT ( 'NONE', #6148 ) ;
#4947 = DIRECTION ( 'NONE',  ( 0.000000000000000000, 0.000000000000000000, -1.000000000000000000 ) ) ;
#4948 = CARTESIAN_POINT ( 'NONE',  ( -8.000000000000000000, 0.4999999999999730216, 25.00000000000000000 ) ) ;
#4949 = CARTESIAN_POINT ( 'NONE',  ( -62.00000000000000000, 6.499999999999999112, 4.999999999999999112 ) ) ;
#4950 = VECTOR ( 'NONE', #5247, 1000.000000000000114 ) ;
#4951 = ORIENTED_EDGE ( 'NONE', *, *, #5392, .F. ) ;
#4952 = ORIENTED_EDGE ( 'NONE', *, *, #3354, .T. ) ;
#4953 = DIRECTION ( 'NONE',  ( 1.000000000000000000, -0.000000000000000000, -0.000000000000000000 ) ) ;
#4954 = CARTESIAN_POINT ( 'NONE',  ( 51.50658292316879994, 10.09523612308128726, 1.904763876918782239 ) ) ;
#4955 = PLANE ( 'NONE',  #6187 ) ;
#4956 = PLANE ( 'NONE',  #7864 ) ;
#4957 = VERTEX_POINT ( 'NONE', #8263 ) ;
#4958 = FACE_OUTER_BOUND ( 'NONE', #4100, .T. ) ;
#4959 = ORIENTED_EDGE ( 'NONE', *, *, #3655, .F. ) ;
#4960 = FACE_OUTER_BOUND ( 'NONE', #477, .T. ) ;
#4961 = CARTESIAN_POINT ( 'NONE',  ( -68.00000000000000000, 52.50000000000000711, 1.999999999999999112 ) ) ;
#4962 = CYLINDRICAL_SURFACE ( 'NONE', #398, 1.500000000000001332 ) ;
#4963 = ORIENTED_EDGE ( 'NONE', *, *, #3981, .F. ) ;
#4964 = DIRECTION ( 'NONE',  ( 0.000000000000000000, 1.000000000000000000, 0.000000000000000000 ) ) ;
#4965 = DIRECTION ( 'NONE',  ( 0.000000000000000000, 0.000000000000000000, 1.000000000000000000 ) ) ;
#4966 = DIRECTION ( 'NONE',  ( 0.000000000000000000, 0.000000000000000000, 1.000000000000000000 ) ) ;
#4967 = DIRECTION ( 'NONE',  ( -0.000000000000000000, 0.000000000000000000, 1.000000000000000000 ) ) ;
#4968 = VERTEX_POINT ( 'NONE', #1982 ) ;
#4969 = CARTESIAN_POINT ( 'NONE',  ( 49.21225687107857993, 10.27461513106942803, -1.725384868911971958 ) ) ;
#4970 = CARTESIAN_POINT ( 'NONE',  ( -2.000000000000000000, 54.00000000000000711, -53.00000000000000711 ) ) ;
#4971 = ORIENTED_EDGE ( 'NONE', *, *, #8540, .T. ) ;
#4972 = DIRECTION ( 'NONE',  ( 0.000000000000000000, -1.000000000000000000, 0.000000000000000000 ) ) ;
#4973 = ORIENTED_EDGE ( 'NONE', *, *, #7578, .T. ) ;
#4974 = DIRECTION ( 'NONE',  ( 0.000000000000000000, 0.000000000000000000, 1.000000000000000000 ) ) ;
#4975 = CARTESIAN_POINT ( 'NONE',  ( -4.738688829644923217, 6.499999999999999112, 54.22457482187821398 ) ) ;
#4976 = CARTESIAN_POINT ( 'NONE',  ( 3.577867169202059871E-14, 1.000000000000000000, -8.249999999999628741 ) ) ;
#4977 = EDGE_CURVE ( 'NONE', #2207, #586, #1715, .T. ) ;
#4978 = VERTEX_POINT ( 'NONE', #8182 ) ;
#4979 = CARTESIAN_POINT ( 'NONE',  ( 45.99999999999999289, 54.00000000000000711, -3.000000000000000000 ) ) ;
#4980 = ORIENTED_EDGE ( 'NONE', *, *, #6700, .F. ) ;
#4981 = VERTEX_POINT ( 'NONE', #7587 ) ;
#4982 = CARTESIAN_POINT ( 'NONE',  ( -1.999999999999991340, 52.50000000000000711, 51.50000000000000711 ) ) ;
#4983 = EDGE_LOOP ( 'NONE', ( #1472, #8792, #1843, #3515, #6568, #65 ) ) ;
#4984 = CARTESIAN_POINT ( 'NONE',  ( -87.00000000000000000, 0.000000000000000000, 0.000000000000000000 ) ) ;
#4985 = CARTESIAN_POINT ( 'NONE',  ( -35.00000000000000000, 1.699999999999999956, -1.500000000000000000 ) ) ;
#4986 = EDGE_CURVE ( 'NONE', #1966, #4401, #4199, .T. ) ;
#4987 = CARTESIAN_POINT ( 'NONE',  ( 2.000000000000000000, 4.000000000000000000, -47.50000000000000000 ) ) ;
#4988 = ADVANCED_FACE ( 'NONE', ( #601 ), #4007, .F. ) ;
#4989 = EDGE_CURVE ( 'NONE', #3237, #3575, #2759, .T. ) ;
#4990 = ORIENTED_EDGE ( 'NONE', *, *, #1309, .T. ) ;
#4991 = ORIENTED_EDGE ( 'NONE', *, *, #3769, .F. ) ;
#4992 = EDGE_CURVE ( 'NONE', #7293, #8232, #5518, .T. ) ;
#4993 = EDGE_CURVE ( 'NONE', #3237, #6592, #6194, .T. ) ;
#4994 = ORIENTED_EDGE ( 'NONE', *, *, #7884, .T. ) ;
#4995 = CARTESIAN_POINT ( 'NONE',  ( 45.99999999999999289, 54.00000000000000711, -4.500000000000000888 ) ) ;
#4996 = FACE_OUTER_BOUND ( 'NONE', #457, .T. ) ;
#4997 = DIRECTION ( 'NONE',  ( 0.5773502691896227335, 0.5773502691896317263, 0.5773502691896227335 ) ) ;
#4998 = CARTESIAN_POINT ( 'NONE',  ( -83.75000000000000000, 1.000000000000000000, -8.250000000000000000 ) ) ;
#4999 = VERTEX_POINT ( 'NONE', #8997 ) ;
#5000 = PLANE ( 'NONE',  #4667 ) ;
#5001 = ORIENTED_EDGE ( 'NONE', *, *, #5387, .F. ) ;
#5002 = LINE ( 'NONE', #1513, #7260 ) ;
#5003 = CARTESIAN_POINT ( 'NONE',  ( -93.06768137013648357, 4.000000000000000000, 26.33212343854054893 ) ) ;
#5004 = CARTESIAN_POINT ( 'NONE',  ( -8.000000000000000000, 10.00000000000000000, 25.00000000000000000 ) ) ;
#5005 = ORIENTED_EDGE ( 'NONE', *, *, #726, .T. ) ;
#5006 = DIRECTION ( 'NONE',  ( 1.000000000000000000, 0.000000000000000000, -6.938893903907230350E-16 ) ) ;
#5007 = LINE ( 'NONE', #6474, #1125 ) ;
#5008 = CARTESIAN_POINT ( 'NONE',  ( -87.00000000000000000, 0.000000000000000000, 10.25000000000000000 ) ) ;
#5009 = ORIENTED_EDGE ( 'NONE', *, *, #3884, .T. ) ;
#5010 = VECTOR ( 'NONE', #1318, 1000.000000000000114 ) ;
#5011 = EDGE_CURVE ( 'NONE', #7203, #1142, #4546, .T. ) ;
#5012 = CARTESIAN_POINT ( 'NONE',  ( -4.979364519270014888, 6.458933426327276628, 52.59608593006676358 ) ) ;
#5013 = ORIENTED_EDGE ( 'NONE', *, *, #8004, .F. ) ;
#5014 = CARTESIAN_POINT ( 'NONE',  ( -65.00000000000000000, 52.50000000000000711, -5.000000000000000888 ) ) ;
#5015 = VERTEX_POINT ( 'NONE', #8309 ) ;
#5016 = CIRCLE ( 'NONE', #1496, 1.500000000000001332 ) ;
#5017 = CARTESIAN_POINT ( 'NONE',  ( -1.999999999999991340, 6.499999999999999112, 47.50000000000000000 ) ) ;
#5018 = DIRECTION ( 'NONE',  ( 0.000000000000000000, 0.000000000000000000, 1.000000000000000000 ) ) ;
#5019 = CARTESIAN_POINT ( 'NONE',  ( -10.00000000000000178, 4.000000000000000000, -32.39999999999999858 ) ) ;
#5020 = EDGE_CURVE ( 'NONE', #6378, #7859, #7880, .T. ) ;
#5021 = VERTEX_POINT ( 'NONE', #3489 ) ;
#5022 = AXIS2_PLACEMENT_3D ( 'NONE', #2705, #8942, #4773 ) ;
#5023 = DIRECTION ( 'NONE',  ( 1.000000000000000000, 0.000000000000000000, 0.000000000000000000 ) ) ;
#5024 = AXIS2_PLACEMENT_3D ( 'NONE', #4587, #6651, #8169 ) ;
#5025 = EDGE_LOOP ( 'NONE', ( #769, #3380, #6496, #5209 ) ) ;
#5026 = ADVANCED_FACE ( 'NONE', ( #5726 ), #4937, .T. ) ;
#5027 = EDGE_LOOP ( 'NONE', ( #7443, #2491, #961, #4092 ) ) ;
#5028 = CIRCLE ( 'NONE', #1083, 1.500000000000001332 ) ;
#5029 = CARTESIAN_POINT ( 'NONE',  ( -3.276559976873924627E-14, 3.500000000000000000, 28.33212343854064841 ) ) ;
#5030 = ORIENTED_EDGE ( 'NONE', *, *, #2167, .T. ) ;
#5031 = VECTOR ( 'NONE', #7974, 1000.000000000000000 ) ;
#5032 = DIRECTION ( 'NONE',  ( 0.000000000000000000, 0.000000000000000000, 1.000000000000000000 ) ) ;
#5033 = DIRECTION ( 'NONE',  ( 0.9709389483281615219, 0.000000000000000000, -0.2393273043749994944 ) ) ;
#5034 = FACE_OUTER_BOUND ( 'NONE', #1564, .T. ) ;
#5035 = EDGE_LOOP ( 'NONE', ( #685, #3770, #6196, #7751, #3372 ) ) ;
#5036 = VECTOR ( 'NONE', #2678, 1000.000000000000000 ) ;
#5037 = AXIS2_PLACEMENT_3D ( 'NONE', #7837, #3618, #1414 ) ;
#5038 = EDGE_LOOP ( 'NONE', ( #4910, #4436, #3449, #5333 ) ) ;
#5039 = AXIS2_PLACEMENT_3D ( 'NONE', #7350, #3266, #6057 ) ;
#5040 = ORIENTED_EDGE ( 'NONE', *, *, #2308, .F. ) ;
#5041 = CARTESIAN_POINT ( 'NONE',  ( 1.836970198721035111E-16, 1.699999999999999956, -43.50000000000000000 ) ) ;
#5042 = CARTESIAN_POINT ( 'NONE',  ( 3.673940397442064798E-16, 4.000000000000000000, 42.00000000000000000 ) ) ;
#5043 = ADVANCED_FACE ( 'NONE', ( #6325 ), #2200, .T. ) ;
#5044 = CIRCLE ( 'NONE', #4019, 2.000000000000001776 ) ;
#5045 = LINE ( 'NONE', #1422, #5318 ) ;
#5046 = EDGE_CURVE ( 'NONE', #7017, #2358, #3621, .T. ) ;
#5047 = CARTESIAN_POINT ( 'NONE',  ( 40.99999999999999289, 6.000000000000005329, 6.000000000000000000 ) ) ;
#5048 = VECTOR ( 'NONE', #3279, 1000.000000000000000 ) ;
#5049 = VERTEX_POINT ( 'NONE', #4961 ) ;
#5050 = LINE ( 'NONE', #1561, #8908 ) ;
#5051 = ORIENTED_EDGE ( 'NONE', *, *, #736, .F. ) ;
#5052 = DIRECTION ( 'NONE',  ( 0.000000000000000000, -1.000000000000000000, 0.000000000000000000 ) ) ;
#5053 = CIRCLE ( 'NONE', #3436, 2.500000000000000444 ) ;
#5054 = CARTESIAN_POINT ( 'NONE',  ( -6.997903490875196475, 4.000000000035020875, -54.53168401791842257 ) ) ;
#5055 = CARTESIAN_POINT ( 'NONE',  ( 0.000000000000000000, 0.000000000000000000, 13.54999999999999893 ) ) ;
#5056 = ORIENTED_EDGE ( 'NONE', *, *, #8024, .T. ) ;
#5057 = CARTESIAN_POINT ( 'NONE',  ( -10.00000000000000000, 2.399999999999999911, -33.89999999999999858 ) ) ;
#5058 = CARTESIAN_POINT ( 'NONE',  ( 42.96708073974766506, 5.267766952966375982, 6.732233047033617801 ) ) ;
#5059 = CARTESIAN_POINT ( 'NONE',  ( -7.020929521015710328, 6.500000000000000888, -55.24505384011006726 ) ) ;
#5060 = AXIS2_PLACEMENT_3D ( 'NONE', #4383, #2319, #6401 ) ;
#5061 = ORIENTED_EDGE ( 'NONE', *, *, #4609, .F. ) ;
#5062 = CARTESIAN_POINT ( 'NONE',  ( 48.99999999999998579, 7.064863592594406327, 5.091435182697523487 ) ) ;
#5063 = B_SPLINE_CURVE_WITH_KNOTS ( 'NONE', 3,
 ( #1481, #4237, #4277, #8497 ),
 .UNSPECIFIED., .F., .F.,
 ( 4, 4 ),
 ( 0.002164804878958049780, 0.002890890964065004603 ),
 .UNSPECIFIED. ) ;
#5064 = CIRCLE ( 'NONE', #5200, 0.9999999999999991118 ) ;
#5065 = EDGE_CURVE ( 'NONE', #545, #2534, #7805, .T. ) ;
#5066 = CARTESIAN_POINT ( 'NONE',  ( -95.37740409499218686, 0.000000000000000000, 26.33212343854054893 ) ) ;
#5067 = ORIENTED_EDGE ( 'NONE', *, *, #3127, .T. ) ;
#5068 = CARTESIAN_POINT ( 'NONE',  ( -92.00000000000000000, 1.699999999999999956, 13.75000000000000000 ) ) ;
#5069 = ORIENTED_EDGE ( 'NONE', *, *, #7303, .T. ) ;
#5070 = EDGE_CURVE ( 'NONE', #5302, #8100, #147, .T. ) ;
#5071 = DIRECTION ( 'NONE',  ( 0.000000000000000000, -0.7071067811865374697, 0.7071067811865575647 ) ) ;
#5072 = DIRECTION ( 'NONE',  ( 0.000000000000000000, 0.000000000000000000, 1.000000000000000000 ) ) ;
#5073 = CARTESIAN_POINT ( 'NONE',  ( -35.00000000000000000, 4.000000000000000000, 1.500000000000000000 ) ) ;
#5074 = ORIENTED_EDGE ( 'NONE', *, *, #3723, .T. ) ;
#5075 = DIRECTION ( 'NONE',  ( 0.000000000000000000, -1.000000000000000000, 0.000000000000000000 ) ) ;
#5076 = CIRCLE ( 'NONE', #7565, 3.000000000000000000 ) ;
#5077 = ORIENTED_EDGE ( 'NONE', *, *, #1903, .F. ) ;
#5078 = VERTEX_POINT ( 'NONE', #8443 ) ;
#5079 = DIRECTION ( 'NONE',  ( 0.000000000000000000, 0.000000000000000000, 1.000000000000000000 ) ) ;
#5080 = ORIENTED_EDGE ( 'NONE', *, *, #3657, .T. ) ;
#5081 = AXIS2_PLACEMENT_3D ( 'NONE', #8347, #8444, #1430 ) ;
#5082 = CARTESIAN_POINT ( 'NONE',  ( -5.250000000000000000, -4.200000000000000178, -27.00000000000000000 ) ) ;
#5083 = DIRECTION ( 'NONE',  ( 0.000000000000000000, 0.7071067811865574537, -0.7071067811865374697 ) ) ;
#5084 = DIRECTION ( 'NONE',  ( 0.000000000000000000, 0.000000000000000000, -1.000000000000000000 ) ) ;
#5085 = EDGE_LOOP ( 'NONE', ( #2232, #4325, #6980, #1009 ) ) ;
#5086 = AXIS2_PLACEMENT_3D ( 'NONE', #7206, #7857, #8584 ) ;
#5087 = ORIENTED_EDGE ( 'NONE', *, *, #5773, .T. ) ;
#5088 = VERTEX_POINT ( 'NONE', #7904 ) ;
#5089 = CARTESIAN_POINT ( 'NONE',  ( -5.250000000000000000, 0.000000000000000000, -27.00000000000000000 ) ) ;
#5090 = CARTESIAN_POINT ( 'NONE',  ( 49.00359067639819699, 11.86300482077945517, 3.366834046447070072 ) ) ;
#5091 = CARTESIAN_POINT ( 'NONE',  ( 8.000000000000000000, 3.500000000000000000, -23.00000000000000000 ) ) ;
#5092 = CARTESIAN_POINT ( 'NONE',  ( 6.990325341823533378, 4.000000000000000000, 52.99459477901501003 ) ) ;
#5093 = CIRCLE ( 'NONE', #6411, 3.000000000000000000 ) ;
#5094 = ORIENTED_EDGE ( 'NONE', *, *, #2086, .F. ) ;
#5095 = PLANE ( 'NONE',  #2315 ) ;
#5096 = ORIENTED_EDGE ( 'NONE', *, *, #6735, .F. ) ;
#5097 = CARTESIAN_POINT ( 'NONE',  ( -0.2012499999999879940, 0.000000000000000000, -30.45000000000000284 ) ) ;
#5098 = DIRECTION ( 'NONE',  ( -0.000000000000000000, 1.000000000000000000, -0.000000000000000000 ) ) ;
#5099 = VERTEX_POINT ( 'NONE', #3727 ) ;
#5100 = LINE ( 'NONE', #1656, #4722 ) ;
#5101 = FACE_OUTER_BOUND ( 'NONE', #7645, .T. ) ;
#5102 = DIRECTION ( 'NONE',  ( 0.000000000000000000, 0.000000000000000000, 1.000000000000000000 ) ) ;
#5103 = EDGE_LOOP ( 'NONE', ( #3000, #4611, #9033, #3430 ) ) ;
#5104 = CARTESIAN_POINT ( 'NONE',  ( 2.000000000000008882, 4.000000000000000000, 53.00000000000000711 ) ) ;
#5105 = EDGE_CURVE ( 'NONE', #8183, #5470, #6167, .T. ) ;
#5106 = ADVANCED_FACE ( 'NONE', ( #8388 ), #2896, .F. ) ;
#5107 = CARTESIAN_POINT ( 'NONE',  ( 41.30855126307301362, 7.601211221566615883, -4.551191950192303715 ) ) ;
#5108 = DIRECTION ( 'NONE',  ( 0.000000000000000000, -1.000000000000000000, 0.000000000000000000 ) ) ;
#5109 = ADVANCED_FACE ( 'NONE', ( #5639 ), #6523, .F. ) ;
#5110 = DIRECTION ( 'NONE',  ( 0.000000000000000000, 0.000000000000000000, 1.000000000000000000 ) ) ;
#5111 = ORIENTED_EDGE ( 'NONE', *, *, #4041, .F. ) ;
#5112 = EDGE_CURVE ( 'NONE', #29, #7791, #2334, .T. ) ;
#5113 = DIRECTION ( 'NONE',  ( 0.000000000000000000, 0.000000000000000000, 1.000000000000000000 ) ) ;
#5114 = DIRECTION ( 'NONE',  ( -1.000000000000000000, 0.000000000000000000, -0.000000000000000000 ) ) ;
#5115 = LINE ( 'NONE', #5073, #4898 ) ;
#5116 = ORIENTED_EDGE ( 'NONE', *, *, #2194, .T. ) ;
#5117 = CARTESIAN_POINT ( 'NONE',  ( -4.999999999999991118, 6.499999999999999112, 47.50000000000000000 ) ) ;
#5118 = ORIENTED_EDGE ( 'NONE', *, *, #7841, .F. ) ;
#5119 = VERTEX_POINT ( 'NONE', #2993 ) ;
#5120 = CARTESIAN_POINT ( 'NONE',  ( 8.000000000000000000, 4.000000000000000000, 20.50000000000000000 ) ) ;
#5121 = ORIENTED_EDGE ( 'NONE', *, *, #659, .T. ) ;
#5122 = CARTESIAN_POINT ( 'NONE',  ( -5.000315289329353874, 4.417380193892574525, 53.23943179616114207 ) ) ;
#5123 = FACE_OUTER_BOUND ( 'NONE', #7078, .T. ) ;
#5124 = FACE_BOUND ( 'NONE', #1780, .T. ) ;
#5125 = ORIENTED_EDGE ( 'NONE', *, *, #692, .F. ) ;
#5126 = ORIENTED_EDGE ( 'NONE', *, *, #2864, .T. ) ;
#5127 =( BOUNDED_CURVE ( )  B_SPLINE_CURVE ( 3, ( #706, #3492, #8349, #9047 ),
 .UNSPECIFIED., .F., .F. ) 
 B_SPLINE_CURVE_WITH_KNOTS ( ( 4, 4 ),
 ( 5.706253961943128061, 6.283185307179586232 ),
 .UNSPECIFIED. ) 
 CURVE ( )  GEOMETRIC_REPRESENTATION_ITEM ( )  RATIONAL_B_SPLINE_CURVE ( ( 1.000000000000000000, 0.9724543278264544677, 0.9724543278264544677, 1.000000000000000000 ) ) 
 REPRESENTATION_ITEM ( '' )  );
#5128 = VERTEX_POINT ( 'NONE', #2110 ) ;
#5129 = CARTESIAN_POINT ( 'NONE',  ( -5.000000000000000000, 6.447489024775967081, -53.00000000000000000 ) ) ;
#5130 = CARTESIAN_POINT ( 'NONE',  ( 48.78520711533629139, 5.970144055670720817, 6.029855944329282735 ) ) ;
#5131 = CARTESIAN_POINT ( 'NONE',  ( -1.999999999999991340, 54.00000000000000711, 56.00000000000000000 ) ) ;
#5132 = DIRECTION ( 'NONE',  ( 0.000000000000000000, -1.000000000000000000, 0.000000000000000000 ) ) ;
#5133 = EDGE_LOOP ( 'NONE', ( #2608, #7084, #2951, #4721 ) ) ;
#5134 = CARTESIAN_POINT ( 'NONE',  ( 37.96446609406726935, 6.500000000000000888, 0.4603702609048099803 ) ) ;
#5135 = ORIENTED_EDGE ( 'NONE', *, *, #2522, .T. ) ;
#5136 = DIRECTION ( 'NONE',  ( 0.000000000000000000, -1.000000000000000000, 0.000000000000000000 ) ) ;
#5137 = LINE ( 'NONE', #7115, #5807 ) ;
#5138 = ADVANCED_FACE ( 'NONE', ( #4917 ), #1732, .F. ) ;
#5139 = VERTEX_POINT ( 'NONE', #324 ) ;
#5140 = DIRECTION ( 'NONE',  ( -6.689850889241160201E-17, 0.8376105968386150513, 0.5462677805469209336 ) ) ;
#5141 = LINE ( 'NONE', #7809, #2722 ) ;
#5142 = CARTESIAN_POINT ( 'NONE',  ( 44.00000000000000000, 7.035533905932733312, 8.499999999999996447 ) ) ;
#5143 = ORIENTED_EDGE ( 'NONE', *, *, #2598, .T. ) ;
#5144 = CARTESIAN_POINT ( 'NONE',  ( 0.3228909460133581599, 4.408248290618207221, 49.99999999999904077 ) ) ;
#5145 = CARTESIAN_POINT ( 'NONE',  ( -8.000000000000000000, 0.5000000000000000000, -21.00000000000000000 ) ) ;
#5146 = DIRECTION ( 'NONE',  ( 0.000000000000000000, 0.000000000000000000, -1.000000000000000000 ) ) ;
#5147 = ORIENTED_EDGE ( 'NONE', *, *, #2714, .F. ) ;
#5148 = CARTESIAN_POINT ( 'NONE',  ( 42.32451751481464441, 4.144043078736376451, 8.199192477358234754 ) ) ;
#5149 = EDGE_CURVE ( 'NONE', #3914, #2256, #5973, .T. ) ;
#5150 = DIRECTION ( 'NONE',  ( 0.000000000000000000, 1.000000000000000000, 0.000000000000000000 ) ) ;
#5151 = DIRECTION ( 'NONE',  ( 0.000000000000000000, 0.000000000000000000, -1.000000000000000000 ) ) ;
#5152 = EDGE_CURVE ( 'NONE', #4978, #1712, #2013, .T. ) ;
#5153 = DIRECTION ( 'NONE',  ( -5.476786982642028093E-17, 0.8944271909999157444, 0.4472135954999583718 ) ) ;
#5154 = ORIENTED_EDGE ( 'NONE', *, *, #8087, .T. ) ;
#5155 = AXIS2_PLACEMENT_3D ( 'NONE', #8844, #2741, #8934 ) ;
#5156 = ORIENTED_EDGE ( 'NONE', *, *, #1583, .F. ) ;
#5157 = EDGE_CURVE ( 'NONE', #8178, #2916, #8753, .T. ) ;
#5158 = DIRECTION ( 'NONE',  ( 2.523227993528853444E-15, 0.002208470701482083930, -0.9999975613256067986 ) ) ;
#5159 = VERTEX_POINT ( 'NONE', #8767 ) ;
#5160 = CARTESIAN_POINT ( 'NONE',  ( 20.00000000000000000, 0.000000000000000000, 6.500000000000000000 ) ) ;
#5161 = AXIS2_PLACEMENT_3D ( 'NONE', #6100, #1375, #6841 ) ;
#5163 = AXIS2_PLACEMENT_3D ( 'NONE', #8511, #3562, #84 ) ;
#5162 = LINE ( 'NONE', #3801, #4308 ) ;
#5164 = EDGE_CURVE ( 'NONE', #8819, #4551, #4842, .T. ) ;
#5165 = EDGE_LOOP ( 'NONE', ( #8515, #2789, #2328, #6641 ) ) ;
#5166 = EDGE_CURVE ( 'NONE', #5443, #7946, #7993, .T. ) ;
#5167 = ORIENTED_EDGE ( 'NONE', *, *, #3127, .F. ) ;
#5168 = CIRCLE ( 'NONE', #3861, 3.000000000000002665 ) ;
#5169 = AXIS2_PLACEMENT_3D ( 'NONE', #6769, #1909, #8230 ) ;
#5170 = ORIENTED_EDGE ( 'NONE', *, *, #6456, .T. ) ;
#5171 = DIRECTION ( 'NONE',  ( 0.000000000000000000, 1.000000000000000000, 0.000000000000000000 ) ) ;
#5172 = CARTESIAN_POINT ( 'NONE',  ( 4.899629976283434551, 6.484774790477920270, 52.20507430029363860 ) ) ;
#5173 = EDGE_CURVE ( 'NONE', #3157, #3166, #3778, .T. ) ;
#5174 = DIRECTION ( 'NONE',  ( 0.000000000000000000, -1.000000000000000000, 0.000000000000000000 ) ) ;
#5175 = EDGE_CURVE ( 'NONE', #8544, #1452, #8897, .T. ) ;
#5176 = CARTESIAN_POINT ( 'NONE',  ( 53.48771061000000060, 3.499999999999972022, 53.48771061000000060 ) ) ;
#5177 = VECTOR ( 'NONE', #1823, 1000.000000000000000 ) ;
#5178 = VERTEX_POINT ( 'NONE', #1022 ) ;
#5179 = CARTESIAN_POINT ( 'NONE',  ( 41.64785613220148974, 6.647856132200487878, -5.011708304499772559 ) ) ;
#5180 = AXIS2_PLACEMENT_3D ( 'NONE', #5672, #727, #4392 ) ;
#5181 = VERTEX_POINT ( 'NONE', #6608 ) ;
#5182 = CIRCLE ( 'NONE', #7534, 1.500000000000001332 ) ;
#5183 = CIRCLE ( 'NONE', #8854, 3.000000000000000000 ) ;
#5184 = CARTESIAN_POINT ( 'NONE',  ( 49.00000000000000711, 8.100417982363824265, -4.522786222777090970 ) ) ;
#5185 = DIRECTION ( 'NONE',  ( 0.000000000000000000, 0.000000000000000000, -1.000000000000000000 ) ) ;
#5186 = ORIENTED_EDGE ( 'NONE', *, *, #2967, .T. ) ;
#5187 = AXIS2_PLACEMENT_3D ( 'NONE', #6875, #7710, #6280 ) ;
#5188 = CARTESIAN_POINT ( 'NONE',  ( -0.3330010741153323073, 4.000000000038299142, -48.00000000018761881 ) ) ;
#5189 = DIRECTION ( 'NONE',  ( 0.000000000000000000, 0.000000000000000000, 1.000000000000000000 ) ) ;
#5190 = EDGE_CURVE ( 'NONE', #6254, #6342, #4942, .T. ) ;
#5191 = CARTESIAN_POINT ( 'NONE',  ( -1.999999999999991340, 6.500000000000000888, 58.50000000000000000 ) ) ;
#5192 = ORIENTED_EDGE ( 'NONE', *, *, #3934, .F. ) ;
#5193 = DIRECTION ( 'NONE',  ( -1.000000000000000000, -0.000000000000000000, -0.000000000000000000 ) ) ;
#5194 = AXIS2_PLACEMENT_3D ( 'NONE', #5699, #7735, #7080 ) ;
#5195 = CARTESIAN_POINT ( 'NONE',  ( 40.99999999999998579, 7.035533905932738641, -3.806283306194071070 ) ) ;
#5196 = CARTESIAN_POINT ( 'NONE',  ( 0.5529528439968796061, 6.460179702892493658, 49.99999999999999289 ) ) ;
#5197 = LINE ( 'NONE', #3827, #5232 ) ;
#5198 = ORIENTED_EDGE ( 'NONE', *, *, #1232, .F. ) ;
#5199 = DIRECTION ( 'NONE',  ( 0.000000000000000000, 1.000000000000000000, 0.000000000000000000 ) ) ;
#5200 = AXIS2_PLACEMENT_3D ( 'NONE', #7317, #5884, #4416 ) ;
#5201 = DIRECTION ( 'NONE',  ( 0.000000000000000000, -1.000000000000000000, 0.000000000000000000 ) ) ;
#5202 = DIRECTION ( 'NONE',  ( 1.000000000000000000, 0.000000000000000000, 0.000000000000000000 ) ) ;
#5203 = CARTESIAN_POINT ( 'NONE',  ( 43.27559826447691904, 5.267766952967632754, -6.732233047032361029 ) ) ;
#5204 = ORIENTED_EDGE ( 'NONE', *, *, #7485, .T. ) ;
#5205 = EDGE_CURVE ( 'NONE', #8441, #3439, #6849, .T. ) ;
#5206 = CIRCLE ( 'NONE', #1548, 1.500000000000001332 ) ;
#5207 = EDGE_CURVE ( 'NONE', #2555, #5302, #4775, .T. ) ;
#5208 = DIRECTION ( 'NONE',  ( 1.000000000000000000, 0.000000000000000000, 4.336808689942080845E-15 ) ) ;
#5209 = ORIENTED_EDGE ( 'NONE', *, *, #7073, .F. ) ;
#5210 = CARTESIAN_POINT ( 'NONE',  ( -37.75961538461535127, 1.000000000000000000, 48.54807692307690559 ) ) ;
#5211 = EDGE_CURVE ( 'NONE', #890, #5178, #8452, .T. ) ;
#5212 = ORIENTED_EDGE ( 'NONE', *, *, #1789, .T. ) ;
#5213 = CARTESIAN_POINT ( 'NONE',  ( -82.15000000000000568, 1.000000000000000000, -4.500000000000000000 ) ) ;
#5214 = CONICAL_SURFACE ( 'NONE', #2463, 2.000000000000001776, 0.7853981633974476129 ) ;
#5215 = VECTOR ( 'NONE', #7935, 1000.000000000000000 ) ;
#5216 = CARTESIAN_POINT ( 'NONE',  ( -35.00000000000000000, 0.000000000000000000, 1.500000000000000000 ) ) ;
#5217 = CARTESIAN_POINT ( 'NONE',  ( -5.250000000000000000, 2.399999999999999911, -27.00000000000000000 ) ) ;
#5218 = EDGE_LOOP ( 'NONE', ( #5111, #7131, #5359, #7173 ) ) ;
#5219 = EDGE_CURVE ( 'NONE', #838, #2894, #6689, .T. ) ;
#5220 = ORIENTED_EDGE ( 'NONE', *, *, #6407, .T. ) ;
#5221 = EDGE_CURVE ( 'NONE', #2219, #1323, #5238, .T. ) ;
#5222 = AXIS2_PLACEMENT_3D ( 'NONE', #6599, #3212, #6561 ) ;
#5223 = ORIENTED_EDGE ( 'NONE', *, *, #3701, .F. ) ;
#5224 = DIRECTION ( 'NONE',  ( 0.9709389483281615219, 0.000000000000000000, -0.2393273043749994944 ) ) ;
#5225 = CARTESIAN_POINT ( 'NONE',  ( 8.000000000000000000, 0.000000000000000000, -30.45000000000000284 ) ) ;
#5226 = EDGE_CURVE ( 'NONE', #8205, #3837, #4046, .T. ) ;
#5227 = FACE_OUTER_BOUND ( 'NONE', #8829, .T. ) ;
#5228 = DIRECTION ( 'NONE',  ( 0.000000000000000000, 0.7071067811865474617, -0.7071067811865474617 ) ) ;
#5229 = CARTESIAN_POINT ( 'NONE',  ( 4.999697452906107564, 4.411679540416899137, 52.76144518966554386 ) ) ;
#5230 = ORIENTED_EDGE ( 'NONE', *, *, #6843, .F. ) ;
#5231 = DIRECTION ( 'NONE',  ( 1.000000000000000000, 0.000000000000000000, 0.000000000000000000 ) ) ;
#5232 = VECTOR ( 'NONE', #6064, 1000.000000000000000 ) ;
#5233 = AXIS2_PLACEMENT_3D ( 'NONE', #3974, #3406, #5390 ) ;
#5234 = ORIENTED_EDGE ( 'NONE', *, *, #6249, .F. ) ;
#5235 = AXIS2_PLACEMENT_3D ( 'NONE', #2709, #3440, #1976 ) ;
#5236 = CARTESIAN_POINT ( 'NONE',  ( 48.99999999999997868, 11.41027402127147639, -3.333747269245696199 ) ) ;
#5237 = DIRECTION ( 'NONE',  ( -8.673617379884034239E-17, 1.000000000000000000, 0.000000000000000000 ) ) ;
#5238 = CIRCLE ( 'NONE', #4363, 3.250000000000000444 ) ;
#5239 = ORIENTED_EDGE ( 'NONE', *, *, #3774, .F. ) ;
#5240 = DIRECTION ( 'NONE',  ( 0.000000000000000000, 1.000000000000000000, 0.000000000000000000 ) ) ;
#5241 = PLANE ( 'NONE',  #3602 ) ;
#5242 = VECTOR ( 'NONE', #3054, 1000.000000000000114 ) ;
#5243 = CARTESIAN_POINT ( 'NONE',  ( 35.00000000000000000, 1.699999999999999956, 1.500000000000000000 ) ) ;
#5244 =( BOUNDED_SURFACE ( )  B_SPLINE_SURFACE ( 3, 2, ( 
 ( #4121, #6923, #8991 ),
 ( #9040, #5452, #564 ),
 ( #8258, #6284, #3356 ),
 ( #2788, #6974, #4220 ),
 ( #5503, #6880, #7621 ),
 ( #1293, #3523, #642 ) ),
 .UNSPECIFIED., .F., .F., .F. ) 
 B_SPLINE_SURFACE_WITH_KNOTS ( ( 4, 2, 4 ),
 ( 3, 3 ),
 ( 0.006218473255434984331, 0.007044303445686177223, 0.007870133635937370115 ),
 ( 0.000000000000000000, 1.000000000000000000 ),
 .UNSPECIFIED. ) 
 GEOMETRIC_REPRESENTATION_ITEM ( )  RATIONAL_B_SPLINE_SURFACE ( (
 ( 1.000000000000000000, 0.7745966692414820720, 1.000000000000000000),
 ( 1.000000000000000000, 0.7747252456407077714, 1.000000000000000000),
 ( 1.000000000000000000, 0.7671071911393191334, 1.000000000000000000),
 ( 1.000000000000000000, 0.7421869809526401296, 1.000000000000000000),
 ( 1.000000000000000000, 0.7250818957288365230, 1.000000000000000000),
 ( 1.000000000000000000, 0.7071067811865459074, 1.000000000000000000) ) ) 
 REPRESENTATION_ITEM ( '' )  SURFACE ( )  );
#5245 = ORIENTED_EDGE ( 'NONE', *, *, #6927, .T. ) ;
#5246 = DIRECTION ( 'NONE',  ( 0.000000000000000000, 0.000000000000000000, -1.000000000000000000 ) ) ;
#5247 = DIRECTION ( 'NONE',  ( 0.000000000000000000, 0.7071067811865574537, -0.7071067811865374697 ) ) ;
#5248 = CARTESIAN_POINT ( 'NONE',  ( -1.879066676236450120E-24, 6.449489742783179658, 50.00000000000000000 ) ) ;
#5249 = FACE_OUTER_BOUND ( 'NONE', #4133, .T. ) ;
#5250 = ORIENTED_EDGE ( 'NONE', *, *, #4426, .T. ) ;
#5251 = FACE_OUTER_BOUND ( 'NONE', #1539, .T. ) ;
#5252 = LINE ( 'NONE', #8824, #1114 ) ;
#5253 = DIRECTION ( 'NONE',  ( 0.000000000000000000, -0.7071067811865574537, -0.7071067811865374697 ) ) ;
#5254 = FACE_OUTER_BOUND ( 'NONE', #3173, .T. ) ;
#5255 = ORIENTED_EDGE ( 'NONE', *, *, #6822, .T. ) ;
#5256 = DIRECTION ( 'NONE',  ( 0.000000000000000000, 0.000000000000000000, 1.000000000000000000 ) ) ;
#5257 = ORIENTED_EDGE ( 'NONE', *, *, #7853, .F. ) ;
#5258 = DIRECTION ( 'NONE',  ( 0.7893522173763266592, 0.000000000000000000, 0.6139406135149199084 ) ) ;
#5259 = ORIENTED_EDGE ( 'NONE', *, *, #3687, .F. ) ;
#5260 = EDGE_CURVE ( 'NONE', #7311, #8107, #4507, .T. ) ;
#5261 = DIRECTION ( 'NONE',  ( 0.000000000000000000, 0.000000000000000000, -1.000000000000000000 ) ) ;
#5262 = CARTESIAN_POINT ( 'NONE',  ( -91.83080728388220848, 4.000000000000000000, -27.18073553764855177 ) ) ;
#5263 = CARTESIAN_POINT ( 'NONE',  ( -4.970224485571302253, 4.378910007066727950, 52.52634113725033416 ) ) ;
#5264 = ORIENTED_EDGE ( 'NONE', *, *, #3475, .F. ) ;
#5265 = ORIENTED_EDGE ( 'NONE', *, *, #2893, .F. ) ;
#5266 = EDGE_LOOP ( 'NONE', ( #4676, #7349, #3844, #8446 ) ) ;
#5267 = LINE ( 'NONE', #8066, #1410 ) ;
#5268 = FACE_OUTER_BOUND ( 'NONE', #2971, .T. ) ;
#5269 = EDGE_CURVE ( 'NONE', #7606, #6273, #1992, .T. ) ;
#5270 = EDGE_CURVE ( 'NONE', #4296, #6965, #977, .T. ) ;
#5271 = EDGE_CURVE ( 'NONE', #4477, #3237, #8901, .T. ) ;
#5272 = ORIENTED_EDGE ( 'NONE', *, *, #7811, .F. ) ;
#5273 = CARTESIAN_POINT ( 'NONE',  ( -78.89999999999999147, 1.500000000000000000, -4.499999999999949374 ) ) ;
#5274 = EDGE_CURVE ( 'NONE', #3663, #6378, #1198, .T. ) ;
#5275 = ADVANCED_FACE ( 'NONE', ( #1287 ), #6786, .T. ) ;
#5276 = EDGE_LOOP ( 'NONE', ( #5338, #4309, #1749, #5557 ) ) ;
#5277 = ADVANCED_FACE ( 'NONE', ( #4850 ), #7653, .F. ) ;
#5278 = DIRECTION ( 'NONE',  ( -8.673617379884034239E-17, -1.000000000000000000, 0.000000000000000000 ) ) ;
#5279 = CYLINDRICAL_SURFACE ( 'NONE', #640, 46.00000000000000000 ) ;
#5280 = ORIENTED_EDGE ( 'NONE', *, *, #8402, .F. ) ;
#5281 = EDGE_CURVE ( 'NONE', #2807, #7732, #1576, .T. ) ;
#5282 = DIRECTION ( 'NONE',  ( 0.000000000000000000, -1.000000000000000000, 0.000000000000000000 ) ) ;
#5283 = DIRECTION ( 'NONE',  ( 1.000000000000000000, 0.000000000000000000, -0.000000000000000000 ) ) ;
#5284 = DIRECTION ( 'NONE',  ( -1.000000000000000000, -1.534251516482260666E-25, -0.000000000000000000 ) ) ;
#5285 = ORIENTED_EDGE ( 'NONE', *, *, #4666, .T. ) ;
#5286 = LINE ( 'NONE', #8082, #6567 ) ;
#5287 = VERTEX_POINT ( 'NONE', #634 ) ;
#5288 = EDGE_CURVE ( 'NONE', #8471, #4643, #2890, .T. ) ;
#5289 = CARTESIAN_POINT ( 'NONE',  ( 38.99999999999999289, 0.000000000000000000, -9.302235153908178233 ) ) ;
#5290 = DIRECTION ( 'NONE',  ( 0.000000000000000000, 0.000000000000000000, 1.000000000000000000 ) ) ;
#5291 = VERTEX_POINT ( 'NONE', #6839 ) ;
#5292 = DIRECTION ( 'NONE',  ( 0.000000000000000000, 1.000000000000000000, 0.000000000000000000 ) ) ;
#5293 = EDGE_CURVE ( 'NONE', #949, #4626, #1722, .T. ) ;
#5294 = FACE_OUTER_BOUND ( 'NONE', #3703, .T. ) ;
#5295 = CARTESIAN_POINT ( 'NONE',  ( 0.5529081518137379803, 6.460177631317811198, -50.00000000000000000 ) ) ;
#5296 = ADVANCED_FACE ( 'NONE', ( #8940 ), #5214, .F. ) ;
#5297 = DIRECTION ( 'NONE',  ( 0.000000000000000000, 1.000000000000000000, 0.000000000000000000 ) ) ;
#5298 = ORIENTED_EDGE ( 'NONE', *, *, #4356, .F. ) ;
#5299 = CARTESIAN_POINT ( 'NONE',  ( 41.87867965644035451, 8.646446609406746475, 5.121320343559641941 ) ) ;
#5300 = ORIENTED_EDGE ( 'NONE', *, *, #8724, .F. ) ;
#5301 = LINE ( 'NONE', #4920, #7505 ) ;
#5302 = VERTEX_POINT ( 'NONE', #3434 ) ;
#5303 = DIRECTION ( 'NONE',  ( 0.000000000000000000, 0.7071067811865574537, -0.7071067811865374697 ) ) ;
#5304 = CARTESIAN_POINT ( 'NONE',  ( -82.95000000000000284, -6.000000000000000000, 11.50000000000000000 ) ) ;
#5305 = EDGE_CURVE ( 'NONE', #7829, #7821, #6098, .T. ) ;
#5306 = CARTESIAN_POINT ( 'NONE',  ( -7.611023491189009782, 4.000000000000000000, -56.85365460874999854 ) ) ;
#5307 = CIRCLE ( 'NONE', #4122, 6.500000000000000000 ) ;
#5308 = VERTEX_POINT ( 'NONE', #465 ) ;
#5309 = ORIENTED_EDGE ( 'NONE', *, *, #6128, .F. ) ;
#5310 = ORIENTED_EDGE ( 'NONE', *, *, #4030, .T. ) ;
#5311 = AXIS2_PLACEMENT_3D ( 'NONE', #1336, #6290, #2664 ) ;
#5312 = CARTESIAN_POINT ( 'NONE',  ( -4.840694347878834236, 6.500000000000000888, -52.01428939873630952 ) ) ;
#5313 = AXIS2_PLACEMENT_3D ( 'NONE', #6911, #3473, #8295 ) ;
#5314 = CARTESIAN_POINT ( 'NONE',  ( -5.616384920805909786, 4.000000000000000000, 57.00000000000000000 ) ) ;
#5315 = DIRECTION ( 'NONE',  ( 0.000000000000000000, 1.000000000000000000, 0.000000000000000000 ) ) ;
#5316 = ORIENTED_EDGE ( 'NONE', *, *, #4488, .T. ) ;
#5317 = DIRECTION ( 'NONE',  ( 0.000000000000000000, 1.000000000000000000, 0.000000000000000000 ) ) ;
#5318 = VECTOR ( 'NONE', #4997, 1000.000000000000227 ) ;
#5319 = ORIENTED_EDGE ( 'NONE', *, *, #5112, .T. ) ;
#5320 = EDGE_CURVE ( 'NONE', #4211, #7745, #7483, .T. ) ;
#5321 = EDGE_CURVE ( 'NONE', #496, #4401, #3628, .T. ) ;
#5322 = CARTESIAN_POINT ( 'NONE',  ( -8.000000000000000000, 4.000000000000000000, 23.00000000000000000 ) ) ;
#5323 = CARTESIAN_POINT ( 'NONE',  ( -53.48771061000000060, 4.000000000000000000, 53.48771061000000060 ) ) ;
#5324 = VERTEX_POINT ( 'NONE', #8250 ) ;
#5325 = CARTESIAN_POINT ( 'NONE',  ( -1.658312395177696352, 6.499999999999999112, -50.00000000000000000 ) ) ;
#5326 = CARTESIAN_POINT ( 'NONE',  ( -86.00000000000000000, 0.000000000000000000, -13.54999999999999893 ) ) ;
#5327 = TOROIDAL_SURFACE ( 'NONE', #5601, 1.500000000000000000, 1.500000000000000000 ) ;
#5328 = CIRCLE ( 'NONE', #6350, 2.000000000000001776 ) ;
#5329 = CARTESIAN_POINT ( 'NONE',  ( -5.616384920805909786, 3.500000000000000000, 59.00000000000000000 ) ) ;
#5330 = ORIENTED_EDGE ( 'NONE', *, *, #1609, .F. ) ;
#5331 = DIRECTION ( 'NONE',  ( -1.000000000000000000, 0.000000000000000000, 0.000000000000000000 ) ) ;
#5332 = AXIS2_PLACEMENT_3D ( 'NONE', #10, #6855, #2799 ) ;
#5333 = ORIENTED_EDGE ( 'NONE', *, *, #3657, .F. ) ;
#5334 = AXIS2_PLACEMENT_3D ( 'NONE', #1998, #1947, #7556 ) ;
#5335 = CARTESIAN_POINT ( 'NONE',  ( 4.810925642724973805, 4.143771770860525727, -51.94417862342368863 ) ) ;
#5336 = CIRCLE ( 'NONE', #8703, 102.8386523170878064 ) ;
#5337 = CARTESIAN_POINT ( 'NONE',  ( 1.658312395177696352, 6.499999999999999112, -50.00000000000000000 ) ) ;
#5338 = ORIENTED_EDGE ( 'NONE', *, *, #414, .T. ) ;
#5339 = CARTESIAN_POINT ( 'NONE',  ( 2.000000000000008882, 54.00000000000000711, 53.00000000000000711 ) ) ;
#5340 = CARTESIAN_POINT ( 'NONE',  ( 8.000000000000000000, 0.000000000000000000, 25.50000000000000000 ) ) ;
#5341 = CARTESIAN_POINT ( 'NONE',  ( 1.638279988436955056E-14, 0.5000000000000071054, -28.33212343854039972 ) ) ;
#5342 = AXIS2_PLACEMENT_3D ( 'NONE', #7824, #5741, #2045 ) ;
#5343 = CONICAL_SURFACE ( 'NONE', #1972, 6.000000000000000000, 0.7853981633974758125 ) ;
#5344 = PLANE ( 'NONE',  #1955 ) ;
#5345 = CARTESIAN_POINT ( 'NONE',  ( -2.000000000000000000, 54.00000000000000711, -53.00000000000000000 ) ) ;
#5346 = ORIENTED_EDGE ( 'NONE', *, *, #5573, .T. ) ;
#5347 = EDGE_CURVE ( 'NONE', #2891, #5078, #4039, .T. ) ;
#5348 = VECTOR ( 'NONE', #2034, 1000.000000000000000 ) ;
#5349 = DIRECTION ( 'NONE',  ( 0.000000000000000000, 1.000000000000000000, 0.000000000000000000 ) ) ;
#5350 = AXIS2_PLACEMENT_3D ( 'NONE', #5339, #528, #6757 ) ;
#5351 = EDGE_LOOP ( 'NONE', ( #7159, #1371, #6049, #7695 ) ) ;
#5352 = CARTESIAN_POINT ( 'NONE',  ( 41.13670325315199250, 6.136703253156005289, 4.067603541682594859 ) ) ;
#5353 = LINE ( 'NONE', #8324, #5036 ) ;
#5354 = CIRCLE ( 'NONE', #2425, 2.999999999999999112 ) ;
#5355 = CARTESIAN_POINT ( 'NONE',  ( -5.616384920805930214, 4.000000000000000000, -59.00000000000000000 ) ) ;
#5356 = CONICAL_SURFACE ( 'NONE', #3594, 1.500000000000001332, 0.5779019369622441227 ) ;
#5357 = VERTEX_POINT ( 'NONE', #8855 ) ;
#5358 = EDGE_LOOP ( 'NONE', ( #7460, #1961, #2335, #3315 ) ) ;
#5359 = ORIENTED_EDGE ( 'NONE', *, *, #4497, .T. ) ;
#5360 = DIRECTION ( 'NONE',  ( -1.000000000000000000, 0.000000000000000000, -0.000000000000000000 ) ) ;
#5361 = VECTOR ( 'NONE', #4167, 1000.000000000000000 ) ;
#5362 = DIRECTION ( 'NONE',  ( -0.000000000000000000, 1.000000000000000000, -0.000000000000000000 ) ) ;
#5363 = CARTESIAN_POINT ( 'NONE',  ( 20.00000000000000000, 4.000000000000000000, -6.500000000000000000 ) ) ;
#5364 = ORIENTED_EDGE ( 'NONE', *, *, #7183, .F. ) ;
#5365 = DIRECTION ( 'NONE',  ( 0.000000000000000000, 1.000000000000000000, 0.000000000000000000 ) ) ;
#5366 = AXIS2_PLACEMENT_3D ( 'NONE', #5817, #8618, #2339 ) ;
#5367 = VECTOR ( 'NONE', #9045, 1000.000000000000000 ) ;
#5368 = VERTEX_POINT ( 'NONE', #558 ) ;
#5369 = CARTESIAN_POINT ( 'NONE',  ( -8.000000000000000000, 0.5000000000000000000, -23.00000000000000000 ) ) ;
#5370 = LINE ( 'NONE', #6658, #4618 ) ;
#5371 = CARTESIAN_POINT ( 'NONE',  ( 3.673940397442052472E-16, 4.000000000000000000, -47.99999999999999289 ) ) ;
#5372 = FACE_OUTER_BOUND ( 'NONE', #1050, .T. ) ;
#5373 = VECTOR ( 'NONE', #535, 1000.000000000000000 ) ;
#5374 = CARTESIAN_POINT ( 'NONE',  ( 8.500000000000001776, 2.399999999999999911, -27.00000000000000000 ) ) ;
#5375 = ORIENTED_EDGE ( 'NONE', *, *, #1309, .F. ) ;
#5376 = CARTESIAN_POINT ( 'NONE',  ( 40.26776695296639730, 5.267766952966383087, 4.032919260252334048 ) ) ;
#5377 = ORIENTED_EDGE ( 'NONE', *, *, #4890, .F. ) ;
#5378 = AXIS2_PLACEMENT_3D ( 'NONE', #6719, #2496, #5290 ) ;
#5379 = CARTESIAN_POINT ( 'NONE',  ( 4.970224485571305806, 4.378910007066867394, -52.52634113725157761 ) ) ;
#5380 = CARTESIAN_POINT ( 'NONE',  ( 0.000000000000000000, 0.000000000000000000, -58.50000000000000000 ) ) ;
#5381 = AXIS2_PLACEMENT_3D ( 'NONE', #3538, #3498, #1397 ) ;
#5382 = VERTEX_POINT ( 'NONE', #5408 ) ;
#5383 = DIRECTION ( 'NONE',  ( 0.000000000000000000, 0.000000000000000000, -1.000000000000000000 ) ) ;
#5384 = DIRECTION ( 'NONE',  ( 0.000000000000000000, 0.000000000000000000, 1.000000000000000000 ) ) ;
#5385 = CARTESIAN_POINT ( 'NONE',  ( -5.000000000000000000, 6.499999999999999112, -58.50000000000000000 ) ) ;
#5386 = CARTESIAN_POINT ( 'NONE',  ( -94.62981402016639265, 3.835180536393122175, 14.04392437542330363 ) ) ;
#5387 = EDGE_CURVE ( 'NONE', #7732, #2534, #1924, .T. ) ;
#5388 = EDGE_CURVE ( 'NONE', #2309, #2227, #2439, .T. ) ;
#5389 = CIRCLE ( 'NONE', #3629, 5.499999999999998224 ) ;
#5390 = DIRECTION ( 'NONE',  ( 0.000000000000000000, 0.000000000000000000, -1.000000000000000000 ) ) ;
#5391 = ORIENTED_EDGE ( 'NONE', *, *, #9073, .F. ) ;
#5392 = EDGE_CURVE ( 'NONE', #3097, #7513, #3387, .T. ) ;
#5393 = EDGE_CURVE ( 'NONE', #5324, #7632, #5497, .T. ) ;
#5394 = CARTESIAN_POINT ( 'NONE',  ( 40.99999999999998579, 7.035533905932738641, 3.806283306194070182 ) ) ;
#5395 = VERTEX_POINT ( 'NONE', #2751 ) ;
#5396 = CARTESIAN_POINT ( 'NONE',  ( 0.000000000000000000, 4.000000000000000000, 59.00000000000000000 ) ) ;
#5397 = CYLINDRICAL_SURFACE ( 'NONE', #5334, 3.000000000000000000 ) ;
#5398 = CARTESIAN_POINT ( 'NONE',  ( 0.000000000000000000, 0.000000000000000000, -25.50000000000000000 ) ) ;
#5399 = ORIENTED_EDGE ( 'NONE', *, *, #4888, .T. ) ;
#5400 = ORIENTED_EDGE ( 'NONE', *, *, #6242, .F. ) ;
#5401 = ORIENTED_EDGE ( 'NONE', *, *, #9026, .F. ) ;
#5402 = CARTESIAN_POINT ( 'NONE',  ( 35.00000000000000000, 1.699999999999999956, 0.000000000000000000 ) ) ;
#5403 = PLANE ( 'NONE',  #3719 ) ;
#5404 = CARTESIAN_POINT ( 'NONE',  ( 5.000000000000000000, 52.50000000000000711, -53.00000000000000000 ) ) ;
#5405 = EDGE_LOOP ( 'NONE', ( #8485, #3654 ) ) ;
#5406 = DIRECTION ( 'NONE',  ( 0.000000000000000000, 0.000000000000000000, -1.000000000000000000 ) ) ;
#5407 = ORIENTED_EDGE ( 'NONE', *, *, #3577, .T. ) ;
#5408 = CARTESIAN_POINT ( 'NONE',  ( -68.00000000000000000, 6.499999999999999112, -2.000000000000000888 ) ) ;
#5409 = FACE_OUTER_BOUND ( 'NONE', #7690, .T. ) ;
#5410 = CARTESIAN_POINT ( 'NONE',  ( 20.00000000000000000, 4.000000000000000000, 0.000000000000000000 ) ) ;
#5411 = CARTESIAN_POINT ( 'NONE',  ( 4.761394580298135892, 6.499999999999999112, 51.82752399943533561 ) ) ;
#5412 = EDGE_CURVE ( 'NONE', #3963, #6034, #8335, .T. ) ;
#5413 = VERTEX_POINT ( 'NONE', #4995 ) ;
#5414 = CARTESIAN_POINT ( 'NONE',  ( -92.00000000000000000, -6.000000000000000000, 13.75000000000000000 ) ) ;
#5415 = ORIENTED_EDGE ( 'NONE', *, *, #7471, .F. ) ;
#5416 = EDGE_CURVE ( 'NONE', #7989, #5852, #9069, .T. ) ;
#5417 = CARTESIAN_POINT ( 'NONE',  ( 7.043641827549277146, 4.000000000000000888, -51.18343147248440772 ) ) ;
#5418 = DIRECTION ( 'NONE',  ( 0.000000000000000000, 1.000000000000000000, 0.000000000000000000 ) ) ;
#5419 = ORIENTED_EDGE ( 'NONE', *, *, #5149, .T. ) ;
#5420 = CARTESIAN_POINT ( 'NONE',  ( 42.47865460874999854, 0.5000000000000281997, 8.824518986904575257 ) ) ;
#5421 = DIRECTION ( 'NONE',  ( -0.7893522173763266592, 0.000000000000000000, -0.6139406135149199084 ) ) ;
#5422 = FACE_OUTER_BOUND ( 'NONE', #603, .T. ) ;
#5423 = CARTESIAN_POINT ( 'NONE',  ( -8.000000000000000000, 10.00000000000000000, -21.00000000000000000 ) ) ;
#5424 = LINE ( 'NONE', #1308, #846 ) ;
#5425 = DIRECTION ( 'NONE',  ( -1.000000000000000000, 0.000000000000000000, 0.000000000000000000 ) ) ;
#5426 = EDGE_CURVE ( 'NONE', #393, #8850, #2978, .T. ) ;
#5427 = ORIENTED_EDGE ( 'NONE', *, *, #8558, .T. ) ;
#5428 = EDGE_CURVE ( 'NONE', #7999, #8785, #2727, .T. ) ;
#5429 = DIRECTION ( 'NONE',  ( 0.000000000000000000, 0.000000000000000000, 1.000000000000000000 ) ) ;
#5430 = CYLINDRICAL_SURFACE ( 'NONE', #7256, 1.500000000000001332 ) ;
#5431 = CARTESIAN_POINT ( 'NONE',  ( 7.611023491189009782, 0.5000000000000071054, -56.85365460874999854 ) ) ;
#5432 = PLANE ( 'NONE',  #7228 ) ;
#5433 = EDGE_LOOP ( 'NONE', ( #2713, #1131 ) ) ;
#5434 = EDGE_CURVE ( 'NONE', #1153, #6018, #8479, .T. ) ;
#5435 = ORIENTED_EDGE ( 'NONE', *, *, #4556, .F. ) ;
#5436 = VERTEX_POINT ( 'NONE', #4302 ) ;
#5437 = DIRECTION ( 'NONE',  ( 0.000000000000000000, 0.000000000000000000, -1.000000000000000000 ) ) ;
#5438 = DIRECTION ( 'NONE',  ( -0.000000000000000000, 1.000000000000000000, 0.000000000000000000 ) ) ;
#5439 = LINE ( 'NONE', #3382, #2701 ) ;
#5440 = ORIENTED_EDGE ( 'NONE', *, *, #1368, .T. ) ;
#5441 = DIRECTION ( 'NONE',  ( 1.000000000000000000, 0.000000000000000000, 0.000000000000000000 ) ) ;
#5442 = ADVANCED_FACE ( 'NONE', ( #2190 ), #3672, .F. ) ;
#5443 = VERTEX_POINT ( 'NONE', #1503 ) ;
#5444 = CIRCLE ( 'NONE', #8095, 2.500000000000000444 ) ;
#5445 = ADVANCED_FACE ( 'NONE', ( #4213 ), #2286, .F. ) ;
#5446 = CARTESIAN_POINT ( 'NONE',  ( 10.00000000000000000, 2.399999999999999911, -33.89999999999999858 ) ) ;
#5447 = FACE_OUTER_BOUND ( 'NONE', #5770, .T. ) ;
#5448 = CARTESIAN_POINT ( 'NONE',  ( 8.000000000000000000, 0.000000000000000000, 20.50000000000000000 ) ) ;
#5449 = DIRECTION ( 'NONE',  ( 0.000000000000000000, 0.000000000000000000, 1.000000000000000000 ) ) ;
#5450 = CIRCLE ( 'NONE', #6774, 1.500000000000001332 ) ;
#5451 = VERTEX_POINT ( 'NONE', #5041 ) ;
#5452 = CARTESIAN_POINT ( 'NONE',  ( -0.3229127228023873641, 4.408248290302524630, 50.00000000000191847 ) ) ;
#5453 = ORIENTED_EDGE ( 'NONE', *, *, #4393, .T. ) ;
#5454 = LINE ( 'NONE', #4733, #8728 ) ;
#5455 = AXIS2_PLACEMENT_3D ( 'NONE', #3664, #2222, #4205 ) ;
#5456 = CARTESIAN_POINT ( 'NONE',  ( -53.48771061000000060, 3.500000000000000000, 53.48771061000000060 ) ) ;
#5457 = CARTESIAN_POINT ( 'NONE',  ( -78.89999999999999147, 4.000000000000000000, 7.500000000000000000 ) ) ;
#5458 = ORIENTED_EDGE ( 'NONE', *, *, #1219, .T. ) ;
#5459 = AXIS2_PLACEMENT_3D ( 'NONE', #911, #3710, #6500 ) ;
#5460 = LINE ( 'NONE', #5553, #1797 ) ;
#5461 = CARTESIAN_POINT ( 'NONE',  ( -5.616384920805930214, 0.000000000000000000, -57.00000000000000000 ) ) ;
#5462 = CARTESIAN_POINT ( 'NONE',  ( 7.020929521015719210, 6.500000000000000888, 55.24505384011006726 ) ) ;
#5463 = DIRECTION ( 'NONE',  ( -1.000000000000000000, -0.000000000000000000, -0.000000000000000000 ) ) ;
#5464 = CARTESIAN_POINT ( 'NONE',  ( -87.00000000000000000, 4.000000000000000000, 7.500000000000000000 ) ) ;
#5465 = CIRCLE ( 'NONE', #8387, 1.500000000000001332 ) ;
#5466 = VECTOR ( 'NONE', #7413, 999.9999999999998863 ) ;
#5467 = CARTESIAN_POINT ( 'NONE',  ( -53.48771061000000060, 4.000000000000000000, -53.48771061000000060 ) ) ;
#5468 =( BOUNDED_CURVE ( )  B_SPLINE_CURVE ( 3, ( #2349, #2203, #1570, #4269 ),
 .UNSPECIFIED., .F., .F. ) 
 B_SPLINE_CURVE_WITH_KNOTS ( ( 4, 4 ),
 ( 0.000000000000000000, 0.5769313452364576156 ),
 .UNSPECIFIED. ) 
 CURVE ( )  GEOMETRIC_REPRESENTATION_ITEM ( )  RATIONAL_B_SPLINE_CURVE ( ( 1.000000000000000000, 0.9724543278264545787, 0.9724543278264545787, 1.000000000000000000 ) ) 
 REPRESENTATION_ITEM ( '' )  );
#5469 = DIRECTION ( 'NONE',  ( 0.000000000000000000, -0.7071067811865280328, 0.7071067811865670016 ) ) ;
#5470 = VERTEX_POINT ( 'NONE', #731 ) ;
#5471 = CIRCLE ( 'NONE', #8113, 2.500000000000002220 ) ;
#5472 = CARTESIAN_POINT ( 'NONE',  ( 0.000000000000000000, 4.000000000000000000, 45.00000000000000000 ) ) ;
#5473 = CIRCLE ( 'NONE', #6949, 1.500000000000001332 ) ;
#5474 = AXIS2_PLACEMENT_3D ( 'NONE', #429, #4649, #7344 ) ;
#5475 = CARTESIAN_POINT ( 'NONE',  ( -7.611023491189000900, 4.000000000000000000, 56.85365460874999854 ) ) ;
#5476 = CARTESIAN_POINT ( 'NONE',  ( -93.06768137013648357, 4.000000000000000000, -27.83212343854044590 ) ) ;
#5477 = DIRECTION ( 'NONE',  ( -1.734723475976804876E-16, 0.000000000000000000, -1.000000000000000000 ) ) ;
#5478 = ORIENTED_EDGE ( 'NONE', *, *, #4218, .T. ) ;
#5479 = AXIS2_PLACEMENT_3D ( 'NONE', #8377, #7012, #732 ) ;
#5480 = VERTEX_POINT ( 'NONE', #7709 ) ;
#5481 = ADVANCED_FACE ( 'NONE', ( #3624 ), #8572, .F. ) ;
#5482 = ORIENTED_EDGE ( 'NONE', *, *, #615, .T. ) ;
#5483 = DIRECTION ( 'NONE',  ( 0.000000000000000000, -1.000000000000000000, 0.000000000000000000 ) ) ;
#5484 = ORIENTED_EDGE ( 'NONE', *, *, #2126, .T. ) ;
#5485 = LINE ( 'NONE', #8846, #8841 ) ;
#5486 = AXIS2_PLACEMENT_3D ( 'NONE', #2081, #6899, #2862 ) ;
#5487 = CARTESIAN_POINT ( 'NONE',  ( -82.95000000000000284, 1.500000000000000000, 11.50000000000000000 ) ) ;
#5488 = CIRCLE ( 'NONE', #6824, 1.500000000000001332 ) ;
#5489 = VECTOR ( 'NONE', #7113, 1000.000000000000000 ) ;
#5490 = DIRECTION ( 'NONE',  ( 0.000000000000000000, 1.000000000000000000, 0.000000000000000000 ) ) ;
#5491 = EDGE_CURVE ( 'NONE', #6002, #8615, #7278, .T. ) ;
#5492 = EDGE_CURVE ( 'NONE', #5528, #1683, #1710, .T. ) ;
#5493 = EDGE_LOOP ( 'NONE', ( #3910, #8888, #1276, #8646, #2946 ) ) ;
#5494 = EDGE_CURVE ( 'NONE', #4557, #4769, #8012, .T. ) ;
#5495 = AXIS2_PLACEMENT_3D ( 'NONE', #8588, #152, #1709 ) ;
#5496 = ADVANCED_FACE ( 'NONE', ( #6461 ), #7049, .F. ) ;
#5497 = LINE ( 'NONE', #4116, #4339 ) ;
#5498 = LINE ( 'NONE', #6970, #507 ) ;
#5499 = LINE ( 'NONE', #8300, #931 ) ;
#5500 = FACE_OUTER_BOUND ( 'NONE', #8364, .T. ) ;
#5501 = VECTOR ( 'NONE', #8432, 1000.000000000000000 ) ;
#5502 = ORIENTED_EDGE ( 'NONE', *, *, #2980, .F. ) ;
#5503 = CARTESIAN_POINT ( 'NONE',  ( -1.381738960523364756, 6.499999985749620457, 50.00000000000000000 ) ) ;
#5504 = AXIS2_PLACEMENT_3D ( 'NONE', #7626, #6252, #6326 ) ;
#5505 = EDGE_CURVE ( 'NONE', #5956, #5119, #7155, .T. ) ;
#5506 = ORIENTED_EDGE ( 'NONE', *, *, #6733, .F. ) ;
#5507 = DIRECTION ( 'NONE',  ( 1.000000000000000000, 0.000000000000000000, 0.000000000000000000 ) ) ;
#5508 = CARTESIAN_POINT ( 'NONE',  ( 37.96446609406726935, 4.000000000000000000, -9.035533905932723542 ) ) ;
#5509 = CARTESIAN_POINT ( 'NONE',  ( -82.95000000000000284, -6.000000000000000000, 10.25000000000000000 ) ) ;
#5510 = AXIS2_PLACEMENT_3D ( 'NONE', #7905, #3683, #285 ) ;
#5511 = EDGE_LOOP ( 'NONE', ( #1493, #1910, #4569, #7367, #5587, #1864 ) ) ;
#5512 = DIRECTION ( 'NONE',  ( 0.000000000000000000, -1.000000000000000000, 0.000000000000000000 ) ) ;
#5513 = CYLINDRICAL_SURFACE ( 'NONE', #3903, 3.000000000000002665 ) ;
#5514 = DIRECTION ( 'NONE',  ( 0.000000000000000000, 0.000000000000000000, 1.000000000000000000 ) ) ;
#5515 = FACE_OUTER_BOUND ( 'NONE', #547, .T. ) ;
#5516 = ORIENTED_EDGE ( 'NONE', *, *, #6766, .T. ) ;
#5517 = CARTESIAN_POINT ( 'NONE',  ( -94.86498890820631402, 3.835180536394205308, -15.65296246564162885 ) ) ;
#5518 = CIRCLE ( 'NONE', #5813, 1.500000000000001332 ) ;
#5519 = CARTESIAN_POINT ( 'NONE',  ( -65.00000000000000000, 4.000000000000000000, 1.999999999999999112 ) ) ;
#5520 = CARTESIAN_POINT ( 'NONE',  ( -8.000000000000000000, 0.4999999999999730216, 23.00000000000000000 ) ) ;
#5521 = ORIENTED_EDGE ( 'NONE', *, *, #5281, .T. ) ;
#5522 = CARTESIAN_POINT ( 'NONE',  ( 48.49999999999999289, 0.000000000000000000, -6.825348632742803012 ) ) ;
#5523 = VECTOR ( 'NONE', #7616, 1000.000000000000000 ) ;
#5524 = DIRECTION ( 'NONE',  ( 0.000000000000000000, -1.000000000000000000, 0.000000000000000000 ) ) ;
#5525 = DIRECTION ( 'NONE',  ( -0.000000000000000000, 0.7071067811865475727, 0.7071067811865475727 ) ) ;
#5526 =( BOUNDED_CURVE ( )  B_SPLINE_CURVE ( 3, ( #1086, #5394, #7461, #5299 ),
 .UNSPECIFIED., .F., .F. ) 
 B_SPLINE_CURVE_WITH_KNOTS ( ( 4, 4 ),
 ( 0.000000000000000000, 0.7853981633974477239 ),
 .UNSPECIFIED. ) 
 CURVE ( )  GEOMETRIC_REPRESENTATION_ITEM ( )  RATIONAL_B_SPLINE_CURVE ( ( 1.000000000000000000, 0.9492530216741912330, 0.9492530216741912330, 1.000000000000000000 ) ) 
 REPRESENTATION_ITEM ( '' )  );
#5527 = DIRECTION ( 'NONE',  ( 0.000000000000000000, 0.000000000000000000, -1.000000000000000000 ) ) ;
#5528 = VERTEX_POINT ( 'NONE', #5089 ) ;
#5529 = EDGE_CURVE ( 'NONE', #4107, #8514, #4053, .T. ) ;
#5530 = ORIENTED_EDGE ( 'NONE', *, *, #6573, .T. ) ;
#5531 = CARTESIAN_POINT ( 'NONE',  ( -59.50000000000000000, 4.000000000000000000, -2.000000000000000888 ) ) ;
#5532 = ORIENTED_EDGE ( 'NONE', *, *, #2923, .F. ) ;
#5533 = DIRECTION ( 'NONE',  ( 0.000000000000000000, 1.000000000000000000, 0.000000000000000000 ) ) ;
#5534 = CARTESIAN_POINT ( 'NONE',  ( 0.000000000000000000, 4.000000000000000000, 45.00000000000000000 ) ) ;
#5535 = EDGE_LOOP ( 'NONE', ( #5156, #7064, #8119, #2105 ) ) ;
#5536 = ORIENTED_EDGE ( 'NONE', *, *, #8502, .T. ) ;
#5537 = DIRECTION ( 'NONE',  ( 1.000000000000000000, 0.000000000000000000, 0.000000000000000000 ) ) ;
#5538 = CARTESIAN_POINT ( 'NONE',  ( 2.000000000000000000, 6.499999999999999112, -53.00000000000000711 ) ) ;
#5539 = ADVANCED_FACE ( 'NONE', ( #8376 ), #94, .T. ) ;
#5540 = DIRECTION ( 'NONE',  ( 0.000000000000000000, -1.000000000000000000, 0.000000000000000000 ) ) ;
#5541 = EDGE_CURVE ( 'NONE', #8945, #6710, #3568, .T. ) ;
#5542 = LINE ( 'NONE', #6241, #9023 ) ;
#5543 = ADVANCED_FACE ( 'NONE', ( #875 ), #2099, .F. ) ;
#5544 = ORIENTED_EDGE ( 'NONE', *, *, #7135, .F. ) ;
#5545 = CARTESIAN_POINT ( 'NONE',  ( 4.977276080935518543, 6.456709782108840834, -53.42358858158609536 ) ) ;
#5546 = ADVANCED_FACE ( 'NONE', ( #3807 ), #4644, .F. ) ;
#5547 = ORIENTED_EDGE ( 'NONE', *, *, #6128, .T. ) ;
#5548 = CARTESIAN_POINT ( 'NONE',  ( 53.48771061000000060, 4.000000000000000000, -53.48771061000000060 ) ) ;
#5549 = EDGE_CURVE ( 'NONE', #7010, #4342, #7701, .T. ) ;
#5550 = DIRECTION ( 'NONE',  ( 0.000000000000000000, 0.000000000000000000, 1.000000000000000000 ) ) ;
#5551 = DIRECTION ( 'NONE',  ( 0.000000000000000000, 0.000000000000000000, 1.000000000000000000 ) ) ;
#5552 = ORIENTED_EDGE ( 'NONE', *, *, #153, .T. ) ;
#5553 = CARTESIAN_POINT ( 'NONE',  ( -97.31266482493280989, 4.000000000000000000, -25.82738003130310034 ) ) ;
#5554 = FACE_OUTER_BOUND ( 'NONE', #3529, .T. ) ;
#5555 = LINE ( 'NONE', #3452, #6795 ) ;
#5556 =( NAMED_UNIT ( * ) PLANE_ANGLE_UNIT ( ) SI_UNIT ( $, .RADIAN. ) );
#5557 = ORIENTED_EDGE ( 'NONE', *, *, #4315, .F. ) ;
#5558 = CARTESIAN_POINT ( 'NONE',  ( 49.03091628858761197, 7.957294347606452156, -4.042705652393971505 ) ) ;
#5559 = EDGE_CURVE ( 'NONE', #3984, #4342, #7570, .T. ) ;
#5560 = CARTESIAN_POINT ( 'NONE',  ( -78.89999999999999147, 1.000000000000000000, 0.000000000000000000 ) ) ;
#5561 = DIRECTION ( 'NONE',  ( 8.953411488912562542E-16, 0.000000000000000000, 1.000000000000000000 ) ) ;
#5562 = ORIENTED_EDGE ( 'NONE', *, *, #7965, .F. ) ;
#5563 = EDGE_CURVE ( 'NONE', #1181, #8647, #5957, .T. ) ;
#5564 = CARTESIAN_POINT ( 'NONE',  ( 10.00000000000000000, 4.000000000000000000, -32.40000000000001279 ) ) ;
#5565 = ADVANCED_FACE ( 'NONE', ( #1642 ), #6645, .T. ) ;
#5566 = CARTESIAN_POINT ( 'NONE',  ( 40.99999999999999289, 6.000000000000005329, -6.000000000000000000 ) ) ;
#5567 = DIRECTION ( 'NONE',  ( 0.000000000000000000, -0.000000000000000000, 1.000000000000000000 ) ) ;
#5568 = CARTESIAN_POINT ( 'NONE',  ( 5.616384920805909786, 4.000000000000000000, 57.00000000000000000 ) ) ;
#5569 = ORIENTED_EDGE ( 'NONE', *, *, #4074, .F. ) ;
#5570 = VERTEX_POINT ( 'NONE', #316 ) ;
#5571 = FACE_OUTER_BOUND ( 'NONE', #1158, .T. ) ;
#5572 = EDGE_LOOP ( 'NONE', ( #2802, #3454, #6756, #4437, #4177, #2343, #4036 ) ) ;
#5573 = EDGE_CURVE ( 'NONE', #656, #7021, #965, .T. ) ;
#5574 = CARTESIAN_POINT ( 'NONE',  ( -86.00000000000000000, 1.000000000000000000, -12.55000000000000071 ) ) ;
#5575 = CARTESIAN_POINT ( 'NONE',  ( -8.000000000000000000, 3.500000000000000000, -21.00000000000000000 ) ) ;
#5576 = ORIENTED_EDGE ( 'NONE', *, *, #8516, .T. ) ;
#5577 = ORIENTED_EDGE ( 'NONE', *, *, #360, .T. ) ;
#5578 = DIRECTION ( 'NONE',  ( -1.734723475976805517E-15, 0.000000000000000000, 1.000000000000000000 ) ) ;
#5579 = DIRECTION ( 'NONE',  ( 1.000000000000000000, 0.000000000000000000, 0.000000000000000000 ) ) ;
#5580 = DIRECTION ( 'NONE',  ( -1.000000000000000000, 0.000000000000000000, -1.156482317317864034E-15 ) ) ;
#5581 = CARTESIAN_POINT ( 'NONE',  ( -53.48771061000000060, 0.5000000000000071054, 53.48771061000000060 ) ) ;
#5582 = EDGE_LOOP ( 'NONE', ( #1953, #6397, #6574, #8496 ) ) ;
#5583 = CARTESIAN_POINT ( 'NONE',  ( -63.50000000000000000, 52.50000000000000711, 0.000000000000000000 ) ) ;
#5584 = AXIS2_PLACEMENT_3D ( 'NONE', #7233, #8648, #2366 ) ;
#5585 = EDGE_CURVE ( 'NONE', #6136, #4981, #1269, .T. ) ;
#5586 = VECTOR ( 'NONE', #1631, 1000.000000000000000 ) ;
#5587 = ORIENTED_EDGE ( 'NONE', *, *, #2728, .F. ) ;
#5588 = CARTESIAN_POINT ( 'NONE',  ( 20.00000000000000000, 4.000000000000000000, 6.500000000000000000 ) ) ;
#5589 = DIRECTION ( 'NONE',  ( -1.777242855885945565E-15, 0.000000000000000000, 1.000000000000000000 ) ) ;
#5590 = DIRECTION ( 'NONE',  ( 0.000000000000000000, 1.000000000000000000, 0.000000000000000000 ) ) ;
#5591 = EDGE_LOOP ( 'NONE', ( #419, #2403, #2475, #2914 ) ) ;
#5592 = CARTESIAN_POINT ( 'NONE',  ( -53.48771061000000060, 3.500000000000000000, 53.48771061000000060 ) ) ;
#5593 = CARTESIAN_POINT ( 'NONE',  ( 35.00000000000000000, 4.000000000000000000, -1.500000000000000000 ) ) ;
#5594 = AXIS2_PLACEMENT_3D ( 'NONE', #8076, #287, #3086 ) ;
#5595 = FACE_OUTER_BOUND ( 'NONE', #5038, .T. ) ;
#5596 = FILL_AREA_STYLE_COLOUR ( '', #6798 ) ;
#5597 = ORIENTED_EDGE ( 'NONE', *, *, #7866, .T. ) ;
#5598 = DIRECTION ( 'NONE',  ( 5.476786982642028093E-17, 0.8944271909999157444, -0.4472135954999583718 ) ) ;
#5599 = ADVANCED_FACE ( 'NONE', ( #2513 ), #8030, .T. ) ;
#5600 = LINE ( 'NONE', #8453, #6559 ) ;
#5601 = AXIS2_PLACEMENT_3D ( 'NONE', #2743, #8166, #6227 ) ;
#5602 = VECTOR ( 'NONE', #8930, 1000.000000000000000 ) ;
#5603 = DIRECTION ( 'NONE',  ( -0.000000000000000000, -1.000000000000000000, -0.000000000000000000 ) ) ;
#5604 = EDGE_LOOP ( 'NONE', ( #7708, #2389, #2323, #7355 ) ) ;
#5605 = LINE ( 'NONE', #4934, #3897 ) ;
#5606 = DIRECTION ( 'NONE',  ( -1.000000000000000000, 0.000000000000000000, 0.000000000000000000 ) ) ;
#5607 = DIRECTION ( 'NONE',  ( 1.000000000000000000, 0.000000000000000000, 0.000000000000000000 ) ) ;
#5608 = AXIS2_PLACEMENT_3D ( 'NONE', #5574, #8368, #1413 ) ;
#5609 = AXIS2_PLACEMENT_3D ( 'NONE', #5703, #6996, #5023 ) ;
#5610 = EDGE_LOOP ( 'NONE', ( #787, #7182, #2476, #7562, #6922, #4424, #89, #8382 ) ) ;
#5611 = FACE_OUTER_BOUND ( 'NONE', #7760, .T. ) ;
#5612 = ADVANCED_FACE ( 'NONE', ( #7294 ), #4929, .F. ) ;
#5613 = ORIENTED_EDGE ( 'NONE', *, *, #2864, .F. ) ;
#5614 = CIRCLE ( 'NONE', #7388, 2.500000000000000444 ) ;
#5615 = CIRCLE ( 'NONE', #6069, 5.499999999999998224 ) ;
#5616 = AXIS2_PLACEMENT_3D ( 'NONE', #3329, #6811, #1685 ) ;
#5617 = ORIENTED_EDGE ( 'NONE', *, *, #7870, .T. ) ;
#5618 = PLANE ( 'NONE',  #6770 ) ;
#5619 = CONICAL_SURFACE ( 'NONE', #4754, 46.50000000000000000, 0.7853981633974348453 ) ;
#5620 = ORIENTED_EDGE ( 'NONE', *, *, #8978, .F. ) ;
#5621 = FACE_OUTER_BOUND ( 'NONE', #7833, .T. ) ;
#5622 = DIRECTION ( 'NONE',  ( 0.000000000000000000, 0.000000000000000000, 1.000000000000000000 ) ) ;
#5623 = AXIS2_PLACEMENT_3D ( 'NONE', #3836, #7421, #4527 ) ;
#5624 = DIRECTION ( 'NONE',  ( 0.000000000000000000, 0.000000000000000000, -1.000000000000000000 ) ) ;
#5625 = VECTOR ( 'NONE', #1012, 1000.000000000000000 ) ;
#5626 = ORIENTED_EDGE ( 'NONE', *, *, #615, .F. ) ;
#5627 = ORIENTED_EDGE ( 'NONE', *, *, #8837, .F. ) ;
#5628 = DIRECTION ( 'NONE',  ( 0.000000000000000000, 0.8944271909999157444, 0.4472135954999583718 ) ) ;
#5629 = CARTESIAN_POINT ( 'NONE',  ( 20.00000000000000000, 0.4999999999999730216, -6.000000000000000000 ) ) ;
#5630 = CIRCLE ( 'NONE', #1688, 5.500000000000000000 ) ;
#5631 = DIRECTION ( 'NONE',  ( 1.000000000000000000, 0.000000000000000000, 4.679188323358490620E-15 ) ) ;
#5632 = DIRECTION ( 'NONE',  ( 1.000000000000000000, 0.000000000000000000, 4.679188323358490620E-15 ) ) ;
#5633 = AXIS2_PLACEMENT_3D ( 'NONE', #146, #5725, #8529 ) ;
#5634 = VERTEX_POINT ( 'NONE', #1600 ) ;
#5635 = CARTESIAN_POINT ( 'NONE',  ( -53.48771061000000060, 0.000000000000000000, 53.48771061000000060 ) ) ;
#5636 = AXIS2_PLACEMENT_3D ( 'NONE', #1754, #4652, #7445 ) ;
#5637 = ORIENTED_EDGE ( 'NONE', *, *, #402, .T. ) ;
#5638 = CARTESIAN_POINT ( 'NONE',  ( -92.00000000000000000, 0.000000000000000000, -13.75000000000000000 ) ) ;
#5639 = FACE_OUTER_BOUND ( 'NONE', #8040, .T. ) ;
#5640 = DIRECTION ( 'NONE',  ( 1.000000000000000000, 0.000000000000000000, 0.000000000000000000 ) ) ;
#5641 = ADVANCED_FACE ( 'NONE', ( #8795 ), #1011, .F. ) ;
#5642 = ORIENTED_EDGE ( 'NONE', *, *, #8809, .F. ) ;
#5643 = CARTESIAN_POINT ( 'NONE',  ( -82.95000000000000284, 4.000000000000000000, 7.750000000000000000 ) ) ;
#5644 = FACE_OUTER_BOUND ( 'NONE', #8617, .T. ) ;
#5645 = AXIS2_PLACEMENT_3D ( 'NONE', #1327, #2103, #690 ) ;
#5646 = DIRECTION ( 'NONE',  ( 0.000000000000000000, 0.000000000000000000, -1.000000000000000000 ) ) ;
#5647 = CARTESIAN_POINT ( 'NONE',  ( -24.77192307692305207, 0.000000000000000000, 31.84961538461535113 ) ) ;
#5648 = ORIENTED_EDGE ( 'NONE', *, *, #7602, .F. ) ;
#5649 = CARTESIAN_POINT ( 'NONE',  ( 48.92828181434518342, 11.13782398711706811, -3.762387228444404208 ) ) ;
#5650 = FACE_BOUND ( 'NONE', #5405, .T. ) ;
#5651 = AXIS2_PLACEMENT_3D ( 'NONE', #4256, #2931, #5578 ) ;
#5652 = ORIENTED_EDGE ( 'NONE', *, *, #5812, .F. ) ;
#5653 = DIRECTION ( 'NONE',  ( -0.5830680359095591347, 0.7071067811865271446, -0.4000395799175350264 ) ) ;
#5654 = VERTEX_POINT ( 'NONE', #7197 ) ;
#5655 = CARTESIAN_POINT ( 'NONE',  ( 7.611023491189009782, 3.500000000000000000, -56.85365460874999854 ) ) ;
#5656 = EDGE_CURVE ( 'NONE', #4713, #5395, #677, .T. ) ;
#5657 = DIRECTION ( 'NONE',  ( 0.000000000000000000, 1.000000000000000000, 0.000000000000000000 ) ) ;
#5658 = DIRECTION ( 'NONE',  ( 1.000000000000000000, 0.000000000000000000, 0.000000000000000000 ) ) ;
#5659 = EDGE_CURVE ( 'NONE', #3111, #6826, #5800, .T. ) ;
#5660 = AXIS2_PLACEMENT_3D ( 'NONE', #2907, #5697, #7874 ) ;
#5661 = ORIENTED_EDGE ( 'NONE', *, *, #4888, .F. ) ;
#5662 = EDGE_CURVE ( 'NONE', #3157, #7791, #8156, .T. ) ;
#5663 = FACE_OUTER_BOUND ( 'NONE', #290, .T. ) ;
#5664 = EDGE_CURVE ( 'NONE', #730, #3984, #249, .T. ) ;
#5665 = EDGE_LOOP ( 'NONE', ( #5074, #303, #6170, #2956, #4578, #145 ) ) ;
#5666 = AXIS2_PLACEMENT_3D ( 'NONE', #4452, #8037, #1750 ) ;
#5667 = ORIENTED_EDGE ( 'NONE', *, *, #5491, .T. ) ;
#5668 = FACE_OUTER_BOUND ( 'NONE', #4338, .T. ) ;
#5669 = VECTOR ( 'NONE', #4560, 1000.000000000000000 ) ;
#5670 = VERTEX_POINT ( 'NONE', #3846 ) ;
#5671 = DIRECTION ( 'NONE',  ( 0.000000000000000000, -1.000000000000000000, 0.000000000000000000 ) ) ;
#5672 = CARTESIAN_POINT ( 'NONE',  ( 0.000000000000000000, 52.50000000000000711, -54.50000000000000000 ) ) ;
#5673 = CARTESIAN_POINT ( 'NONE',  ( -196.3386523170879912, 4.000000000000000000, -1.387778780781445991E-14 ) ) ;
#5674 = ORIENTED_EDGE ( 'NONE', *, *, #1903, .T. ) ;
#5675 = ORIENTED_EDGE ( 'NONE', *, *, #4646, .T. ) ;
#5676 = ORIENTED_EDGE ( 'NONE', *, *, #1968, .F. ) ;
#5677 = DIRECTION ( 'NONE',  ( 0.000000000000000000, -1.000000000000000000, 0.000000000000000000 ) ) ;
#5678 = FACE_OUTER_BOUND ( 'NONE', #1913, .T. ) ;
#5679 = LINE ( 'NONE', #4399, #6331 ) ;
#5680 = CARTESIAN_POINT ( 'NONE',  ( -53.48771061000000060, 4.000000000000000000, -53.48771061000000060 ) ) ;
#5681 = ORIENTED_EDGE ( 'NONE', *, *, #5105, .F. ) ;
#5682 = CARTESIAN_POINT ( 'NONE',  ( 41.38311478329331550, 7.737911008637200716, -4.519203881093257991 ) ) ;
#5683 = EDGE_LOOP ( 'NONE', ( #7100, #4951, #7140, #1606 ) ) ;
#5684 = DIRECTION ( 'NONE',  ( 0.000000000000000000, 0.000000000000000000, 1.000000000000000000 ) ) ;
#5685 = DIRECTION ( 'NONE',  ( 1.000000000000000000, 0.000000000000000000, 0.000000000000000000 ) ) ;
#5686 = EDGE_LOOP ( 'NONE', ( #6736, #3603, #7055, #4120 ) ) ;
#5687 = EDGE_CURVE ( 'NONE', #1712, #772, #5267, .T. ) ;
#5688 = CARTESIAN_POINT ( 'NONE',  ( 40.99999999999999289, 52.50000000000000711, 6.000000000000000000 ) ) ;
#5689 = DIRECTION ( 'NONE',  ( 0.000000000000000000, 0.7071067811865670016, -0.7071067811865280328 ) ) ;
#5690 = DIRECTION ( 'NONE',  ( -4.088782444489047991E-16, 0.7071067811865374697, 0.7071067811865575647 ) ) ;
#5691 = CARTESIAN_POINT ( 'NONE',  ( -63.50000000000000000, 54.00000000000000711, -2.000000000000000888 ) ) ;
#5692 = ORIENTED_EDGE ( 'NONE', *, *, #2321, .F. ) ;
#5693 = CARTESIAN_POINT ( 'NONE',  ( 1.658312395177694576, 3.999999999999986233, 50.00000000000000711 ) ) ;
#5694 = ADVANCED_FACE ( 'NONE', ( #1783 ), #764, .F. ) ;
#5695 = CARTESIAN_POINT ( 'NONE',  ( -4.899699365729259348, 6.484756504269970634, 52.20532830491806209 ) ) ;
#5696 = ORIENTED_EDGE ( 'NONE', *, *, #2311, .T. ) ;
#5697 = DIRECTION ( 'NONE',  ( -0.000000000000000000, 0.000000000000000000, 1.000000000000000000 ) ) ;
#5698 = VERTEX_POINT ( 'NONE', #1915 ) ;
#5699 = CARTESIAN_POINT ( 'NONE',  ( -8.000000000000000000, 10.00000000000000000, -21.00000000000000000 ) ) ;
#5700 = CARTESIAN_POINT ( 'NONE',  ( 53.48771061000000060, 0.5000000000000281997, 53.48771061000000060 ) ) ;
#5701 = CARTESIAN_POINT ( 'NONE',  ( 0.000000000000000000, 1.699999999999999956, -45.00000000000000000 ) ) ;
#5702 = ORIENTED_EDGE ( 'NONE', *, *, #2598, .F. ) ;
#5703 = CARTESIAN_POINT ( 'NONE',  ( -66.50000000000000000, 52.50000000000000711, 1.999999999999999112 ) ) ;
#5704 = ORIENTED_EDGE ( 'NONE', *, *, #6856, .T. ) ;
#5705 = ADVANCED_FACE ( 'NONE', ( #6738 ), #8638, .F. ) ;
#5706 = ADVANCED_FACE ( 'NONE', ( #7474 ), #3247, .F. ) ;
#5707 = VERTEX_POINT ( 'NONE', #7515 ) ;
#5708 = DIRECTION ( 'NONE',  ( 0.000000000000000000, 0.7071067811865280328, 0.7071067811865670016 ) ) ;
#5709 = ORIENTED_EDGE ( 'NONE', *, *, #1912, .F. ) ;
#5710 = LINE ( 'NONE', #5304, #8400 ) ;
#5711 = DIRECTION ( 'NONE',  ( 0.000000000000000000, 0.000000000000000000, 1.000000000000000000 ) ) ;
#5712 = CARTESIAN_POINT ( 'NONE',  ( -62.00000000000000000, 6.499999999999999112, 1.999999999999999112 ) ) ;
#5713 = ORIENTED_EDGE ( 'NONE', *, *, #14, .F. ) ;
#5714 = EDGE_LOOP ( 'NONE', ( #1010, #2276, #2221, #6359 ) ) ;
#5715 = ORIENTED_EDGE ( 'NONE', *, *, #8634, .F. ) ;
#5716 = DIRECTION ( 'NONE',  ( 0.000000000000000000, 0.000000000000000000, -1.000000000000000000 ) ) ;
#5717 = CARTESIAN_POINT ( 'NONE',  ( -196.3386523170879912, 3.500000000000000000, -1.387778780781445991E-14 ) ) ;
#5718 = CARTESIAN_POINT ( 'NONE',  ( -82.95000000000000284, 1.000000000000000000, 11.50000000000000000 ) ) ;
#5719 = CARTESIAN_POINT ( 'NONE',  ( 4.738688829644934764, 4.000000000000003553, 54.22457482187823530 ) ) ;
#5720 = ADVANCED_FACE ( 'NONE', ( #4638 ), #4032, .T. ) ;
#5721 = VERTEX_POINT ( 'NONE', #8110 ) ;
#5722 = DIRECTION ( 'NONE',  ( 0.000000000000000000, -1.000000000000000000, 1.734723475976806848E-16 ) ) ;
#5723 = ADVANCED_FACE ( 'NONE', ( #6828 ), #1644, .F. ) ;
#5724 = ORIENTED_EDGE ( 'NONE', *, *, #8575, .F. ) ;
#5725 = DIRECTION ( 'NONE',  ( 0.000000000000000000, -1.000000000000000000, 0.000000000000000000 ) ) ;
#5726 = FACE_OUTER_BOUND ( 'NONE', #474, .T. ) ;
#5727 = CARTESIAN_POINT ( 'NONE',  ( 4.761394580298129675, 6.499999999999999112, -51.82752399943534272 ) ) ;
#5728 = ORIENTED_EDGE ( 'NONE', *, *, #2913, .F. ) ;
#5729 = DIRECTION ( 'NONE',  ( 0.000000000000000000, 0.000000000000000000, -1.000000000000000000 ) ) ;
#5730 = LINE ( 'NONE', #3182, #2123 ) ;
#5731 = CARTESIAN_POINT ( 'NONE',  ( -5.616384920805909786, 0.000000000000000000, 57.00000000000000000 ) ) ;
#5732 = ORIENTED_EDGE ( 'NONE', *, *, #3674, .T. ) ;
#5733 = CARTESIAN_POINT ( 'NONE',  ( 1.381640767958990379, 6.499999985702324956, 50.00000000000000000 ) ) ;
#5734 = DIRECTION ( 'NONE',  ( 0.000000000000000000, 1.000000000000000000, 0.000000000000000000 ) ) ;
#5735 = EDGE_LOOP ( 'NONE', ( #8403, #5399, #1756, #208 ) ) ;
#5736 = CIRCLE ( 'NONE', #4421, 1.999999999999998224 ) ;
#5737 = LINE ( 'NONE', #8545, #3772 ) ;
#5738 = ORIENTED_EDGE ( 'NONE', *, *, #4313, .T. ) ;
#5739 = CONICAL_SURFACE ( 'NONE', #1215, 46.00000000000000000, 0.7853981633974419507 ) ;
#5740 = LINE ( 'NONE', #210, #2121 ) ;
#5741 = DIRECTION ( 'NONE',  ( -0.000000000000000000, 1.000000000000000000, -0.000000000000000000 ) ) ;
#5742 = ORIENTED_EDGE ( 'NONE', *, *, #1533, .T. ) ;
#5743 = CONICAL_SURFACE ( 'NONE', #1803, 2.000000000000001776, 0.7853981633974419507 ) ;
#5744 = FACE_OUTER_BOUND ( 'NONE', #8355, .T. ) ;
#5745 = AXIS2_PLACEMENT_3D ( 'NONE', #3417, #8363, #4885 ) ;
#5746 = ORIENTED_EDGE ( 'NONE', *, *, #1630, .T. ) ;
#5747 = ORIENTED_EDGE ( 'NONE', *, *, #7008, .F. ) ;
#5748 = AXIS2_PLACEMENT_3D ( 'NONE', #7149, #7093, #4947 ) ;
#5749 = CARTESIAN_POINT ( 'NONE',  ( 2.000000000000008882, 52.50000000000000711, 50.00000000000000000 ) ) ;
#5750 = VERTEX_POINT ( 'NONE', #8288 ) ;
#5751 = VECTOR ( 'NONE', #5153, 999.9999999999998863 ) ;
#5752 = DIRECTION ( 'NONE',  ( -1.000000000000000000, 0.000000000000000000, 0.000000000000000000 ) ) ;
#5753 = DIRECTION ( 'NONE',  ( -1.000000000000000000, 0.000000000000000000, 0.000000000000000000 ) ) ;
#5754 = DIRECTION ( 'NONE',  ( 0.000000000000000000, 0.000000000000000000, -1.000000000000000000 ) ) ;
#5755 = AXIS2_PLACEMENT_3D ( 'NONE', #2541, #7358, #5936 ) ;
#5756 = ORIENTED_EDGE ( 'NONE', *, *, #4321, .T. ) ;
#5757 = VECTOR ( 'NONE', #7504, 1000.000000000000000 ) ;
#5758 = AXIS2_PLACEMENT_3D ( 'NONE', #1116, #1792, #1751 ) ;
#5759 = ORIENTED_EDGE ( 'NONE', *, *, #63, .T. ) ;
#5760 = ORIENTED_EDGE ( 'NONE', *, *, #305, .T. ) ;
#5761 = CARTESIAN_POINT ( 'NONE',  ( 44.00000000000000000, 52.50000000000000711, 3.000000000000000000 ) ) ;
#5762 = CARTESIAN_POINT ( 'NONE',  ( -1.658312395177696574, 4.000000000000000000, -47.50000000000000000 ) ) ;
#5763 = VECTOR ( 'NONE', #1211, 1000.000000000000000 ) ;
#5764 = CARTESIAN_POINT ( 'NONE',  ( -8.000000000000000000, 3.500000000000000000, 23.00000000000000000 ) ) ;
#5765 = CARTESIAN_POINT ( 'NONE',  ( -5.616384920805909786, 4.000000000000000000, 58.50000000000000000 ) ) ;
#5766 = CIRCLE ( 'NONE', #4157, 46.50000000000000000 ) ;
#5767 = ADVANCED_FACE ( 'NONE', ( #8240 ), #7563, .F. ) ;
#5768 = VECTOR ( 'NONE', #6300, 1000.000000000000000 ) ;
#5769 = EDGE_CURVE ( 'NONE', #7585, #1185, #6088, .T. ) ;
#5770 = EDGE_LOOP ( 'NONE', ( #6458, #2985, #1771, #4704 ) ) ;
#5771 = DIRECTION ( 'NONE',  ( 0.000000000000000000, 0.000000000000000000, -1.000000000000000000 ) ) ;
#5772 = EDGE_CURVE ( 'NONE', #4000, #1300, #1957, .T. ) ;
#5773 = EDGE_CURVE ( 'NONE', #7821, #8889, #588, .T. ) ;
#5774 = ORIENTED_EDGE ( 'NONE', *, *, #455, .T. ) ;
#5775 = VECTOR ( 'NONE', #5866, 999.9999999999998863 ) ;
#5776 = FACE_OUTER_BOUND ( 'NONE', #5665, .T. ) ;
#5777 = AXIS2_PLACEMENT_3D ( 'NONE', #1373, #4164, #5579 ) ;
#5778 = CARTESIAN_POINT ( 'NONE',  ( -7.020929521015704999, 4.000000000000000000, -55.24505384011006726 ) ) ;
#5779 = CARTESIAN_POINT ( 'NONE',  ( 37.96446609406726935, 6.500000000000000888, -0.4603702609048098138 ) ) ;
#5780 = ORIENTED_EDGE ( 'NONE', *, *, #1057, .T. ) ;
#5781 = DIRECTION ( 'NONE',  ( 0.000000000000000000, -1.000000000000000000, 0.000000000000000000 ) ) ;
#5782 = FACE_OUTER_BOUND ( 'NONE', #8843, .T. ) ;
#5783 = ADVANCED_FACE ( 'NONE', ( #4109 ), #5892, .F. ) ;
#5784 = CARTESIAN_POINT ( 'NONE',  ( -4.738688829644923217, 6.499999999999999112, 54.22457482187821398 ) ) ;
#5785 = AXIS2_PLACEMENT_3D ( 'NONE', #942, #4280, #5018 ) ;
#5786 = VERTEX_POINT ( 'NONE', #6906 ) ;
#5787 = CARTESIAN_POINT ( 'NONE',  ( 49.00000000000000000, 6.578715129210027435, 5.421284870789987664 ) ) ;
#5788 = AXIS2_PLACEMENT_3D ( 'NONE', #4518, #8003, #7402 ) ;
#5789 = VECTOR ( 'NONE', #2540, 1000.000000000000000 ) ;
#5790 = DIRECTION ( 'NONE',  ( 0.000000000000000000, 0.000000000000000000, 1.000000000000000000 ) ) ;
#5791 = CARTESIAN_POINT ( 'NONE',  ( -87.00000000000000000, 4.000000000000000000, 7.500000000000000000 ) ) ;
#5792 = DIRECTION ( 'NONE',  ( 1.000000000000000000, 0.000000000000000000, 0.000000000000000000 ) ) ;
#5793 = AXIS2_PLACEMENT_3D ( 'NONE', #6109, #1254, #3966 ) ;
#5794 = CONICAL_SURFACE ( 'NONE', #1849, 3.750000000000000888, 0.7853981633974490562 ) ;
#5795 = ORIENTED_EDGE ( 'NONE', *, *, #1460, .F. ) ;
#5796 = CARTESIAN_POINT ( 'NONE',  ( -94.37983671570650301, 4.000000000000000000, -13.42342473284699977 ) ) ;
#5797 = CYLINDRICAL_SURFACE ( 'NONE', #3160, 1.500000000000001332 ) ;
#5798 = CARTESIAN_POINT ( 'NONE',  ( 10.00000000000000000, 2.399999999999999911, -27.00000000000000000 ) ) ;
#5799 = ORIENTED_EDGE ( 'NONE', *, *, #1693, .F. ) ;
#5801 = LINE ( 'NONE', #4340, #46 ) ;
#5800 = CIRCLE ( 'NONE', #1853, 3.000000000000000000 ) ;
#5802 = CIRCLE ( 'NONE', #392, 1.500000000000000000 ) ;
#5803 = ORIENTED_EDGE ( 'NONE', *, *, #7132, .T. ) ;
#5804 = EDGE_LOOP ( 'NONE', ( #1725, #5795, #7134, #3983 ) ) ;
#5805 = CARTESIAN_POINT ( 'NONE',  ( -20.00000000000000000, 0.000000000000000000, 0.000000000000000000 ) ) ;
#5806 = ORIENTED_EDGE ( 'NONE', *, *, #1747, .F. ) ;
#5807 = VECTOR ( 'NONE', #8487, 1000.000000000000114 ) ;
#5808 = CARTESIAN_POINT ( 'NONE',  ( 5.616384920805909786, 0.000000000000000000, 57.00000000000000000 ) ) ;
#5809 = LINE ( 'NONE', #223, #5914 ) ;
#5810 = DIRECTION ( 'NONE',  ( 0.000000000000000000, 0.000000000000000000, 1.000000000000000000 ) ) ;
#5811 = ORIENTED_EDGE ( 'NONE', *, *, #4633, .F. ) ;
#5812 = EDGE_CURVE ( 'NONE', #4415, #3065, #3982, .T. ) ;
#5813 = AXIS2_PLACEMENT_3D ( 'NONE', #4735, #3397, #7538 ) ;
#5814 = VERTEX_POINT ( 'NONE', #5531 ) ;
#5815 = CIRCLE ( 'NONE', #3782, 2.000000000000001776 ) ;
#5816 = EDGE_LOOP ( 'NONE', ( #440, #8278, #4403, #4544 ) ) ;
#5817 = CARTESIAN_POINT ( 'NONE',  ( -2.000000000000000000, 4.000000000000000000, -53.00000000000000711 ) ) ;
#5818 = CARTESIAN_POINT ( 'NONE',  ( 45.99999999999999289, 6.000000000000004441, 6.000000000000000888 ) ) ;
#5819 = CARTESIAN_POINT ( 'NONE',  ( 41.64288493453309314, 7.008189950669895474, 5.357115065466881099 ) ) ;
#5820 = DIRECTION ( 'NONE',  ( 0.000000000000000000, 1.000000000000000000, 0.000000000000000000 ) ) ;
#5821 = VECTOR ( 'NONE', #3786, 1000.000000000000114 ) ;
#5822 = ORIENTED_EDGE ( 'NONE', *, *, #3142, .T. ) ;
#5823 = CARTESIAN_POINT ( 'NONE',  ( 48.99999999999999289, 36.00000000000037659, 23.99999999999990408 ) ) ;
#5824 =( BOUNDED_CURVE ( )  B_SPLINE_CURVE ( 3, ( #6158, #4621, #8958, #8147 ),
 .UNSPECIFIED., .F., .F. ) 
 B_SPLINE_CURVE_WITH_KNOTS ( ( 4, 4 ),
 ( 0.000000000000000000, 1.570796326794896558 ),
 .UNSPECIFIED. ) 
 CURVE ( )  GEOMETRIC_REPRESENTATION_ITEM ( )  RATIONAL_B_SPLINE_CURVE ( ( 1.000000000000000000, 0.8047378541243649375, 0.8047378541243649375, 1.000000000000000000 ) ) 
 REPRESENTATION_ITEM ( '' )  );
#5825 = ORIENTED_EDGE ( 'NONE', *, *, #5656, .F. ) ;
#5826 = ADVANCED_FACE ( 'NONE', ( #7834 ), #7647, .T. ) ;
#5827 = ADVANCED_FACE ( 'NONE', ( #5571 ), #8521, .F. ) ;
#5828 = DIRECTION ( 'NONE',  ( 0.000000000000000000, 1.000000000000000000, 0.000000000000000000 ) ) ;
#5829 = DIRECTION ( 'NONE',  ( 0.000000000000000000, 0.000000000000000000, 1.000000000000000000 ) ) ;
#5830 = EDGE_LOOP ( 'NONE', ( #4018, #8160, #3630, #6065 ) ) ;
#5831 = CARTESIAN_POINT ( 'NONE',  ( 8.499999999999998224, 2.399999999999999911, -33.90000000000001279 ) ) ;
#5832 = DIRECTION ( 'NONE',  ( -0.000000000000000000, 1.000000000000000000, -0.000000000000000000 ) ) ;
#5833 = ADVANCED_FACE ( 'NONE', ( #7744 ), #3543, .T. ) ;
#5835 = EDGE_CURVE ( 'NONE', #624, #2116, #6033, .T. ) ;
#5834 = CARTESIAN_POINT ( 'NONE',  ( 42.14694848214785594, 8.149876321596234874, 5.392176864183428897 ) ) ;
#5836 = EDGE_LOOP ( 'NONE', ( #1437, #3806, #914, #2002 ) ) ;
#5837 = FACE_OUTER_BOUND ( 'NONE', #5266, .T. ) ;
#5838 = EDGE_CURVE ( 'NONE', #8993, #2988, #4153, .T. ) ;
#5839 = DIRECTION ( 'NONE',  ( 0.000000000000000000, 0.000000000000000000, -1.000000000000000000 ) ) ;
#5840 = CARTESIAN_POINT ( 'NONE',  ( 38.99999999999999289, 0.1667179146549329360, -9.477686090023103915 ) ) ;
#5841 = DIRECTION ( 'NONE',  ( 0.000000000000000000, -1.000000000000000000, 0.000000000000000000 ) ) ;
#5842 = ORIENTED_EDGE ( 'NONE', *, *, #5563, .F. ) ;
#5843 = CARTESIAN_POINT ( 'NONE',  ( -91.83080728388220848, 0.000000000000000000, 27.18073553764865125 ) ) ;
#5844 = CARTESIAN_POINT ( 'NONE',  ( 0.000000000000000000, 4.000000000000000000, -47.50000000000000000 ) ) ;
#5845 = CARTESIAN_POINT ( 'NONE',  ( -0.2766418130954902410, 6.449489742783177881, 50.00000000000000711 ) ) ;
#5846 = EDGE_CURVE ( 'NONE', #7829, #7627, #6410, .T. ) ;
#5847 = ADVANCED_FACE ( 'NONE', ( #5668 ), #8328, .T. ) ;
#5848 = CARTESIAN_POINT ( 'NONE',  ( 41.27854808011926480, 7.484446831042165904, -4.515553168957863406 ) ) ;
#5849 = ORIENTED_EDGE ( 'NONE', *, *, #3878, .F. ) ;
#5850 = EDGE_CURVE ( 'NONE', #5890, #8582, #182, .T. ) ;
#5851 = EDGE_CURVE ( 'NONE', #4088, #315, #1937, .T. ) ;
#5852 = VERTEX_POINT ( 'NONE', #2220 ) ;
#5853 = CARTESIAN_POINT ( 'NONE',  ( -8.000000000000000000, 0.5000000000000000000, -21.00000000000000000 ) ) ;
#5854 = ORIENTED_EDGE ( 'NONE', *, *, #1027, .F. ) ;
#5855 = PLANE ( 'NONE',  #4151 ) ;
#5856 = CARTESIAN_POINT ( 'NONE',  ( 5.250000000000000000, 0.000000000000000000, -27.00000000000000000 ) ) ;
#5857 = CARTESIAN_POINT ( 'NONE',  ( -10.00000000000000000, 4.000000000000000000, -28.49999999999999645 ) ) ;
#5858 = ORIENTED_EDGE ( 'NONE', *, *, #7471, .T. ) ;
#5859 = ORIENTED_EDGE ( 'NONE', *, *, #118, .T. ) ;
#5860 = EDGE_CURVE ( 'NONE', #6342, #3111, #4893, .T. ) ;
#5861 = ORIENTED_EDGE ( 'NONE', *, *, #6546, .T. ) ;
#5862 = DIRECTION ( 'NONE',  ( 0.000000000000000000, -1.000000000000000000, 0.000000000000000000 ) ) ;
#5863 = CARTESIAN_POINT ( 'NONE',  ( 8.000000000000000000, 10.00000000000000000, 21.00000000000000000 ) ) ;
#5864 = DIRECTION ( 'NONE',  ( 0.000000000000000000, 0.000000000000000000, 1.000000000000000000 ) ) ;
#5865 = LINE ( 'NONE', #3718, #6089 ) ;
#5866 = DIRECTION ( 'NONE',  ( 0.000000000000000000, -0.7071067811865520136, 0.7071067811865431318 ) ) ;
#5867 = VERTEX_POINT ( 'NONE', #2872 ) ;
#5868 = DIRECTION ( 'NONE',  ( -1.734723475976781949E-16, -1.734723475976808820E-16, -1.000000000000000000 ) ) ;
#5869 = ORIENTED_EDGE ( 'NONE', *, *, #7687, .T. ) ;
#5870 = CARTESIAN_POINT ( 'NONE',  ( -4.738688829644932987, 4.000000000000000888, -54.22457482187822109 ) ) ;
#5871 = LINE ( 'NONE', #786, #255 ) ;
#5872 = ORIENTED_EDGE ( 'NONE', *, *, #7561, .F. ) ;
#5873 = DIRECTION ( 'NONE',  ( 1.000000000000000000, 0.000000000000000000, 0.000000000000000000 ) ) ;
#5874 = LINE ( 'NONE', #2943, #8001 ) ;
#5875 = DIRECTION ( 'NONE',  ( -0.000000000000000000, 1.000000000000000000, -0.000000000000000000 ) ) ;
#5876 = ORIENTED_EDGE ( 'NONE', *, *, #2017, .T. ) ;
#5877 = CARTESIAN_POINT ( 'NONE',  ( -91.83080728388220848, 4.000000000000000000, 27.18073553764865125 ) ) ;
#5878 = ADVANCED_FACE ( 'NONE', ( #6272 ), #7644, .F. ) ;
#5879 = DIRECTION ( 'NONE',  ( 0.000000000000000000, -1.000000000000000000, 0.000000000000000000 ) ) ;
#5880 = ADVANCED_FACE ( 'NONE', ( #8507 ), #5618, .F. ) ;
#5881 = VECTOR ( 'NONE', #7160, 999.9999999999998863 ) ;
#5882 = CARTESIAN_POINT ( 'NONE',  ( 4.738688829644932987, 6.499999999999999112, -54.22457482187821398 ) ) ;
#5883 = VERTEX_POINT ( 'NONE', #2181 ) ;
#5884 = DIRECTION ( 'NONE',  ( 0.000000000000000000, -1.000000000000000000, 0.000000000000000000 ) ) ;
#5885 = DIRECTION ( 'NONE',  ( -0.000000000000000000, -1.000000000000000000, 0.000000000000000000 ) ) ;
#5886 = CARTESIAN_POINT ( 'NONE',  ( -1.105457427077577659, 6.485926640161071788, 49.99999999999999289 ) ) ;
#5887 = EDGE_CURVE ( 'NONE', #1769, #4626, #5016, .T. ) ;
#5888 = EDGE_CURVE ( 'NONE', #4736, #3522, #676, .T. ) ;
#5889 = CARTESIAN_POINT ( 'NONE',  ( 41.86870676045055717, 8.664816615339358208, -5.111300340323673197 ) ) ;
#5890 = VERTEX_POINT ( 'NONE', #1545 ) ;
#5891 = AXIS2_PLACEMENT_3D ( 'NONE', #8266, #1820, #1985 ) ;
#5892 = TOROIDAL_SURFACE ( 'NONE', #2519, 5.500000000000000000, 2.500000000000000000 ) ;
#5893 = FACE_OUTER_BOUND ( 'NONE', #7240, .T. ) ;
#5894 = ORIENTED_EDGE ( 'NONE', *, *, #9032, .F. ) ;
#5895 = DIRECTION ( 'NONE',  ( 0.000000000000000000, -1.000000000000000000, 0.000000000000000000 ) ) ;
#5896 = EDGE_LOOP ( 'NONE', ( #8763, #2851, #4139, #2180, #4354, #7448 ) ) ;
#5897 = CARTESIAN_POINT ( 'NONE',  ( -4.977472311430775065, 6.456637480609306756, 53.42236935856772106 ) ) ;
#5898 = AXIS2_PLACEMENT_3D ( 'NONE', #2753, #5540, #7655 ) ;
#5900 = VECTOR ( 'NONE', #1415, 1000.000000000000000 ) ;
#5899 = CYLINDRICAL_SURFACE ( 'NONE', #5616, 0.9999999999999991118 ) ;
#5901 = CARTESIAN_POINT ( 'NONE',  ( -6.994297151823480441, 4.000000000025887736, 52.62008077245517512 ) ) ;
#5902 = ORIENTED_EDGE ( 'NONE', *, *, #548, .F. ) ;
#5903 = EDGE_LOOP ( 'NONE', ( #6640, #6036, #8882, #7843 ) ) ;
#5904 = CIRCLE ( 'NONE', #1508, 1.500000000000001332 ) ;
#5905 = ORIENTED_EDGE ( 'NONE', *, *, #6157, .F. ) ;
#5906 = CARTESIAN_POINT ( 'NONE',  ( 5.616384920805909786, 4.000000000000000000, 57.00000000000000000 ) ) ;
#5907 = FACE_OUTER_BOUND ( 'NONE', #268, .T. ) ;
#5908 = CARTESIAN_POINT ( 'NONE',  ( -2.000000000000000000, 6.499999999999999112, -53.00000000000000711 ) ) ;
#5909 = CARTESIAN_POINT ( 'NONE',  ( -8.000000000000000000, 3.500000000000000000, 21.00000000000000000 ) ) ;
#5910 = DIRECTION ( 'NONE',  ( 0.000000000000000000, 1.000000000000000000, 0.000000000000000000 ) ) ;
#5911 = AXIS2_PLACEMENT_3D ( 'NONE', #860, #5607, #3652 ) ;
#5912 = ORIENTED_EDGE ( 'NONE', *, *, #240, .F. ) ;
#5913 = DIRECTION ( 'NONE',  ( 0.000000000000000000, 0.000000000000000000, 1.000000000000000000 ) ) ;
#5914 = VECTOR ( 'NONE', #5033, 1000.000000000000114 ) ;
#5915 = ORIENTED_EDGE ( 'NONE', *, *, #2955, .F. ) ;
#5916 = AXIS2_PLACEMENT_3D ( 'NONE', #5191, #6613, #1166 ) ;
#5917 = CARTESIAN_POINT ( 'NONE',  ( 48.99999999999999289, 7.064475783910895146, -5.091737249841780333 ) ) ;
#5918 = CARTESIAN_POINT ( 'NONE',  ( -95.37740409499218686, 4.000000000000000000, -27.83212343854044590 ) ) ;
#5919 = ORIENTED_EDGE ( 'NONE', *, *, #5226, .T. ) ;
#5920 = AXIS2_PLACEMENT_3D ( 'NONE', #1213, #3757, #2423 ) ;
#5921 = CARTESIAN_POINT ( 'NONE',  ( 41.09656912459741562, 6.096569124597420952, -5.903430875402585265 ) ) ;
#5922 = CYLINDRICAL_SURFACE ( 'NONE', #82, 1.500000000000001332 ) ;
#5923 = CIRCLE ( 'NONE', #8845, 0.9999999999999991118 ) ;
#5924 = CARTESIAN_POINT ( 'NONE',  ( -65.00000000000000000, 54.00000000000000711, -2.000000000000000888 ) ) ;
#5925 = ORIENTED_EDGE ( 'NONE', *, *, #6123, .F. ) ;
#5926 = LINE ( 'NONE', #3186, #4069 ) ;
#5927 = VECTOR ( 'NONE', #7933, 1000.000000000000000 ) ;
#5928 = DIRECTION ( 'NONE',  ( 2.514091994169285222E-16, 0.000000000000000000, 1.000000000000000000 ) ) ;
#5929 = ADVANCED_FACE ( 'NONE', ( #7091 ), #6177, .F. ) ;
#5930 = CARTESIAN_POINT ( 'NONE',  ( 2.000000000000008882, 54.00000000000000711, 53.00000000000000000 ) ) ;
#5931 = DIRECTION ( 'NONE',  ( 0.000000000000000000, -1.000000000000000000, 0.000000000000000000 ) ) ;
#5932 = ORIENTED_EDGE ( 'NONE', *, *, #3277, .T. ) ;
#5933 = CARTESIAN_POINT ( 'NONE',  ( 5.616384920805930214, 0.000000000000000000, -57.00000000000000000 ) ) ;
#5934 = CIRCLE ( 'NONE', #661, 1.500000000000001332 ) ;
#5935 = VECTOR ( 'NONE', #341, 1000.000000000000000 ) ;
#5936 = DIRECTION ( 'NONE',  ( 0.000000000000000000, 0.000000000000000000, 1.000000000000000000 ) ) ;
#5937 = DIRECTION ( 'NONE',  ( -1.000000000000000000, 0.000000000000000000, 0.000000000000000000 ) ) ;
#5938 = DIRECTION ( 'NONE',  ( 0.000000000000000000, 1.000000000000000000, 0.000000000000000000 ) ) ;
#5939 = ORIENTED_EDGE ( 'NONE', *, *, #2297, .T. ) ;
#5940 = CIRCLE ( 'NONE', #6079, 2.500000000000002220 ) ;
#5941 = VECTOR ( 'NONE', #4457, 1000.000000000000000 ) ;
#5942 = CARTESIAN_POINT ( 'NONE',  ( -8.000000000000000000, 0.000000000000000000, -31.44999999999999929 ) ) ;
#5943 = EDGE_CURVE ( 'NONE', #7829, #6703, #6550, .T. ) ;
#5944 = ORIENTED_EDGE ( 'NONE', *, *, #5305, .T. ) ;
#5945 = EDGE_CURVE ( 'NONE', #6873, #349, #5307, .T. ) ;
#5946 = CYLINDRICAL_SURFACE ( 'NONE', #3707, 3.250000000000000444 ) ;
#5947 = VERTEX_POINT ( 'NONE', #2468 ) ;
#5948 = CARTESIAN_POINT ( 'NONE',  ( -82.95000000000000284, 1.500000000000000000, -9.000000000000000000 ) ) ;
#5949 = CARTESIAN_POINT ( 'NONE',  ( 39.73223304703365244, 4.732233047033644446, -7.267766952966340455 ) ) ;
#5950 = ADVANCED_FACE ( 'NONE', ( #3889 ), #6685, .T. ) ;
#5951 = AXIS2_PLACEMENT_3D ( 'NONE', #3955, #2484, #1653 ) ;
#5952 = AXIS2_PLACEMENT_3D ( 'NONE', #741, #8264, #3448 ) ;
#5953 = EDGE_CURVE ( 'NONE', #1331, #8205, #7357, .T. ) ;
#5954 = CARTESIAN_POINT ( 'NONE',  ( -79.14999999999999147, 4.000000000000000000, 7.500000000000000000 ) ) ;
#5955 = ORIENTED_EDGE ( 'NONE', *, *, #3412, .F. ) ;
#5956 = VERTEX_POINT ( 'NONE', #220 ) ;
#5957 = CIRCLE ( 'NONE', #5222, 6.451250000000001705 ) ;
#5958 = AXIS2_PLACEMENT_3D ( 'NONE', #3459, #5603, #5561 ) ;
#5959 = EDGE_LOOP ( 'NONE', ( #7568, #5502, #1139, #4073 ) ) ;
#5960 = DIRECTION ( 'NONE',  ( 0.3908253335215566837, 0.000000000000000000, 0.9204648600993762253 ) ) ;
#5961 = PLANE ( 'NONE',  #9007 ) ;
#5962 = CARTESIAN_POINT ( 'NONE',  ( 41.35731743132087956, 6.406218246585615006, 5.642682568679117772 ) ) ;
#5963 = CYLINDRICAL_SURFACE ( 'NONE', #1969, 2.500000000000002220 ) ;
#5964 = EDGE_CURVE ( 'NONE', #1817, #838, #1728, .T. ) ;
#5965 = VERTEX_POINT ( 'NONE', #2329 ) ;
#5966 = CARTESIAN_POINT ( 'NONE',  ( 40.67670579027557665, 4.009698377907537470, -8.775065173221658910 ) ) ;
#5967 = AXIS2_PLACEMENT_3D ( 'NONE', #207, #3600, #5110 ) ;
#5968 = ORIENTED_EDGE ( 'NONE', *, *, #3526, .T. ) ;
#5969 = EDGE_CURVE ( 'NONE', #3107, #2865, #1350, .T. ) ;
#5970 = DIRECTION ( 'NONE',  ( 0.000000000000000000, 1.000000000000000000, 0.000000000000000000 ) ) ;
#5971 = CARTESIAN_POINT ( 'NONE',  ( 1.658312395177696352, 6.499999999999999112, 47.50000000000000000 ) ) ;
#5972 = EDGE_CURVE ( 'NONE', #4460, #3963, #3994, .T. ) ;
#5973 = CIRCLE ( 'NONE', #6108, 1.500000000000000000 ) ;
#5974 = EDGE_LOOP ( 'NONE', ( #3185, #1294, #2626, #7301, #6468 ) ) ;
#5975 = CARTESIAN_POINT ( 'NONE',  ( -1.471081141207574161, 4.124195169185075116, -50.00000000000000000 ) ) ;
#5976 = CARTESIAN_POINT ( 'NONE',  ( 48.99999999999999289, 0.5000000000000004441, 6.000000000000000000 ) ) ;
#5977 = VECTOR ( 'NONE', #254, 1000.000000000000000 ) ;
#5978 = CARTESIAN_POINT ( 'NONE',  ( 2.000000000000000000, 54.00000000000000711, -53.00000000000000711 ) ) ;
#5979 = ORIENTED_EDGE ( 'NONE', *, *, #5492, .F. ) ;
#5980 = CARTESIAN_POINT ( 'NONE',  ( -3.626370950603014686E-14, 4.000000000000000000, 7.750000000000399680 ) ) ;
#5981 = VERTEX_POINT ( 'NONE', #7888 ) ;
#5982 = DIRECTION ( 'NONE',  ( 1.000000000000000000, 0.000000000000000000, 0.000000000000000000 ) ) ;
#5983 = DIRECTION ( 'NONE',  ( 0.000000000000000000, -0.7071067811865474617, 0.7071067811865474617 ) ) ;
#5984 = ORIENTED_EDGE ( 'NONE', *, *, #7365, .F. ) ;
#5985 = EDGE_CURVE ( 'NONE', #3107, #5443, #3838, .T. ) ;
#5986 = DIRECTION ( 'NONE',  ( -0.3908253335215553514, -0.000000000000000000, -0.9204648600993768914 ) ) ;
#5987 = CARTESIAN_POINT ( 'NONE',  ( -1.999999999999991340, 4.000000000000000000, 47.50000000000000711 ) ) ;
#5988 = CARTESIAN_POINT ( 'NONE',  ( 0.000000000000000000, 2.399999999999999911, 0.000000000000000000 ) ) ;
#5989 = EDGE_CURVE ( 'NONE', #7284, #1058, #7058, .T. ) ;
#5990 = CARTESIAN_POINT ( 'NONE',  ( 43.46844886162446642, 6.000000000000633271, -5.999999999999372058 ) ) ;
#5991 = EDGE_LOOP ( 'NONE', ( #217, #3394, #5310, #843 ) ) ;
#5992 = LINE ( 'NONE', #8150, #4470 ) ;
#5993 = ORIENTED_EDGE ( 'NONE', *, *, #8867, .T. ) ;
#5994 = CARTESIAN_POINT ( 'NONE',  ( -93.06768137013648357, 0.5000000000000071054, -26.33212343854044946 ) ) ;
#5995 = ORIENTED_EDGE ( 'NONE', *, *, #5388, .T. ) ;
#5996 = CARTESIAN_POINT ( 'NONE',  ( -53.48771061000000060, 3.500000000000000000, -53.48771061000000060 ) ) ;
#5997 = DIRECTION ( 'NONE',  ( 0.000000000000000000, 0.000000000000000000, 1.000000000000000000 ) ) ;
#5998 = CARTESIAN_POINT ( 'NONE',  ( 0.000000000000000000, 4.000000000000000000, 45.00000000000000000 ) ) ;
#5999 = ADVANCED_FACE ( 'NONE', ( #3106 ), #8231, .F. ) ;
#6000 = ORIENTED_EDGE ( 'NONE', *, *, #515, .T. ) ;
#6001 = ORIENTED_EDGE ( 'NONE', *, *, #7411, .T. ) ;
#6002 = VERTEX_POINT ( 'NONE', #3753 ) ;
#6003 = DIRECTION ( 'NONE',  ( 0.000000000000000000, 0.000000000000000000, -1.000000000000000000 ) ) ;
#6004 = FACE_OUTER_BOUND ( 'NONE', #7440, .T. ) ;
#6005 = FACE_OUTER_BOUND ( 'NONE', #7154, .T. ) ;
#6006 = VERTEX_POINT ( 'NONE', #4572 ) ;
#6007 = DIRECTION ( 'NONE',  ( 0.000000000000000000, -0.000000000000000000, 1.000000000000000000 ) ) ;
#6008 = ORIENTED_EDGE ( 'NONE', *, *, #3309, .T. ) ;
#6009 = DIRECTION ( 'NONE',  ( 0.000000000000000000, 0.000000000000000000, 1.000000000000000000 ) ) ;
#6010 = FACE_OUTER_BOUND ( 'NONE', #7642, .T. ) ;
#6011 = EDGE_LOOP ( 'NONE', ( #6853, #8911, #3587, #252 ) ) ;
#6012 = CARTESIAN_POINT ( 'NONE',  ( -0.2765637375876404125, 6.449489742758229838, -50.00000000000000000 ) ) ;
#6013 = LINE ( 'NONE', #6712, #8872 ) ;
#6014 = DIRECTION ( 'NONE',  ( 0.000000000000000000, 0.000000000000000000, 1.000000000000000000 ) ) ;
#6015 = EDGE_LOOP ( 'NONE', ( #2511, #3557, #6244, #266, #6526, #1126 ) ) ;
#6016 = DIRECTION ( 'NONE',  ( 0.000000000000000000, 0.000000000000000000, 1.000000000000000000 ) ) ;
#6017 = ADVANCED_FACE ( 'NONE', ( #905 ), #7923, .T. ) ;
#6018 = VERTEX_POINT ( 'NONE', #7368 ) ;
#6019 = CARTESIAN_POINT ( 'NONE',  ( -96.82884964244770742, 0.000000000000000000, -25.95356588311245361 ) ) ;
#6020 = CARTESIAN_POINT ( 'NONE',  ( 0.000000000000000000, 52.50000000000000711, -4.500000000000000888 ) ) ;
#6021 = ORIENTED_EDGE ( 'NONE', *, *, #521, .T. ) ;
#6022 = LINE ( 'NONE', #4662, #1543 ) ;
#6023 = DIRECTION ( 'NONE',  ( 0.000000000000000000, 1.000000000000000000, 0.000000000000000000 ) ) ;
#6024 = DIRECTION ( 'NONE',  ( 0.000000000000000000, -1.000000000000000000, 0.000000000000000000 ) ) ;
#6025 = CARTESIAN_POINT ( 'NONE',  ( 41.57493286097653851, 7.031584333825524169, -4.968415666172617762 ) ) ;
#6026 = DIRECTION ( 'NONE',  ( 0.000000000000000000, -1.000000000000000000, 0.000000000000000000 ) ) ;
#6027 = ORIENTED_EDGE ( 'NONE', *, *, #5850, .T. ) ;
#6028 = FACE_OUTER_BOUND ( 'NONE', #8840, .T. ) ;
#6029 = ORIENTED_EDGE ( 'NONE', *, *, #946, .F. ) ;
#6030 = PLANE ( 'NONE',  #3152 ) ;
#6031 = DIRECTION ( 'NONE',  ( 1.000000000000000000, 0.000000000000000000, 0.000000000000000000 ) ) ;
#6032 = CARTESIAN_POINT ( 'NONE',  ( -95.37740409499218686, 4.000000000000000000, -28.33212343854044946 ) ) ;
#6033 = CIRCLE ( 'NONE', #6478, 1.500000000000001332 ) ;
#6034 = VERTEX_POINT ( 'NONE', #6633 ) ;
#6035 = VERTEX_POINT ( 'NONE', #4480 ) ;
#6036 = ORIENTED_EDGE ( 'NONE', *, *, #512, .T. ) ;
#6037 = AXIS2_PLACEMENT_3D ( 'NONE', #5410, #4726, #1247 ) ;
#6038 = AXIS2_PLACEMENT_3D ( 'NONE', #2517, #5317, #5913 ) ;
#6039 = DIRECTION ( 'NONE',  ( 0.000000000000000000, 0.000000000000000000, 1.000000000000000000 ) ) ;
#6040 = FACE_OUTER_BOUND ( 'NONE', #5959, .T. ) ;
#6041 = ORIENTED_EDGE ( 'NONE', *, *, #1446, .T. ) ;
#6042 = CYLINDRICAL_SURFACE ( 'NONE', #7651, 3.250000000000000444 ) ;
#6043 = VECTOR ( 'NONE', #1106, 1000.000000000000000 ) ;
#6044 = CONICAL_SURFACE ( 'NONE', #1949, 2.500000000000000444, 0.4636476090008060935 ) ;
#6045 = VERTEX_POINT ( 'NONE', #5853 ) ;
#6046 = DIRECTION ( 'NONE',  ( 0.000000000000000000, -1.000000000000000000, 0.000000000000000000 ) ) ;
#6047 = CARTESIAN_POINT ( 'NONE',  ( -20.00000000000000000, 3.500000000000000000, -6.000000000000000000 ) ) ;
#6048 = EDGE_CURVE ( 'NONE', #6734, #2481, #3848, .T. ) ;
#6049 = ORIENTED_EDGE ( 'NONE', *, *, #4525, .F. ) ;
#6050 = CARTESIAN_POINT ( 'NONE',  ( -0.6609550746779547792, 3.999999998138422441, -47.94148430167599173 ) ) ;
#6051 = EDGE_CURVE ( 'NONE', #4318, #1652, #1002, .T. ) ;
#6052 = CARTESIAN_POINT ( 'NONE',  ( -35.00000000000000000, 4.000000000000000000, -3.000000000000000000 ) ) ;
#6053 = CIRCLE ( 'NONE', #7075, 1.500000000000001332 ) ;
#6054 = AXIS2_PLACEMENT_3D ( 'NONE', #6588, #5297, #4419 ) ;
#6055 = EDGE_CURVE ( 'NONE', #8214, #1591, #3797, .T. ) ;
#6056 = EDGE_LOOP ( 'NONE', ( #1798, #7345, #767, #8970 ) ) ;
#6057 = DIRECTION ( 'NONE',  ( 0.000000000000000000, 0.000000000000000000, 1.000000000000000000 ) ) ;
#6058 = ADVANCED_FACE ( 'NONE', ( #7324 ), #5946, .F. ) ;
#6059 = AXIS2_PLACEMENT_3D ( 'NONE', #6390, #8630, #7212 ) ;
#6060 = ORIENTED_EDGE ( 'NONE', *, *, #5772, .F. ) ;
#6061 = CIRCLE ( 'NONE', #3564, 1.500000000000001332 ) ;
#6062 = FACE_OUTER_BOUND ( 'NONE', #9046, .T. ) ;
#6063 = CIRCLE ( 'NONE', #3574, 1.249999999999999334 ) ;
#6064 = DIRECTION ( 'NONE',  ( 0.000000000000000000, -0.7071067811865280328, -0.7071067811865670016 ) ) ;
#6065 = ORIENTED_EDGE ( 'NONE', *, *, #1810, .T. ) ;
#6066 = CARTESIAN_POINT ( 'NONE',  ( 44.00000000000000000, 54.00000000000000711, 6.000000000000000000 ) ) ;
#6067 = DIRECTION ( 'NONE',  ( 0.000000000000000000, -1.000000000000000000, 0.000000000000000000 ) ) ;
#6068 = CARTESIAN_POINT ( 'NONE',  ( 2.000000000000000000, 54.00000000000000711, -56.00000000000000000 ) ) ;
#6069 = AXIS2_PLACEMENT_3D ( 'NONE', #4096, #2500, #4740 ) ;
#6070 = DIRECTION ( 'NONE',  ( 0.000000000000000000, 0.000000000000000000, -1.000000000000000000 ) ) ;
#6071 = CIRCLE ( 'NONE', #6220, 102.3386523170878064 ) ;
#6072 = LINE ( 'NONE', #8146, #2250 ) ;
#6073 = CARTESIAN_POINT ( 'NONE',  ( -95.37740409499218686, 3.500000000000000000, -28.33212343854044946 ) ) ;
#6074 = VERTEX_POINT ( 'NONE', #5749 ) ;
#6075 = AXIS2_PLACEMENT_3D ( 'NONE', #6767, #4023, #6080 ) ;
#6076 = DIRECTION ( 'NONE',  ( 1.000000000000000000, -0.000000000000000000, 0.000000000000000000 ) ) ;
#6077 = AXIS2_PLACEMENT_3D ( 'NONE', #8267, #8954, #572 ) ;
#6078 = EDGE_LOOP ( 'NONE', ( #5756, #3066, #5597, #6328, #179, #825, #4535, #3855 ) ) ;
#6079 = AXIS2_PLACEMENT_3D ( 'NONE', #568, #5507, #6718 ) ;
#6080 = DIRECTION ( 'NONE',  ( 0.000000000000000000, 0.000000000000000000, 1.000000000000000000 ) ) ;
#6081 = LINE ( 'NONE', #6900, #8550 ) ;
#6082 = AXIS2_PLACEMENT_3D ( 'NONE', #6677, #6023, #3195 ) ;
#6083 = CARTESIAN_POINT ( 'NONE',  ( -8.000000000000000000, 0.4999999999999730216, 21.00000000000000000 ) ) ;
#6084 = AXIS2_PLACEMENT_3D ( 'NONE', #6612, #328, #3130 ) ;
#6085 = ORIENTED_EDGE ( 'NONE', *, *, #1677, .F. ) ;
#6086 = EDGE_LOOP ( 'NONE', ( #7481, #8421, #4655, #3074 ) ) ;
#6087 = EDGE_LOOP ( 'NONE', ( #2112, #3898, #1249, #1252 ) ) ;
#6088 = LINE ( 'NONE', #549, #8090 ) ;
#6089 = VECTOR ( 'NONE', #6513, 1000.000000000000000 ) ;
#6090 = PLANE ( 'NONE',  #1658 ) ;
#6091 = DIRECTION ( 'NONE',  ( -1.000000000000000000, 0.000000000000000000, 0.000000000000000000 ) ) ;
#6092 = VERTEX_POINT ( 'NONE', #1592 ) ;
#6093 = CARTESIAN_POINT ( 'NONE',  ( 8.000000000000000000, 10.00000000000000000, -25.00000000000000000 ) ) ;
#6094 = EDGE_CURVE ( 'NONE', #8616, #5021, #5736, .T. ) ;
#6095 = AXIS2_PLACEMENT_3D ( 'NONE', #7845, #1462, #8519 ) ;
#6096 = VECTOR ( 'NONE', #8389, 1000.000000000000000 ) ;
#6097 = ORIENTED_EDGE ( 'NONE', *, *, #3559, .F. ) ;
#6098 = LINE ( 'NONE', #6238, #1263 ) ;
#6099 = CARTESIAN_POINT ( 'NONE',  ( 48.99999999999999289, 0.4999999999999726885, -7.217068779995491568 ) ) ;
#6100 = CARTESIAN_POINT ( 'NONE',  ( -1.999999999999991340, 52.50000000000000711, 53.00000000000000000 ) ) ;
#6101 = LINE ( 'NONE', #1248, #2280 ) ;
#6102 = CIRCLE ( 'NONE', #1275, 46.00000000000000000 ) ;
#6103 = ORIENTED_EDGE ( 'NONE', *, *, #5274, .F. ) ;
#6104 = CARTESIAN_POINT ( 'NONE',  ( -4.999999999999991118, 52.50000000000000711, 53.00000000000000000 ) ) ;
#6105 = EDGE_CURVE ( 'NONE', #8945, #3612, #5301, .T. ) ;
#6106 = EDGE_CURVE ( 'NONE', #1931, #7922, #7800, .T. ) ;
#6107 = ORIENTED_EDGE ( 'NONE', *, *, #242, .F. ) ;
#6108 = AXIS2_PLACEMENT_3D ( 'NONE', #3046, #2387, #1115 ) ;
#6109 = CARTESIAN_POINT ( 'NONE',  ( -79.90000000000000568, 1.000000000000000000, -12.55000000000000071 ) ) ;
#6110 = DIRECTION ( 'NONE',  ( 0.000000000000000000, 0.000000000000000000, -1.000000000000000000 ) ) ;
#6111 = AXIS2_PLACEMENT_3D ( 'NONE', #2168, #4872, #4833 ) ;
#6112 = ORIENTED_EDGE ( 'NONE', *, *, #6780, .F. ) ;
#6113 = FACE_OUTER_BOUND ( 'NONE', #3749, .T. ) ;
#6114 = DIRECTION ( 'NONE',  ( 0.000000000000000000, 0.000000000000000000, 1.000000000000000000 ) ) ;
#6115 = CARTESIAN_POINT ( 'NONE',  ( 0.6490621964224575491, 4.370764486491969691, -49.99999999999905498 ) ) ;
#6116 = CARTESIAN_POINT ( 'NONE',  ( 39.73223304703365244, 4.732233047033645335, 0.4603702609048098138 ) ) ;
#6117 = ADVANCED_FACE ( 'NONE', ( #4825 ), #8099, .F. ) ;
#6118 = CIRCLE ( 'NONE', #3342, 46.50000000000000000 ) ;
#6119 = CARTESIAN_POINT ( 'NONE',  ( 37.96446609406726935, 4.000000000000000000, 9.035533905932723542 ) ) ;
#6120 = DIRECTION ( 'NONE',  ( 0.000000000000000000, 0.000000000000000000, 1.000000000000000000 ) ) ;
#6121 = ORIENTED_EDGE ( 'NONE', *, *, #1967, .T. ) ;
#6122 = CARTESIAN_POINT ( 'NONE',  ( 0.2012499999999904921, 2.399999999999999911, -30.45000000000000284 ) ) ;
#6123 = EDGE_CURVE ( 'NONE', #9039, #5181, #6151, .T. ) ;
#6124 = EDGE_CURVE ( 'NONE', #3663, #1517, #7945, .T. ) ;
#6125 = CARTESIAN_POINT ( 'NONE',  ( 8.500000000000001776, 4.000000000000000000, -27.00000000000000000 ) ) ;
#6126 = CARTESIAN_POINT ( 'NONE',  ( -20.00000000000000000, 4.000000000000000000, -6.500000000000000000 ) ) ;
#6127 = CARTESIAN_POINT ( 'NONE',  ( 0.000000000000000000, 0.000000000000000000, -20.50000000000000000 ) ) ;
#6128 = EDGE_CURVE ( 'NONE', #339, #8007, #763, .T. ) ;
#6129 = ORIENTED_EDGE ( 'NONE', *, *, #5207, .F. ) ;
#6130 = ADVANCED_FACE ( 'NONE', ( #6886 ), #650, .T. ) ;
#6131 = ORIENTED_EDGE ( 'NONE', *, *, #1730, .T. ) ;
#6132 = ORIENTED_EDGE ( 'NONE', *, *, #7521, .T. ) ;
#6133 = CARTESIAN_POINT ( 'NONE',  ( -4.999999999999999112, 6.447489024775967081, -53.00000000000000000 ) ) ;
#6134 = CARTESIAN_POINT ( 'NONE',  ( -93.06768137013648357, 0.000000000000000000, -27.83212343854044590 ) ) ;
#6135 = FACE_OUTER_BOUND ( 'NONE', #313, .T. ) ;
#6136 = VERTEX_POINT ( 'NONE', #7667 ) ;
#6137 = DIRECTION ( 'NONE',  ( 0.000000000000000000, 0.7071067811865525687, 0.7071067811865425767 ) ) ;
#6138 = ADVANCED_FACE ( 'NONE', ( #405 ), #1390, .F. ) ;
#6139 = VERTEX_POINT ( 'NONE', #4787 ) ;
#6140 = DIRECTION ( 'NONE',  ( 0.000000000000000000, 0.000000000000000000, -1.000000000000000000 ) ) ;
#6141 = DIRECTION ( 'NONE',  ( 0.000000000000000000, 0.000000000000000000, 1.000000000000000000 ) ) ;
#6142 = PLANE ( 'NONE',  #7810 ) ;
#6143 = DIRECTION ( 'NONE',  ( 1.000000000000000000, 0.000000000000000000, -0.000000000000000000 ) ) ;
#6144 = VERTEX_POINT ( 'NONE', #6981 ) ;
#6145 = DIRECTION ( 'NONE',  ( 1.000000000000000000, 0.000000000000000000, -0.000000000000000000 ) ) ;
#6146 = EDGE_LOOP ( 'NONE', ( #1491, #6868, #86, #4115, #721 ) ) ;
#6147 = CARTESIAN_POINT ( 'NONE',  ( 7.002861551584962818, 3.999999999967446929, -52.24772463097487218 ) ) ;
#6148 = CARTESIAN_POINT ( 'NONE',  ( 43.64558429249613880, 4.732233047033645335, -7.267766952966340455 ) ) ;
#6149 = DIRECTION ( 'NONE',  ( 0.6185368711514631634, 0.6185368711514631634, -0.4845867084973713990 ) ) ;
#6150 = ORIENTED_EDGE ( 'NONE', *, *, #4633, .T. ) ;
#6151 = LINE ( 'NONE', #3400, #4857 ) ;
#6152 = DIRECTION ( 'NONE',  ( -1.000000000000000000, 0.000000000000000000, 0.000000000000000000 ) ) ;
#6153 = EDGE_CURVE ( 'NONE', #5981, #6826, #1301, .T. ) ;
#6154 = DIRECTION ( 'NONE',  ( 1.000000000000000000, 0.000000000000000000, 0.000000000000000000 ) ) ;
#6155 = LINE ( 'NONE', #6068, #4749 ) ;
#6156 = CARTESIAN_POINT ( 'NONE',  ( 39.73197684757726478, 4.731976847577258560, -0.1534568011605604576 ) ) ;
#6157 = EDGE_CURVE ( 'NONE', #8569, #7293, #330, .T. ) ;
#6158 = CARTESIAN_POINT ( 'NONE',  ( 45.99999999999999289, 7.035533905932735088, 6.000000000000000000 ) ) ;
#6159 = DIRECTION ( 'NONE',  ( 0.000000000000000000, 0.000000000000000000, -1.000000000000000000 ) ) ;
#6160 = EDGE_LOOP ( 'NONE', ( #4841, #4878, #3906, #8773 ) ) ;
#6161 = CARTESIAN_POINT ( 'NONE',  ( 5.000000000000008882, 6.447489024775959976, 53.00000000000000711 ) ) ;
#6162 = EDGE_CURVE ( 'NONE', #2845, #1265, #8392, .T. ) ;
#6163 = DIRECTION ( 'NONE',  ( -0.000000000000000000, -1.000000000000000000, 0.000000000000000000 ) ) ;
#6164 = DIRECTION ( 'NONE',  ( 0.000000000000000000, 0.000000000000000000, -1.000000000000000000 ) ) ;
#6165 = EDGE_CURVE ( 'NONE', #8478, #9012, #5460, .T. ) ;
#6166 = EDGE_CURVE ( 'NONE', #495, #4449, #5127, .T. ) ;
#6167 =( BOUNDED_CURVE ( )  B_SPLINE_CURVE ( 3, ( #2157, #1607, #7062, #8531 ),
 .UNSPECIFIED., .F., .F. ) 
 B_SPLINE_CURVE_WITH_KNOTS ( ( 4, 4 ),
 ( 0.000000000000000000, 0.5561219601834660464 ),
 .UNSPECIFIED. ) 
 CURVE ( )  GEOMETRIC_REPRESENTATION_ITEM ( )  RATIONAL_B_SPLINE_CURVE ( ( 1.000000000000000000, 0.9743929935950813581, 0.9743929935950813581, 1.000000000000000000 ) ) 
 REPRESENTATION_ITEM ( '' )  );
#6168 = LINE ( 'NONE', #6127, #5602 ) ;
#6169 = EDGE_CURVE ( 'NONE', #3439, #8441, #915, .T. ) ;
#6170 = ORIENTED_EDGE ( 'NONE', *, *, #697, .T. ) ;
#6171 = VERTEX_POINT ( 'NONE', #2762 ) ;
#6172 = ORIENTED_EDGE ( 'NONE', *, *, #8577, .F. ) ;
#6173 = CARTESIAN_POINT ( 'NONE',  ( -4.761394580298130563, 6.499999999999999112, -51.82752399943534272 ) ) ;
#6174 = ADVANCED_FACE ( 'NONE', ( #2069 ), #1355, .T. ) ;
#6175 = DIRECTION ( 'NONE',  ( 0.000000000000000000, 0.000000000000000000, 1.000000000000000000 ) ) ;
#6176 = FACE_OUTER_BOUND ( 'NONE', #3834, .T. ) ;
#6177 = CONICAL_SURFACE ( 'NONE', #2959, 46.50000000000000000, 0.7853981633974348453 ) ;
#6178 = CARTESIAN_POINT ( 'NONE',  ( 44.00000000000000000, 54.00000000000000711, 3.000000000000000000 ) ) ;
#6179 = ORIENTED_EDGE ( 'NONE', *, *, #3878, .T. ) ;
#6180 = CONICAL_SURFACE ( 'NONE', #4581, 1.500000000000001332, 0.7853981633974744803 ) ;
#6181 = UNCERTAINTY_MEASURE_WITH_UNIT (LENGTH_MEASURE( 1.000000000000000082E-05 ), #1796, 'distance_accuracy_value', 'NONE');
#6182 = VECTOR ( 'NONE', #425, 1000.000000000000000 ) ;
#6183 = CARTESIAN_POINT ( 'NONE',  ( 0.000000000000000000, 54.00000000000000711, -51.50000000000000711 ) ) ;
#6184 = LINE ( 'NONE', #3435, #6211 ) ;
#6185 = DIRECTION ( 'NONE',  ( 0.000000000000000000, 0.000000000000000000, -1.000000000000000000 ) ) ;
#6186 = CARTESIAN_POINT ( 'NONE',  ( 7.112363848593240334, 0.000000000000000000, -56.89024095656250068 ) ) ;
#6187 = AXIS2_PLACEMENT_3D ( 'NONE', #3519, #233, #6374 ) ;
#6188 = ORIENTED_EDGE ( 'NONE', *, *, #1366, .F. ) ;
#6189 = CARTESIAN_POINT ( 'NONE',  ( 37.96446609406726935, 4.000000000000000000, -9.035533905932723542 ) ) ;
#6190 = CIRCLE ( 'NONE', #8831, 2.999999999999999112 ) ;
#6191 = ORIENTED_EDGE ( 'NONE', *, *, #2925, .T. ) ;
#6192 = CARTESIAN_POINT ( 'NONE',  ( 6.990325341823560912, 3.999999999999998224, -52.99459477901502424 ) ) ;
#6193 = VECTOR ( 'NONE', #3616, 1000.000000000000000 ) ;
#6194 = LINE ( 'NONE', #7663, #7729 ) ;
#6195 = DIRECTION ( 'NONE',  ( 0.000000000000000000, 0.000000000000000000, 1.000000000000000000 ) ) ;
#6196 = ORIENTED_EDGE ( 'NONE', *, *, #9075, .T. ) ;
#6197 = AXIS2_PLACEMENT_3D ( 'NONE', #5954, #8022, #454 ) ;
#6198 = DIRECTION ( 'NONE',  ( 0.000000000000000000, -1.000000000000000000, 0.000000000000000000 ) ) ;
#6199 = DIRECTION ( 'NONE',  ( 0.000000000000000000, 0.7071067811865280328, -0.7071067811865670016 ) ) ;
#6200 = CARTESIAN_POINT ( 'NONE',  ( 42.49999999999999289, 54.00000000000000711, -3.000000000000000888 ) ) ;
#6201 = CARTESIAN_POINT ( 'NONE',  ( -79.90000000000000568, 1.000000000000000000, -12.55000000000000071 ) ) ;
#6202 = VECTOR ( 'NONE', #2773, 1000.000000000000000 ) ;
#6203 = EDGE_CURVE ( 'NONE', #5654, #7803, #1210, .T. ) ;
#6204 = AXIS2_PLACEMENT_3D ( 'NONE', #1448, #7184, #4244 ) ;
#6205 = CARTESIAN_POINT ( 'NONE',  ( -53.48771061000000060, 4.000000000000000000, 7.487710610000020139 ) ) ;
#6206 = DIRECTION ( 'NONE',  ( 0.000000000000000000, 0.000000000000000000, -1.000000000000000000 ) ) ;
#6207 = ORIENTED_EDGE ( 'NONE', *, *, #189, .T. ) ;
#6208 = AXIS2_PLACEMENT_3D ( 'NONE', #1260, #4057, #3404 ) ;
#6209 = DIRECTION ( 'NONE',  ( 0.000000000000000000, 0.000000000000000000, -1.000000000000000000 ) ) ;
#6210 = AXIS2_PLACEMENT_3D ( 'NONE', #8492, #4867, #1476 ) ;
#6211 = VECTOR ( 'NONE', #6239, 1000.000000000000114 ) ;
#6212 = PLANE ( 'NONE',  #6810 ) ;
#6213 = LINE ( 'NONE', #452, #5757 ) ;
#6214 = CARTESIAN_POINT ( 'NONE',  ( 7.112363848593240334, 4.000000000000000000, -56.89024095656250068 ) ) ;
#6215 = CIRCLE ( 'NONE', #4897, 1.500000000000000000 ) ;
#6216 = ORIENTED_EDGE ( 'NONE', *, *, #7127, .T. ) ;
#6217 = AXIS2_PLACEMENT_3D ( 'NONE', #5176, #4682, #8033 ) ;
#6218 = ADVANCED_FACE ( 'NONE', ( #7766 ), #8966, .F. ) ;
#6219 = EDGE_CURVE ( 'NONE', #742, #6744, #7119, .T. ) ;
#6220 = AXIS2_PLACEMENT_3D ( 'NONE', #5717, #3673, #2979 ) ;
#6221 = ADVANCED_FACE ( 'NONE', ( #3530 ), #8587, .F. ) ;
#6222 = ORIENTED_EDGE ( 'NONE', *, *, #3940, .F. ) ;
#6223 = EDGE_CURVE ( 'NONE', #4219, #1694, #5444, .T. ) ;
#6224 = CARTESIAN_POINT ( 'NONE',  ( -4.979466606600635004, 6.458894191334840329, -52.59671304700096783 ) ) ;
#6225 = ORIENTED_EDGE ( 'NONE', *, *, #3269, .T. ) ;
#6226 = EDGE_CURVE ( 'NONE', #5049, #5947, #6329, .T. ) ;
#6227 = DIRECTION ( 'NONE',  ( 0.000000000000000000, 0.000000000000000000, -1.000000000000000000 ) ) ;
#6228 = AXIS2_PLACEMENT_3D ( 'NONE', #1080, #3830, #8737 ) ;
#6229 = VECTOR ( 'NONE', #204, 1000.000000000000000 ) ;
#6230 = AXIS2_PLACEMENT_3D ( 'NONE', #7876, #2404, #3741 ) ;
#6231 = CIRCLE ( 'NONE', #5633, 1.500000000000001332 ) ;
#6232 = LINE ( 'NONE', #3384, #4131 ) ;
#6233 = EDGE_CURVE ( 'NONE', #3208, #5786, #6527, .T. ) ;
#6234 = ORIENTED_EDGE ( 'NONE', *, *, #3207, .T. ) ;
#6235 = AXIS2_PLACEMENT_3D ( 'NONE', #5930, #8135, #8181 ) ;
#6236 = CIRCLE ( 'NONE', #6084, 0.2500000000000071609 ) ;
#6237 = ORIENTED_EDGE ( 'NONE', *, *, #2493, .F. ) ;
#6238 = CARTESIAN_POINT ( 'NONE',  ( 20.00000000000000000, 3.500000000000000000, 6.000000000000000000 ) ) ;
#6239 = DIRECTION ( 'NONE',  ( 0.000000000000000000, 0.7071067811865474617, -0.7071067811865474617 ) ) ;
#6240 = CARTESIAN_POINT ( 'NONE',  ( -95.37740409499218686, 0.000000000000000000, 27.83212343854054893 ) ) ;
#6241 = CARTESIAN_POINT ( 'NONE',  ( 36.93344503136646040, 1.808639088961221164, 10.19136091103871777 ) ) ;
#6242 = EDGE_CURVE ( 'NONE', #2988, #8819, #5468, .T. ) ;
#6243 = AXIS2_PLACEMENT_3D ( 'NONE', #3075, #3167, #4537 ) ;
#6244 = ORIENTED_EDGE ( 'NONE', *, *, #5392, .T. ) ;
#6245 = DIRECTION ( 'NONE',  ( 0.000000000000000000, 0.000000000000000000, 1.000000000000000000 ) ) ;
#6246 = AXIS2_PLACEMENT_3D ( 'NONE', #2706, #1290, #7054 ) ;
#6247 = ADVANCED_FACE ( 'NONE', ( #7209 ), #2942, .F. ) ;
#6248 = ORIENTED_EDGE ( 'NONE', *, *, #3309, .F. ) ;
#6249 = EDGE_CURVE ( 'NONE', #5451, #5634, #2161, .T. ) ;
#6250 = CARTESIAN_POINT ( 'NONE',  ( -65.00000000000000000, 6.499999999999999112, -2.000000000000000888 ) ) ;
#6251 = DIRECTION ( 'NONE',  ( -1.301042606982605124E-15, -1.000000000000000000, 0.000000000000000000 ) ) ;
#6252 = DIRECTION ( 'NONE',  ( 0.000000000000000000, -1.000000000000000000, 0.000000000000000000 ) ) ;
#6253 = VECTOR ( 'NONE', #2122, 1000.000000000000114 ) ;
#6254 = VERTEX_POINT ( 'NONE', #247 ) ;
#6255 = LINE ( 'NONE', #4270, #8581 ) ;
#6256 = FACE_OUTER_BOUND ( 'NONE', #6747, .T. ) ;
#6257 = VERTEX_POINT ( 'NONE', #5643 ) ;
#6258 = CARTESIAN_POINT ( 'NONE',  ( 46.39512821937645271, 7.035533905933987420, -6.000000000000000000 ) ) ;
#6259 = AXIS2_PLACEMENT_3D ( 'NONE', #803, #3541, #7133 ) ;
#6260 = DIRECTION ( 'NONE',  ( 0.000000000000000000, -1.000000000000000000, 0.000000000000000000 ) ) ;
#6261 = VECTOR ( 'NONE', #3285, 1000.000000000000114 ) ;
#6262 = ADVANCED_FACE ( 'NONE', ( #4372 ), #6481, .F. ) ;
#6263 = CARTESIAN_POINT ( 'NONE',  ( 5.616384920805930214, 4.000000000000000000, -57.00000000000000000 ) ) ;
#6264 = TOROIDAL_SURFACE ( 'NONE', #920, 1.500000000000000000, 1.500000000000000000 ) ;
#6265 = ORIENTED_EDGE ( 'NONE', *, *, #7051, .F. ) ;
#6266 = LINE ( 'NONE', #4334, #8567 ) ;
#6267 = CYLINDRICAL_SURFACE ( 'NONE', #4603, 1.500000000000000000 ) ;
#6268 = CARTESIAN_POINT ( 'NONE',  ( -68.00000000000000000, 54.00000000000000711, 4.999999999999999112 ) ) ;
#6269 = CARTESIAN_POINT ( 'NONE',  ( -92.00000000000000000, 1.699999999999999956, 16.75000000000000000 ) ) ;
#6270 = ORIENTED_EDGE ( 'NONE', *, *, #4250, .T. ) ;
#6271 = VERTEX_POINT ( 'NONE', #6432 ) ;
#6272 = FACE_OUTER_BOUND ( 'NONE', #4222, .T. ) ;
#6273 = VERTEX_POINT ( 'NONE', #7167 ) ;
#6274 = PLANE ( 'NONE',  #8685 ) ;
#6275 = ADVANCED_FACE ( 'NONE', ( #7065 ), #6180, .T. ) ;
#6276 = FACE_OUTER_BOUND ( 'NONE', #4599, .T. ) ;
#6277 = ORIENTED_EDGE ( 'NONE', *, *, #2707, .T. ) ;
#6278 = EDGE_LOOP ( 'NONE', ( #6439, #2047, #6368, #698 ) ) ;
#6279 = DIRECTION ( 'NONE',  ( -1.000000000000000000, 0.000000000000000000, 0.000000000000000000 ) ) ;
#6280 = DIRECTION ( 'NONE',  ( 0.000000000000000000, 0.000000000000000000, -1.000000000000000000 ) ) ;
#6281 = CARTESIAN_POINT ( 'NONE',  ( -53.48771061000000060, 4.000000000000000000, -53.48771061000000060 ) ) ;
#6282 = FACE_OUTER_BOUND ( 'NONE', #6011, .T. ) ;
#6283 = VERTEX_POINT ( 'NONE', #5831 ) ;
#6284 = CARTESIAN_POINT ( 'NONE',  ( -0.6490621964224567719, 4.370764486491969691, 49.99999999999905498 ) ) ;
#6285 = ORIENTED_EDGE ( 'NONE', *, *, #7411, .F. ) ;
#6286 = DIRECTION ( 'NONE',  ( 4.336808689942080845E-15, 0.000000000000000000, -1.000000000000000000 ) ) ;
#6287 = CARTESIAN_POINT ( 'NONE',  ( -8.000000000000000000, 0.000000000000000000, -23.00000000000000000 ) ) ;
#6288 = FACE_OUTER_BOUND ( 'NONE', #8981, .T. ) ;
#6289 = ORIENTED_EDGE ( 'NONE', *, *, #7304, .F. ) ;
#6290 = DIRECTION ( 'NONE',  ( 0.000000000000000000, 1.000000000000000000, 0.000000000000000000 ) ) ;
#6291 = CARTESIAN_POINT ( 'NONE',  ( 8.500000000000001776, 2.399999999999999911, -28.50000000000000000 ) ) ;
#6292 = EDGE_CURVE ( 'NONE', #7321, #4029, #5100, .T. ) ;
#6293 = CARTESIAN_POINT ( 'NONE',  ( 2.000000000000000000, 52.50000000000000711, -53.00000000000000000 ) ) ;
#6294 = PRESENTATION_STYLE_ASSIGNMENT (( #3591 ) ) ;
#6295 = ORIENTED_EDGE ( 'NONE', *, *, #2134, .F. ) ;
#6296 = CARTESIAN_POINT ( 'NONE',  ( 51.36851665963393287, 9.370057034150720554, -2.629942965849338954 ) ) ;
#6297 = CARTESIAN_POINT ( 'NONE',  ( -3.626370950603014686E-14, 1.500000000000000000, 7.750000000000399680 ) ) ;
#6298 = CARTESIAN_POINT ( 'NONE',  ( -87.00000000000000000, 0.000000000000000000, 12.55000000000000071 ) ) ;
#6299 = ORIENTED_EDGE ( 'NONE', *, *, #1779, .T. ) ;
#6300 = DIRECTION ( 'NONE',  ( 0.000000000000000000, 0.7071067811865280328, -0.7071067811865670016 ) ) ;
#6301 = CARTESIAN_POINT ( 'NONE',  ( 2.000000000000000000, 54.00000000000000711, -51.50000000000000711 ) ) ;
#6302 = VERTEX_POINT ( 'NONE', #8534 ) ;
#6303 = DIRECTION ( 'NONE',  ( 1.156482317317870344E-15, 0.000000000000000000, 1.000000000000000000 ) ) ;
#6304 = ORIENTED_EDGE ( 'NONE', *, *, #3546, .F. ) ;
#6305 = ORIENTED_EDGE ( 'NONE', *, *, #300, .F. ) ;
#6306 = ORIENTED_EDGE ( 'NONE', *, *, #7728, .T. ) ;
#6307 = FACE_OUTER_BOUND ( 'NONE', #7308, .T. ) ;
#6308 = DIRECTION ( 'NONE',  ( 0.000000000000000000, 0.000000000000000000, 1.000000000000000000 ) ) ;
#6309 = LINE ( 'NONE', #35, #3854 ) ;
#6310 = EDGE_CURVE ( 'NONE', #7196, #7117, #7022, .T. ) ;
#6311 = ORIENTED_EDGE ( 'NONE', *, *, #5585, .F. ) ;
#6312 = EDGE_LOOP ( 'NONE', ( #8201, #6321 ) ) ;
#6313 = CARTESIAN_POINT ( 'NONE',  ( 53.48771061000000060, 0.000000000000000000, 53.48771061000000060 ) ) ;
#6314 = FACE_OUTER_BOUND ( 'NONE', #3256, .T. ) ;
#6315 = DIRECTION ( 'NONE',  ( -1.000000000000000000, 0.000000000000000000, 0.000000000000000000 ) ) ;
#6316 = DIRECTION ( 'NONE',  ( -0.9442726603807661823, -0.2327543155963299748, 0.2327543155963263943 ) ) ;
#6317 = ORIENTED_EDGE ( 'NONE', *, *, #4543, .F. ) ;
#6318 = CYLINDRICAL_SURFACE ( 'NONE', #1149, 1.500000000000001332 ) ;
#6319 = VECTOR ( 'NONE', #6661, 1000.000000000000000 ) ;
#6320 = AXIS2_PLACEMENT_3D ( 'NONE', #3301, #7608, #5437 ) ;
#6321 = ORIENTED_EDGE ( 'NONE', *, *, #7973, .F. ) ;
#6322 = EDGE_CURVE ( 'NONE', #3111, #5956, #844, .T. ) ;
#6323 = CARTESIAN_POINT ( 'NONE',  ( 8.000000000000000000, 2.399999999999999911, -30.45000000000000284 ) ) ;
#6324 = EDGE_CURVE ( 'NONE', #8785, #6254, #195, .T. ) ;
#6325 = FACE_OUTER_BOUND ( 'NONE', #2061, .T. ) ;
#6326 = DIRECTION ( 'NONE',  ( 0.000000000000000000, 0.000000000000000000, 1.000000000000000000 ) ) ;
#6327 = B_SPLINE_CURVE_WITH_KNOTS ( 'NONE', 3,
 ( #368, #7934, #5962, #4540, #5819, #8761, #3116, #3849, #4443, #7248 ),
 .UNSPECIFIED., .F., .F.,
 ( 4, 2, 2, 2, 4 ),
 ( 0.000000000000000000, 0.0007189565006746192555, 0.001437913001349238511, 0.002156869502023857875, 0.002875826002698474420 ),
 .UNSPECIFIED. ) ;
#6328 = ORIENTED_EDGE ( 'NONE', *, *, #6737, .T. ) ;
#6329 = LINE ( 'NONE', #3049, #3402 ) ;
#6330 = PLANE ( 'NONE',  #3169 ) ;
#6331 = VECTOR ( 'NONE', #5631, 1000.000000000000000 ) ;
#6332 = EDGE_CURVE ( 'NONE', #7042, #1173, #8830, .T. ) ;
#6333 = PRODUCT_DEFINITION ( 'ๆ', '', #4462, #1241 ) ;
#6334 = AXIS2_PLACEMENT_3D ( 'NONE', #8715, #7479, #3813 ) ;
#6336 = ADVANCED_FACE ( 'NONE', ( #1611 ), #7213, .F. ) ;
#6335 = CARTESIAN_POINT ( 'NONE',  ( 43.46844886163121657, 5.999999999999377387, 5.999999999995600852 ) ) ;
#6337 = LINE ( 'NONE', #11, #60 ) ;
#6338 = ORIENTED_EDGE ( 'NONE', *, *, #4197, .F. ) ;
#6339 = CARTESIAN_POINT ( 'NONE',  ( 49.21807665728176318, 8.513438403083251060, -3.486561596920121353 ) ) ;
#6340 = CARTESIAN_POINT ( 'NONE',  ( -3.500000000000000000, 54.00000000000000711, -53.00000000000000711 ) ) ;
#6341 = CIRCLE ( 'NONE', #5748, 0.9999999999999991118 ) ;
#6342 = VERTEX_POINT ( 'NONE', #7262 ) ;
#6343 = VECTOR ( 'NONE', #8887, 1000.000000000000114 ) ;
#6344 = LINE ( 'NONE', #4331, #2301 ) ;
#6345 = ORIENTED_EDGE ( 'NONE', *, *, #5205, .F. ) ;
#6346 = LINE ( 'NONE', #4140, #5768 ) ;
#6347 = DIRECTION ( 'NONE',  ( 0.000000000000000000, -1.000000000000000000, 0.000000000000000000 ) ) ;
#6348 = LINE ( 'NONE', #755, #1514 ) ;
#6349 = AXIS2_PLACEMENT_3D ( 'NONE', #3503, #120, #1485 ) ;
#6350 = AXIS2_PLACEMENT_3D ( 'NONE', #3283, #8876, #1861 ) ;
#6351 = ORIENTED_EDGE ( 'NONE', *, *, #2321, .T. ) ;
#6352 = CARTESIAN_POINT ( 'NONE',  ( 45.99999999999999289, 52.50000000000000711, -3.000000000000000000 ) ) ;
#6353 = ORIENTED_EDGE ( 'NONE', *, *, #7787, .F. ) ;
#6354 = CIRCLE ( 'NONE', #7975, 2.500000000000000444 ) ;
#6355 = VECTOR ( 'NONE', #7542, 1000.000000000000000 ) ;
#6356 = VECTOR ( 'NONE', #4772, 1000.000000000000000 ) ;
#6357 = ORIENTED_EDGE ( 'NONE', *, *, #3479, .T. ) ;
#6358 = CARTESIAN_POINT ( 'NONE',  ( -95.37740409499218686, 4.000000000000000000, -26.33212343854044946 ) ) ;
#6359 = ORIENTED_EDGE ( 'NONE', *, *, #4144, .T. ) ;
#6360 = PLANE ( 'NONE',  #1369 ) ;
#6361 = CARTESIAN_POINT ( 'NONE',  ( -96.82884964244770742, 0.000000000000000000, -25.95356588311245361 ) ) ;
#6362 = VECTOR ( 'NONE', #3999, 1000.000000000000000 ) ;
#6363 = AXIS2_PLACEMENT_3D ( 'NONE', #6831, #8936, #8976 ) ;
#6364 = FACE_OUTER_BOUND ( 'NONE', #1736, .T. ) ;
#6365 = AXIS2_PLACEMENT_3D ( 'NONE', #7032, #1443, #4974 ) ;
#6366 = ORIENTED_EDGE ( 'NONE', *, *, #4514, .T. ) ;
#6367 = EDGE_CURVE ( 'NONE', #4401, #5634, #2805, .T. ) ;
#6368 = ORIENTED_EDGE ( 'NONE', *, *, #8011, .F. ) ;
#6369 = ORIENTED_EDGE ( 'NONE', *, *, #5046, .T. ) ;
#6370 = AXIS2_PLACEMENT_3D ( 'NONE', #1444, #5524, #8323 ) ;
#6371 = CARTESIAN_POINT ( 'NONE',  ( 35.00000000000000000, 4.000000000000000000, 1.500000000000000000 ) ) ;
#6372 = LINE ( 'NONE', #4303, #3154 ) ;
#6373 = VECTOR ( 'NONE', #8218, 1000.000000000000000 ) ;
#6374 = DIRECTION ( 'NONE',  ( -1.000000000000000000, 0.000000000000000000, -5.782411586589350736E-16 ) ) ;
#6375 = CARTESIAN_POINT ( 'NONE',  ( 6.997903490875298615, 4.000000000035005776, 54.53168401791975128 ) ) ;
#6376 = AXIS2_PLACEMENT_3D ( 'NONE', #3446, #7624, #8442 ) ;
#6377 = EDGE_CURVE ( 'NONE', #5470, #879, #1679, .T. ) ;
#6378 = VERTEX_POINT ( 'NONE', #7997 ) ;
#6379 = DIRECTION ( 'NONE',  ( 1.000000000000000000, 0.000000000000000000, 4.679188323358490620E-15 ) ) ;
#6380 = AXIS2_PLACEMENT_3D ( 'NONE', #1206, #4005, #2715 ) ;
#6381 = CIRCLE ( 'NONE', #4640, 2.000000000000001776 ) ;
#6382 = VERTEX_POINT ( 'NONE', #2524 ) ;
#6383 = DIRECTION ( 'NONE',  ( 0.000000000000000000, 0.000000000000000000, 1.000000000000000000 ) ) ;
#6384 = DIRECTION ( 'NONE',  ( -1.000000000000000000, 0.000000000000000000, 0.000000000000000000 ) ) ;
#6385 = ORIENTED_EDGE ( 'NONE', *, *, #5664, .T. ) ;
#6386 = CARTESIAN_POINT ( 'NONE',  ( -95.37740409499218686, 4.000000000000000000, -26.33212343854044946 ) ) ;
#6387 = CARTESIAN_POINT ( 'NONE',  ( -76.64999999999999147, 0.000000000000000000, -8.500000000000000000 ) ) ;
#6388 = VECTOR ( 'NONE', #1970, 1000.000000000000000 ) ;
#6389 = CIRCLE ( 'NONE', #4645, 46.50000000000000000 ) ;
#6390 = CARTESIAN_POINT ( 'NONE',  ( -3.218735861008034423E-14, 0.000000000000000000, 27.83212343854064841 ) ) ;
#6391 = ORIENTED_EDGE ( 'NONE', *, *, #1069, .T. ) ;
#6392 = CARTESIAN_POINT ( 'NONE',  ( 46.53155113837486567, 5.999999999999377387, -5.999999999995600852 ) ) ;
#6393 = EDGE_CURVE ( 'NONE', #1683, #7017, #1062, .T. ) ;
#6394 = CARTESIAN_POINT ( 'NONE',  ( 1.836970198721025250E-16, 0.000000000000000000, -43.50000000000000000 ) ) ;
#6395 = AXIS2_PLACEMENT_3D ( 'NONE', #5906, #5171, #1104 ) ;
#6396 = AXIS2_PLACEMENT_3D ( 'NONE', #5520, #1399, #8925 ) ;
#6397 = ORIENTED_EDGE ( 'NONE', *, *, #5426, .F. ) ;
#6398 = DIRECTION ( 'NONE',  ( 0.000000000000000000, 0.000000000000000000, 1.000000000000000000 ) ) ;
#6399 = ORIENTED_EDGE ( 'NONE', *, *, #6322, .T. ) ;
#6400 = CARTESIAN_POINT ( 'NONE',  ( 40.99999999999999289, 52.50000000000000711, -3.000000000000000888 ) ) ;
#6401 = DIRECTION ( 'NONE',  ( 0.000000000000000000, 0.000000000000000000, -1.000000000000000000 ) ) ;
#6402 = CARTESIAN_POINT ( 'NONE',  ( -8.000000000000000000, 0.4999999999999730216, 21.00000000000000000 ) ) ;
#6403 = CIRCLE ( 'NONE', #1869, 1.499999999999999556 ) ;
#6404 = VERTEX_POINT ( 'NONE', #6611 ) ;
#6405 = LINE ( 'NONE', #3505, #3416 ) ;
#6406 = EDGE_LOOP ( 'NONE', ( #2005, #5869, #5391, #5125 ) ) ;
#6407 = EDGE_CURVE ( 'NONE', #7429, #7954, #4594, .T. ) ;
#6408 = VECTOR ( 'NONE', #8298, 1000.000000000000000 ) ;
#6409 = EDGE_LOOP ( 'NONE', ( #2624, #3567, #3989, #5013 ) ) ;
#6410 = LINE ( 'NONE', #2090, #4577 ) ;
#6411 = AXIS2_PLACEMENT_3D ( 'NONE', #4378, #1578, #2453 ) ;
#6412 = VERTEX_POINT ( 'NONE', #1120 ) ;
#6413 = LINE ( 'NONE', #5082, #6193 ) ;
#6414 = CARTESIAN_POINT ( 'NONE',  ( 53.48771061000000060, 3.500000000000000000, 53.48771061000000060 ) ) ;
#6415 = ADVANCED_FACE ( 'NONE', ( #1164 ), #7346, .T. ) ;
#6416 = DIRECTION ( 'NONE',  ( 0.000000000000000000, -1.000000000000000000, 0.000000000000000000 ) ) ;
#6417 = ORIENTED_EDGE ( 'NONE', *, *, #8273, .T. ) ;
#6418 = ORIENTED_EDGE ( 'NONE', *, *, #7622, .T. ) ;
#6419 =( BOUNDED_SURFACE ( )  B_SPLINE_SURFACE ( 3, 2, ( 
 ( #9050, #1880, #3250 ),
 ( #8799, #3118, #1833 ),
 ( #7337, #2436, #422 ),
 ( #7298, #1108, #1054 ) ),
 .UNSPECIFIED., .F., .F., .F. ) 
 B_SPLINE_SURFACE_WITH_KNOTS ( ( 4, 4 ),
 ( 3, 3 ),
 ( 0.008491112650233645018, 0.009403052239869459650 ),
 ( 0.000000000000000000, 1.000000000000000000 ),
 .UNSPECIFIED. ) 
 GEOMETRIC_REPRESENTATION_ITEM ( )  RATIONAL_B_SPLINE_SURFACE ( (
 ( 1.000000000000000000, 0.9238795325112852952, 1.000000000000000000),
 ( 1.000000000000000000, 0.9274916350480871818, 1.000000000000000000),
 ( 1.000000000000000000, 0.9274921150821598959, 1.000000000000000000),
 ( 1.000000000000000000, 0.9238795325112852952, 1.000000000000000000) ) ) 
 REPRESENTATION_ITEM ( '' )  SURFACE ( )  );
#6420 = ORIENTED_EDGE ( 'NONE', *, *, #7522, .T. ) ;
#6421 = DIRECTION ( 'NONE',  ( 0.000000000000000000, 1.000000000000000000, 0.000000000000000000 ) ) ;
#6422 = DIRECTION ( 'NONE',  ( 0.000000000000000000, -1.000000000000000000, 0.000000000000000000 ) ) ;
#6423 = CARTESIAN_POINT ( 'NONE',  ( -20.00000000000000000, 0.000000000000000000, -6.500000000000000000 ) ) ;
#6424 = CARTESIAN_POINT ( 'NONE',  ( 8.000000000000000000, 3.500000000000000000, -23.00000000000000000 ) ) ;
#6425 = EDGE_LOOP ( 'NONE', ( #519, #828, #8622, #2040 ) ) ;
#6426 = LINE ( 'NONE', #3043, #4498 ) ;
#6427 = VERTEX_POINT ( 'NONE', #3859 ) ;
#6428 = CARTESIAN_POINT ( 'NONE',  ( -20.00000000000000000, 0.000000000000000000, 6.500000000000000000 ) ) ;
#6429 = CARTESIAN_POINT ( 'NONE',  ( -4.866171957004218562, 4.256731389155985035, -53.91788425146845753 ) ) ;
#6430 = LINE ( 'NONE', #3084, #8296 ) ;
#6431 = ORIENTED_EDGE ( 'NONE', *, *, #4198, .F. ) ;
#6432 = CARTESIAN_POINT ( 'NONE',  ( 45.99999999999999289, 7.035533905932727983, -6.000000000000000000 ) ) ;
#6433 = CARTESIAN_POINT ( 'NONE',  ( 0.000000000000000000, 4.000000000000000000, 0.000000000000000000 ) ) ;
#6434 = DIRECTION ( 'NONE',  ( 0.9128962765483104036, 0.000000000000000000, 0.4081916072927403438 ) ) ;
#6435 = CARTESIAN_POINT ( 'NONE',  ( -78.89999999999999147, 4.000000000000000000, -2.433238795636819930E-13 ) ) ;
#6436 = ORIENTED_EDGE ( 'NONE', *, *, #427, .T. ) ;
#6437 = CARTESIAN_POINT ( 'NONE',  ( 1.658312395177696352, 6.499999999999999112, 50.00000000000000000 ) ) ;
#6438 = DIRECTION ( 'NONE',  ( -0.000000000000000000, 1.000000000000000000, -0.000000000000000000 ) ) ;
#6439 = ORIENTED_EDGE ( 'NONE', *, *, #8760, .T. ) ;
#6440 = CARTESIAN_POINT ( 'NONE',  ( 2.000000000000008882, 6.499999999999999112, 56.00000000000000000 ) ) ;
#6441 = VERTEX_POINT ( 'NONE', #381 ) ;
#6442 = DIRECTION ( 'NONE',  ( -1.000000000000000000, 0.000000000000000000, 0.000000000000000000 ) ) ;
#6443 = CARTESIAN_POINT ( 'NONE',  ( -8.000000000000000000, 3.500000000000000000, 25.00000000000000000 ) ) ;
#6444 = FACE_OUTER_BOUND ( 'NONE', #424, .T. ) ;
#6445 = ORIENTED_EDGE ( 'NONE', *, *, #7640, .T. ) ;
#6446 = LINE ( 'NONE', #8465, #2401 ) ;
#6447 = ORIENTED_EDGE ( 'NONE', *, *, #2633, .T. ) ;
#6448 = ADVANCED_FACE ( 'NONE', ( #981 ), #2445, .F. ) ;
#6449 = VERTEX_POINT ( 'NONE', #2571 ) ;
#6450 = ADVANCED_FACE ( 'NONE', ( #3780 ), #2672, .T. ) ;
#6451 = CARTESIAN_POINT ( 'NONE',  ( 4.979364519270023770, 6.458933426327279292, -52.59608593006676358 ) ) ;
#6452 = ORIENTED_EDGE ( 'NONE', *, *, #833, .F. ) ;
#6453 = DIRECTION ( 'NONE',  ( -0.000000000000000000, 1.000000000000000000, -0.000000000000000000 ) ) ;
#6454 = ADVANCED_FACE ( 'NONE', ( #3820 ), #2721, .F. ) ;
#6455 = DIRECTION ( 'NONE',  ( 0.000000000000000000, 0.000000000000000000, -1.000000000000000000 ) ) ;
#6456 = EDGE_CURVE ( 'NONE', #1331, #949, #4814, .T. ) ;
#6457 = ORIENTED_EDGE ( 'NONE', *, *, #2399, .T. ) ;
#6458 = ORIENTED_EDGE ( 'NONE', *, *, #1082, .T. ) ;
#6459 = ADVANCED_FACE ( 'NONE', ( #8252 ), #1289, .F. ) ;
#6460 = ORIENTED_EDGE ( 'NONE', *, *, #2327, .T. ) ;
#6461 = FACE_OUTER_BOUND ( 'NONE', #6056, .T. ) ;
#6462 = CARTESIAN_POINT ( 'NONE',  ( 8.000000000000000000, 0.000000000000000000, -20.50000000000000000 ) ) ;
#6463 = DIRECTION ( 'NONE',  ( 0.000000000000000000, -1.000000000000000000, 0.000000000000000000 ) ) ;
#6464 = FACE_OUTER_BOUND ( 'NONE', #678, .T. ) ;
#6465 = EDGE_LOOP ( 'NONE', ( #8106, #8631, #2761, #3206 ) ) ;
#6466 = CARTESIAN_POINT ( 'NONE',  ( 35.00000000000000000, 1.699999999999999956, 0.000000000000000000 ) ) ;
#6467 =( BOUNDED_CURVE ( )  B_SPLINE_CURVE ( 3, ( #7322, #4624, #488, #1041 ),
 .UNSPECIFIED., .F., .F. ) 
 B_SPLINE_CURVE_WITH_KNOTS ( ( 4, 4 ),
 ( 0.000000000000000000, 0.7853981633974483900 ),
 .UNSPECIFIED. ) 
 CURVE ( )  GEOMETRIC_REPRESENTATION_ITEM ( )  RATIONAL_B_SPLINE_CURVE ( ( 1.000000000000000000, 0.9492530216741911220, 0.9492530216741911220, 1.000000000000000000 ) ) 
 REPRESENTATION_ITEM ( '' )  );
#6468 = ORIENTED_EDGE ( 'NONE', *, *, #6700, .T. ) ;
#6469 = DIRECTION ( 'NONE',  ( 0.000000000000000000, 1.000000000000000000, 0.000000000000000000 ) ) ;
#6470 = DIRECTION ( 'NONE',  ( 0.000000000000000000, -1.000000000000000000, 0.000000000000000000 ) ) ;
#6471 = CARTESIAN_POINT ( 'NONE',  ( -65.00000000000000000, 4.000000000000000000, -2.000000000000000888 ) ) ;
#6472 = ORIENTED_EDGE ( 'NONE', *, *, #4993, .T. ) ;
#6473 = DIRECTION ( 'NONE',  ( 0.000000000000000000, 0.000000000000000000, -1.000000000000000000 ) ) ;
#6474 = CARTESIAN_POINT ( 'NONE',  ( -78.89999999999999147, 4.000000000000000000, -4.499999999999949374 ) ) ;
#6475 = FACE_OUTER_BOUND ( 'NONE', #1389, .T. ) ;
#6476 = EDGE_LOOP ( 'NONE', ( #2171, #4805, #406, #1895 ) ) ;
#6477 = CARTESIAN_POINT ( 'NONE',  ( 2.000000000000000000, 4.000000000000000000, -53.00000000000000711 ) ) ;
#6478 = AXIS2_PLACEMENT_3D ( 'NONE', #3613, #172, #1409 ) ;
#6479 = CARTESIAN_POINT ( 'NONE',  ( -1.381641065901730858, 6.499999999999998224, -50.00000000000000711 ) ) ;
#6480 = FACE_OUTER_BOUND ( 'NONE', #8375, .T. ) ;
#6481 = CONICAL_SURFACE ( 'NONE', #2528, 2.500000000000000444, 0.4636476090008060935 ) ;
#6482 = PLANE ( 'NONE',  #6259 ) ;
#6483 = ORIENTED_EDGE ( 'NONE', *, *, #4941, .T. ) ;
#6484 = CIRCLE ( 'NONE', #7516, 2.500000000000002220 ) ;
#6485 = DIRECTION ( 'NONE',  ( 0.000000000000000000, 0.000000000000000000, -1.000000000000000000 ) ) ;
#6486 = DIRECTION ( 'NONE',  ( 0.000000000000000000, -1.000000000000000000, 0.000000000000000000 ) ) ;
#6487 = PLANE ( 'NONE',  #1827 ) ;
#6488 = EDGE_CURVE ( 'NONE', #5368, #3963, #3853, .T. ) ;
#6489 = ORIENTED_EDGE ( 'NONE', *, *, #4323, .F. ) ;
#6490 = DIRECTION ( 'NONE',  ( 1.000000000000000000, 0.000000000000000000, 0.000000000000000000 ) ) ;
#6491 = AXIS2_PLACEMENT_3D ( 'NONE', #1315, #4105, #5527 ) ;
#6492 = EDGE_LOOP ( 'NONE', ( #306, #7261, #6285, #1040 ) ) ;
#6493 = ORIENTED_EDGE ( 'NONE', *, *, #4559, .T. ) ;
#6494 = AXIS2_PLACEMENT_3D ( 'NONE', #6647, #6740, #3171 ) ;
#6495 = DIRECTION ( 'NONE',  ( 0.000000000000000000, -1.000000000000000000, 0.000000000000000000 ) ) ;
#6496 = ORIENTED_EDGE ( 'NONE', *, *, #1923, .F. ) ;
#6497 = AXIS2_PLACEMENT_3D ( 'NONE', #2957, #2132, #4939 ) ;
#6498 = CARTESIAN_POINT ( 'NONE',  ( 5.000000000000000000, 54.00000000000000711, -53.00000000000000000 ) ) ;
#6499 = LINE ( 'NONE', #4294, #788 ) ;
#6500 = DIRECTION ( 'NONE',  ( 0.000000000000000000, 0.000000000000000000, -1.000000000000000000 ) ) ;
#6501 = ADVANCED_FACE ( 'NONE', ( #3437 ), #4852, .F. ) ;
#6502 = AXIS2_PLACEMENT_3D ( 'NONE', #7909, #5646, #2255 ) ;
#6503 = ADVANCED_FACE ( 'NONE', ( #689 ), #4118, .T. ) ;
#6504 = AXIS2_PLACEMENT_3D ( 'NONE', #5538, #2703, #6141 ) ;
#6505 = EDGE_LOOP ( 'NONE', ( #3231, #3539, #1975, #5715 ) ) ;
#6506 = ADVANCED_FACE ( 'NONE', ( #3352 ), #7372, .T. ) ;
#6507 = EDGE_CURVE ( 'NONE', #6302, #949, #8238, .T. ) ;
#6508 = ORIENTED_EDGE ( 'NONE', *, *, #2051, .T. ) ;
#6509 = DIRECTION ( 'NONE',  ( 1.261613996764426919E-15, 0.002208470701481260803, -0.9999975613256067986 ) ) ;
#6510 = CARTESIAN_POINT ( 'NONE',  ( 46.00000000000000000, 5.267766952966375982, 6.732233047033617801 ) ) ;
#6511 = CIRCLE ( 'NONE', #3151, 3.000000000000002665 ) ;
#6512 = DIRECTION ( 'NONE',  ( 0.000000000000000000, 1.000000000000000000, 0.000000000000000000 ) ) ;
#6513 = DIRECTION ( 'NONE',  ( -1.000000000000000000, 0.000000000000000000, 0.000000000000000000 ) ) ;
#6514 = CIRCLE ( 'NONE', #1673, 3.000000000000002665 ) ;
#6515 = CIRCLE ( 'NONE', #1536, 2.000000000000001776 ) ;
#6516 = EDGE_CURVE ( 'NONE', #7999, #8297, #5450, .T. ) ;
#6517 = ORIENTED_EDGE ( 'NONE', *, *, #3934, .T. ) ;
#6518 = CARTESIAN_POINT ( 'NONE',  ( 40.41266163581003923, 5.412661635810047223, -4.448244172143450470 ) ) ;
#6519 = ORIENTED_EDGE ( 'NONE', *, *, #117, .F. ) ;
#6520 = CIRCLE ( 'NONE', #6363, 1.500000000000001332 ) ;
#6521 = CONICAL_SURFACE ( 'NONE', #7550, 46.00000000000000000, 0.7853981633974621568 ) ;
#6522 = ADVANCED_FACE ( 'NONE', ( #2059 ), #6142, .T. ) ;
#6523 = CYLINDRICAL_SURFACE ( 'NONE', #7886, 6.000000000000000000 ) ;
#6524 = PLANE ( 'NONE',  #4653 ) ;
#6525 = EDGE_CURVE ( 'NONE', #4605, #8514, #6971, .T. ) ;
#6526 = ORIENTED_EDGE ( 'NONE', *, *, #8185, .T. ) ;
#6527 = LINE ( 'NONE', #53, #6629 ) ;
#6528 = CARTESIAN_POINT ( 'NONE',  ( -62.00000000000000000, 6.499999999999999112, -2.000000000000000888 ) ) ;
#6529 = LINE ( 'NONE', #3640, #3725 ) ;
#6530 = VECTOR ( 'NONE', #3233, 1000.000000000000000 ) ;
#6531 = ORIENTED_EDGE ( 'NONE', *, *, #6565, .T. ) ;
#6532 = CARTESIAN_POINT ( 'NONE',  ( -37.75961538461535127, 1.000000000000000000, -48.54807692307690559 ) ) ;
#6533 = EDGE_CURVE ( 'NONE', #4406, #3554, #637, .T. ) ;
#6534 = CIRCLE ( 'NONE', #379, 2.000000000000001776 ) ;
#6535 = ADVANCED_FACE ( 'NONE', ( #1927 ), #1500, .T. ) ;
#6536 = CARTESIAN_POINT ( 'NONE',  ( -65.00000000000000000, 54.00000000000000711, 1.999999999999999112 ) ) ;
#6537 = CARTESIAN_POINT ( 'NONE',  ( 1.105438321885278574, 6.485925717406313851, 50.00000000000000711 ) ) ;
#6538 = CARTESIAN_POINT ( 'NONE',  ( 8.499999999999998224, 4.000000000000000000, -33.90000000000001279 ) ) ;
#6539 = CIRCLE ( 'NONE', #7273, 6.000000000000000000 ) ;
#6540 = ORIENTED_EDGE ( 'NONE', *, *, #4750, .T. ) ;
#6541 = DIRECTION ( 'NONE',  ( -1.000000000000000000, 0.000000000000000000, 0.000000000000000000 ) ) ;
#6542 = LINE ( 'NONE', #5844, #6815 ) ;
#6543 = LINE ( 'NONE', #7958, #3573 ) ;
#6544 = DIRECTION ( 'NONE',  ( 0.000000000000000000, 1.000000000000000000, 0.000000000000000000 ) ) ;
#6545 = AXIS2_PLACEMENT_3D ( 'NONE', #5779, #927, #6572 ) ;
#6546 = EDGE_CURVE ( 'NONE', #1152, #3984, #4728, .T. ) ;
#6547 = EDGE_LOOP ( 'NONE', ( #7153, #6650, #2657, #6305 ) ) ;
#6548 = CIRCLE ( 'NONE', #2586, 1.500000000000001332 ) ;
#6549 = EDGE_LOOP ( 'NONE', ( #571, #2614, #5905, #2750 ) ) ;
#6550 = LINE ( 'NONE', #7283, #8822 ) ;
#6551 = EDGE_LOOP ( 'NONE', ( #5154, #2547, #2195, #8933, #6732 ) ) ;
#6552 = VECTOR ( 'NONE', #1348, 1000.000000000000000 ) ;
#6553 = DIRECTION ( 'NONE',  ( 6.689850889241178689E-17, 0.8376105968386138301, -0.5462677805469229320 ) ) ;
#6554 = DIRECTION ( 'NONE',  ( 0.000000000000000000, -1.000000000000000000, 0.000000000000000000 ) ) ;
#6555 = CARTESIAN_POINT ( 'NONE',  ( 42.32451751481464441, 4.144043078736376451, 8.199192477358234754 ) ) ;
#6556 = ORIENTED_EDGE ( 'NONE', *, *, #2908, .F. ) ;
#6557 = AXIS2_PLACEMENT_3D ( 'NONE', #1894, #4125, #6110 ) ;
#6558 = ORIENTED_EDGE ( 'NONE', *, *, #5989, .F. ) ;
#6559 = VECTOR ( 'NONE', #2209, 1000.000000000000114 ) ;
#6560 = ORIENTED_EDGE ( 'NONE', *, *, #7749, .F. ) ;
#6561 = DIRECTION ( 'NONE',  ( 0.000000000000000000, 0.000000000000000000, -1.000000000000000000 ) ) ;
#6562 = DIRECTION ( 'NONE',  ( -3.083952846181010199E-15, 0.000000000000000000, 1.000000000000000000 ) ) ;
#6563 = EDGE_CURVE ( 'NONE', #1452, #1383, #8903, .T. ) ;
#6564 = CARTESIAN_POINT ( 'NONE',  ( 44.00000000000000000, 52.50000000000000711, -6.000000000000000000 ) ) ;
#6565 = EDGE_CURVE ( 'NONE', #7954, #48, #3407, .T. ) ;
#6566 = DIRECTION ( 'NONE',  ( 0.000000000000000000, 1.000000000000000000, 0.000000000000000000 ) ) ;
#6567 = VECTOR ( 'NONE', #2452, 1000.000000000000000 ) ;
#6568 = ORIENTED_EDGE ( 'NONE', *, *, #304, .F. ) ;
#6569 = LINE ( 'NONE', #5823, #5881 ) ;
#6570 = ORIENTED_EDGE ( 'NONE', *, *, #6226, .F. ) ;
#6571 = CARTESIAN_POINT ( 'NONE',  ( -8.000000000000000000, 3.500000000000000000, 21.00000000000000000 ) ) ;
#6572 = DIRECTION ( 'NONE',  ( 0.000000000000000000, 1.000000000000000000, 1.301042606982605074E-16 ) ) ;
#6573 = EDGE_CURVE ( 'NONE', #3837, #7665, #6636, .T. ) ;
#6574 = ORIENTED_EDGE ( 'NONE', *, *, #4506, .T. ) ;
#6575 = DIRECTION ( 'NONE',  ( 0.000000000000000000, 0.000000000000000000, -1.000000000000000000 ) ) ;
#6576 = EDGE_CURVE ( 'NONE', #7791, #1189, #4083, .T. ) ;
#6577 = DIRECTION ( 'NONE',  ( 0.000000000000000000, -1.000000000000000000, 0.000000000000000000 ) ) ;
#6578 = CARTESIAN_POINT ( 'NONE',  ( 40.09262906082601319, 6.897049662373009760, 5.102950337627008004 ) ) ;
#6579 = ORIENTED_EDGE ( 'NONE', *, *, #2969, .T. ) ;
#6580 = DIRECTION ( 'NONE',  ( 0.5830680359095388177, 0.7071067811865517916, -0.4000395799175208156 ) ) ;
#6581 = FACE_OUTER_BOUND ( 'NONE', #1855, .T. ) ;
#6582 = CARTESIAN_POINT ( 'NONE',  ( -76.64999999999999147, 1.000000000000000000, -8.500000000000000000 ) ) ;
#6583 = CARTESIAN_POINT ( 'NONE',  ( 5.000000000000000000, 6.446635267737102382, -53.21086274685242756 ) ) ;
#6584 = ORIENTED_EDGE ( 'NONE', *, *, #6123, .T. ) ;
#6585 = CARTESIAN_POINT ( 'NONE',  ( 44.00000000000000000, 5.267766952966377758, 6.732233047033615136 ) ) ;
#6586 = CARTESIAN_POINT ( 'NONE',  ( 48.49999999999999289, 0.000000000000000000, 6.825348632742766597 ) ) ;
#6587 = DIRECTION ( 'NONE',  ( 0.000000000000000000, 0.000000000000000000, 1.000000000000000000 ) ) ;
#6588 = CARTESIAN_POINT ( 'NONE',  ( -82.95000000000000284, 4.000000000000000000, 10.25000000000000000 ) ) ;
#6589 = ORIENTED_EDGE ( 'NONE', *, *, #6623, .T. ) ;
#6590 = ORIENTED_EDGE ( 'NONE', *, *, #962, .F. ) ;
#6591 = CARTESIAN_POINT ( 'NONE',  ( 8.000000000000000000, 4.000000000000000000, 23.00000000000000000 ) ) ;
#6592 = VERTEX_POINT ( 'NONE', #3388 ) ;
#6593 = CARTESIAN_POINT ( 'NONE',  ( 20.00000000000000000, 4.000000000000000000, -6.500000000000000000 ) ) ;
#6594 = CARTESIAN_POINT ( 'NONE',  ( 39.73223304703365244, 4.732233047033646223, 0.3069134597442495505 ) ) ;
#6595 = DIRECTION ( 'NONE',  ( 1.000000000000000000, 0.000000000000000000, 1.156482317317864034E-15 ) ) ;
#6596 = ORIENTED_EDGE ( 'NONE', *, *, #4144, .F. ) ;
#6597 = ORIENTED_EDGE ( 'NONE', *, *, #5549, .T. ) ;
#6598 = EDGE_LOOP ( 'NONE', ( #7325, #4634, #2644, #5435 ) ) ;
#6599 = CARTESIAN_POINT ( 'NONE',  ( -0.2012499999999879940, 2.399999999999999911, -30.45000000000000284 ) ) ;
#6600 = CARTESIAN_POINT ( 'NONE',  ( -93.06768137013648357, 3.500000000000000000, 26.33212343854054893 ) ) ;
#6601 = LINE ( 'NONE', #318, #3264 ) ;
#6602 = FACE_OUTER_BOUND ( 'NONE', #5974, .T. ) ;
#6603 = DIRECTION ( 'NONE',  ( -1.000000000000000000, 0.000000000000000000, 0.000000000000000000 ) ) ;
#6604 = ORIENTED_EDGE ( 'NONE', *, *, #4049, .F. ) ;
#6605 = CARTESIAN_POINT ( 'NONE',  ( -87.00000000000000000, 1.500000000000000000, -4.500000000000000000 ) ) ;
#6606 = EDGE_CURVE ( 'NONE', #2097, #7859, #5499, .T. ) ;
#6607 = VERTEX_POINT ( 'NONE', #5718 ) ;
#6608 = CARTESIAN_POINT ( 'NONE',  ( -5.616384920805909786, 0.5000000000000071054, 59.00000000000000000 ) ) ;
#6609 = DIRECTION ( 'NONE',  ( 0.000000000000000000, 0.000000000000000000, 1.000000000000000000 ) ) ;
#6610 = ORIENTED_EDGE ( 'NONE', *, *, #6367, .F. ) ;
#6611 = CARTESIAN_POINT ( 'NONE',  ( 37.96446609406726935, 4.000000000000000000, 0.4603702609048100913 ) ) ;
#6612 = CARTESIAN_POINT ( 'NONE',  ( -79.14999999999999147, 1.500000000000000000, 7.500000000000000000 ) ) ;
#6613 = DIRECTION ( 'NONE',  ( 1.000000000000000000, 0.000000000000000000, 0.000000000000000000 ) ) ;
#6614 = VERTEX_POINT ( 'NONE', #7200 ) ;
#6615 = LINE ( 'NONE', #7397, #6852 ) ;
#6616 = EDGE_CURVE ( 'NONE', #1103, #1883, #7052, .T. ) ;
#6617 = EDGE_CURVE ( 'NONE', #1707, #7040, #2981, .T. ) ;
#6618 = CARTESIAN_POINT ( 'NONE',  ( -8.500000000000003553, 2.399999999999999911, -33.89999999999999858 ) ) ;
#6619 = CYLINDRICAL_SURFACE ( 'NONE', #6235, 3.000000000000002665 ) ;
#6620 = ADVANCED_FACE ( 'NONE', ( #8576 ), #4955, .T. ) ;
#6621 = CARTESIAN_POINT ( 'NONE',  ( 7.020929521015732533, 4.000000000000000000, -55.24505384011009568 ) ) ;
#6622 = ORIENTED_EDGE ( 'NONE', *, *, #971, .F. ) ;
#6623 = EDGE_CURVE ( 'NONE', #6006, #3471, #7848, .T. ) ;
#6624 = DIRECTION ( 'NONE',  ( -1.000000000000000000, 0.000000000000000000, 0.000000000000000000 ) ) ;
#6625 = CARTESIAN_POINT ( 'NONE',  ( -89.25000000000000000, 1.000000000000000000, 0.000000000000000000 ) ) ;
#6626 = LINE ( 'NONE', #261, #7831 ) ;
#6627 = DIRECTION ( 'NONE',  ( 0.000000000000000000, 1.000000000000000000, 0.000000000000000000 ) ) ;
#6628 = VERTEX_POINT ( 'NONE', #7711 ) ;
#6629 = VECTOR ( 'NONE', #2303, 1000.000000000000000 ) ;
#6630 = AXIS2_PLACEMENT_3D ( 'NONE', #7189, #5158, #8744 ) ;
#6631 = DIRECTION ( 'NONE',  ( 0.000000000000000000, 0.000000000000000000, -1.000000000000000000 ) ) ;
#6632 = ORIENTED_EDGE ( 'NONE', *, *, #3370, .F. ) ;
#6633 = CARTESIAN_POINT ( 'NONE',  ( 2.000000000000000000, 52.50000000000000711, -56.00000000000000000 ) ) ;
#6634 = ORIENTED_EDGE ( 'NONE', *, *, #2186, .F. ) ;
#6635 = CARTESIAN_POINT ( 'NONE',  ( -65.00000000000000000, 54.00000000000000711, -5.000000000000000888 ) ) ;
#6636 = CIRCLE ( 'NONE', #5022, 46.50000000000000000 ) ;
#6637 = CARTESIAN_POINT ( 'NONE',  ( -94.48234584330542418, 3.927641031378069414, 13.64639597039720265 ) ) ;
#6638 = DIRECTION ( 'NONE',  ( 0.000000000000000000, 0.000000000000000000, -1.000000000000000000 ) ) ;
#6639 = ADVANCED_FACE ( 'NONE', ( #8481 ), #2230, .F. ) ;
#6640 = ORIENTED_EDGE ( 'NONE', *, *, #6203, .T. ) ;
#6641 = ORIENTED_EDGE ( 'NONE', *, *, #6694, .T. ) ;
#6642 = AXIS2_PLACEMENT_3D ( 'NONE', #8620, #8067, #3766 ) ;
#6643 = VECTOR ( 'NONE', #413, 1000.000000000000000 ) ;
#6644 = EDGE_LOOP ( 'NONE', ( #5272, #2868, #8359, #7782, #567 ) ) ;
#6645 = CYLINDRICAL_SURFACE ( 'NONE', #3033, 1.500000000000001332 ) ;
#6646 = DIRECTION ( 'NONE',  ( 0.000000000000000000, 0.000000000000000000, 1.000000000000000000 ) ) ;
#6647 = CARTESIAN_POINT ( 'NONE',  ( -1.658312395177696574, 6.500000000000000888, 47.50000000000000000 ) ) ;
#6648 = CARTESIAN_POINT ( 'NONE',  ( 0.000000000000000000, 4.000000000000000000, 48.00000000000000000 ) ) ;
#6649 = AXIS2_PLACEMENT_3D ( 'NONE', #2141, #7746, #4249 ) ;
#6650 = ORIENTED_EDGE ( 'NONE', *, *, #8516, .F. ) ;
#6651 = DIRECTION ( 'NONE',  ( 0.000000000000000000, -1.000000000000000000, 0.000000000000000000 ) ) ;
#6652 = AXIS2_PLACEMENT_3D ( 'NONE', #4207, #7094, #8613 ) ;
#6653 = ADVANCED_FACE ( 'NONE', ( #4258 ), #8535, .F. ) ;
#6654 = ORIENTED_EDGE ( 'NONE', *, *, #2633, .F. ) ;
#6655 = AXIS2_PLACEMENT_3D ( 'NONE', #481, #6067, #6758 ) ;
#6656 = AXIS2_PLACEMENT_3D ( 'NONE', #7878, #1586, #7319 ) ;
#6657 = DIRECTION ( 'NONE',  ( 0.000000000000000000, -1.000000000000000000, 0.000000000000000000 ) ) ;
#6658 = CARTESIAN_POINT ( 'NONE',  ( -93.06768137013648357, 3.500000000000000000, 28.33212343854054893 ) ) ;
#6659 = ADVANCED_FACE ( 'NONE', ( #7157 ), #5743, .F. ) ;
#6660 = ORIENTED_EDGE ( 'NONE', *, *, #8080, .T. ) ;
#6661 = DIRECTION ( 'NONE',  ( 1.000000000000000000, 0.000000000000000000, -6.938893903907230350E-16 ) ) ;
#6662 = DIRECTION ( 'NONE',  ( 1.000000000000000000, 0.000000000000000000, -0.000000000000000000 ) ) ;
#6663 = DIRECTION ( 'NONE',  ( 0.000000000000000000, -1.000000000000000000, 0.000000000000000000 ) ) ;
#6664 = ORIENTED_EDGE ( 'NONE', *, *, #2322, .F. ) ;
#6665 = CARTESIAN_POINT ( 'NONE',  ( -87.00000000000000000, 0.000000000000000000, -12.55000000000000071 ) ) ;
#6666 = VECTOR ( 'NONE', #4690, 1000.000000000000000 ) ;
#6667 = AXIS2_PLACEMENT_3D ( 'NONE', #6702, #3641, #3215 ) ;
#6668 = VECTOR ( 'NONE', #9056, 1000.000000000000000 ) ;
#6669 = PRODUCT ( 'carbon_bottom_plate', 'carbon_bottom_plate', '', ( #4168 ) ) ;
#6670 = DIRECTION ( 'NONE',  ( 0.000000000000000000, 0.000000000000000000, -1.000000000000000000 ) ) ;
#6671 = CARTESIAN_POINT ( 'NONE',  ( 10.00000000000000000, 2.399999999999999911, -33.89999999999999858 ) ) ;
#6672 = LINE ( 'NONE', #390, #2144 ) ;
#6673 = ORIENTED_EDGE ( 'NONE', *, *, #8345, .F. ) ;
#6674 = DIRECTION ( 'NONE',  ( -0.000000000000000000, 0.000000000000000000, 1.000000000000000000 ) ) ;
#6675 = ADVANCED_FACE ( 'NONE', ( #2192 ), #2973, .F. ) ;
#6676 = CONICAL_SURFACE ( 'NONE', #4632, 1.500000000000001332, 0.7853981633974320697 ) ;
#6677 = CARTESIAN_POINT ( 'NONE',  ( -53.48771061000000060, 3.500000000000000000, 53.48771061000000060 ) ) ;
#6678 = CARTESIAN_POINT ( 'NONE',  ( -8.000000000000000000, 4.000000000000000000, 25.50000000000000000 ) ) ;
#6679 = CIRCLE ( 'NONE', #3899, 0.9999999999999974465 ) ;
#6680 = CARTESIAN_POINT ( 'NONE',  ( 48.99999999999999289, 30.00000000000038014, -17.99999999999999645 ) ) ;
#6681 = ORIENTED_EDGE ( 'NONE', *, *, #1456, .T. ) ;
#6682 = CIRCLE ( 'NONE', #7111, 2.500000000000000444 ) ;
#6683 = DIRECTION ( 'NONE',  ( 0.000000000000000000, 0.000000000000000000, -1.000000000000000000 ) ) ;
#6684 = ORIENTED_EDGE ( 'NONE', *, *, #988, .F. ) ;
#6685 = PLANE ( 'NONE',  #7216 ) ;
#6686 = ORIENTED_EDGE ( 'NONE', *, *, #2628, .F. ) ;
#6687 = CARTESIAN_POINT ( 'NONE',  ( 41.38225072540647176, 6.382250725406494851, 6.397401146818514128 ) ) ;
#6688 = CARTESIAN_POINT ( 'NONE',  ( -4.999999999999991118, 6.446635267731737784, 53.21086274685243467 ) ) ;
#6689 = CIRCLE ( 'NONE', #7291, 2.500000000000000444 ) ;
#6690 = B_SPLINE_CURVE_WITH_KNOTS ( 'NONE', 3,
 ( #3063, #5845, #7919, #5886, #8644, #212 ),
 .UNSPECIFIED., .F., .F.,
 ( 4, 2, 4 ),
 ( 0.000000000000000000, 0.0008295407292719414764, 0.001659081458543882953 ),
 .UNSPECIFIED. ) ;
#6691 = AXIS2_PLACEMENT_3D ( 'NONE', #6424, #6566, #278 ) ;
#6692 = FACE_OUTER_BOUND ( 'NONE', #6087, .T. ) ;
#6693 = ORIENTED_EDGE ( 'NONE', *, *, #4780, .T. ) ;
#6694 = EDGE_CURVE ( 'NONE', #4915, #4643, #877, .T. ) ;
#6695 = ORIENTED_EDGE ( 'NONE', *, *, #3040, .F. ) ;
#6696 = AXIS2_PLACEMENT_3D ( 'NONE', #8951, #6931, #1983 ) ;
#6697 = ORIENTED_EDGE ( 'NONE', *, *, #2486, .F. ) ;
#6698 = DIRECTION ( 'NONE',  ( 0.000000000000000000, 1.000000000000000000, 0.000000000000000000 ) ) ;
#6699 = CIRCLE ( 'NONE', #3918, 5.500000000000000000 ) ;
#6700 = EDGE_CURVE ( 'NONE', #8390, #7996, #7219, .T. ) ;
#6701 = CARTESIAN_POINT ( 'NONE',  ( -92.00000000000000000, 4.000000000000000000, 18.25000000000000000 ) ) ;
#6702 = CARTESIAN_POINT ( 'NONE',  ( -65.00000000000000000, 6.499999999999999112, 1.999999999999999112 ) ) ;
#6703 = VERTEX_POINT ( 'NONE', #7899 ) ;
#6704 = CARTESIAN_POINT ( 'NONE',  ( 8.000000000000000000, 2.399999999999999911, -29.44999999999999929 ) ) ;
#6705 = CIRCLE ( 'NONE', #5660, 2.500000000000002220 ) ;
#6706 = VERTEX_POINT ( 'NONE', #1602 ) ;
#6707 = DIRECTION ( 'NONE',  ( 0.000000000000000000, 0.000000000000000000, 1.000000000000000000 ) ) ;
#6708 = CYLINDRICAL_SURFACE ( 'NONE', #5474, 1.500000000000000000 ) ;
#6709 = AXIS2_PLACEMENT_3D ( 'NONE', #1324, #7526, #6745 ) ;
#6710 = VERTEX_POINT ( 'NONE', #4908 ) ;
#6711 = CARTESIAN_POINT ( 'NONE',  ( -1.221082318445197545, 4.230482043440066953, -50.00000000000001421 ) ) ;
#6712 = CARTESIAN_POINT ( 'NONE',  ( 48.99999999999999289, 54.00000000000000711, -3.000000000000000888 ) ) ;
#6713 = AXIS2_PLACEMENT_3D ( 'NONE', #8179, #6016, #1848 ) ;
#6714 = DIRECTION ( 'NONE',  ( 1.534251516482260896E-25, -1.000000000000000000, 0.000000000000000000 ) ) ;
#6715 = ORIENTED_EDGE ( 'NONE', *, *, #8755, .F. ) ;
#6716 = DIRECTION ( 'NONE',  ( 1.000000000000000000, 0.000000000000000000, 4.679188323358490620E-15 ) ) ;
#6717 = EDGE_LOOP ( 'NONE', ( #4571, #8015, #1569, #7652 ) ) ;
#6718 = DIRECTION ( 'NONE',  ( 0.000000000000000000, 0.000000000000000000, -1.000000000000000000 ) ) ;
#6719 = CARTESIAN_POINT ( 'NONE',  ( 2.000000000000008882, 4.000000000000000000, 53.00000000000000000 ) ) ;
#6720 = ORIENTED_EDGE ( 'NONE', *, *, #133, .F. ) ;
#6721 = LINE ( 'NONE', #5593, #376 ) ;
#6722 = DIRECTION ( 'NONE',  ( 0.000000000000000000, 0.000000000000000000, -1.000000000000000000 ) ) ;
#6723 = CARTESIAN_POINT ( 'NONE',  ( -95.37740409499218686, 4.000000000000000000, -27.83212343854044590 ) ) ;
#6724 = CARTESIAN_POINT ( 'NONE',  ( -95.37740409499218686, 4.000000000000000000, 27.83212343854049919 ) ) ;
#6725 = CARTESIAN_POINT ( 'NONE',  ( 42.49999999999999289, 52.50000000000000711, -3.000000000000000888 ) ) ;
#6726 = EDGE_LOOP ( 'NONE', ( #3260, #8431, #1901, #8688 ) ) ;
#6727 = ORIENTED_EDGE ( 'NONE', *, *, #7365, .T. ) ;
#6728 = CARTESIAN_POINT ( 'NONE',  ( -1.879066676236450120E-24, 6.449489742783179658, 47.50000000000000000 ) ) ;
#6729 = CARTESIAN_POINT ( 'NONE',  ( 41.89704966237297867, 6.897049662373009760, 6.907370939173973490 ) ) ;
#6730 = CARTESIAN_POINT ( 'NONE',  ( -65.00000000000000000, 6.499999999999999112, -7.500000000000001776 ) ) ;
#6731 = DIRECTION ( 'NONE',  ( 0.000000000000000000, -1.000000000000000000, 0.000000000000000000 ) ) ;
#6732 = ORIENTED_EDGE ( 'NONE', *, *, #4896, .T. ) ;
#6733 = EDGE_CURVE ( 'NONE', #7203, #5470, #5045, .T. ) ;
#6734 = VERTEX_POINT ( 'NONE', #3626 ) ;
#6735 = EDGE_CURVE ( 'NONE', #7641, #4713, #2149, .T. ) ;
#6736 = ORIENTED_EDGE ( 'NONE', *, *, #2728, .T. ) ;
#6737 = EDGE_CURVE ( 'NONE', #2770, #7099, #5679, .T. ) ;
#6738 = FACE_OUTER_BOUND ( 'NONE', #8608, .T. ) ;
#6739 = EDGE_CURVE ( 'NONE', #349, #6703, #3717, .T. ) ;
#6740 = DIRECTION ( 'NONE',  ( 1.000000000000000000, 1.301042606982605124E-15, -0.000000000000000000 ) ) ;
#6741 = CARTESIAN_POINT ( 'NONE',  ( -59.50000000000000000, 6.499999999999999112, 4.999999999999999112 ) ) ;
#6742 = ORIENTED_EDGE ( 'NONE', *, *, #3383, .F. ) ;
#6743 = LINE ( 'NONE', #3307, #6915 ) ;
#6744 = VERTEX_POINT ( 'NONE', #92 ) ;
#6745 = DIRECTION ( 'NONE',  ( 0.000000000000000000, 0.000000000000000000, -1.000000000000000000 ) ) ;
#6746 = LINE ( 'NONE', #3259, #1964 ) ;
#6747 = EDGE_LOOP ( 'NONE', ( #2244, #3843, #861, #1426 ) ) ;
#6748 = DIRECTION ( 'NONE',  ( 1.000000000000000000, -0.000000000000000000, 0.000000000000000000 ) ) ;
#6749 = FACE_OUTER_BOUND ( 'NONE', #4536, .T. ) ;
#6750 = CARTESIAN_POINT ( 'NONE',  ( 0.000000000000000000, 4.000000000000000000, 45.00000000000000000 ) ) ;
#6751 = ORIENTED_EDGE ( 'NONE', *, *, #1446, .F. ) ;
#6752 = CARTESIAN_POINT ( 'NONE',  ( 38.99999999999999289, 4.000000000000000000, 9.302235153908149812 ) ) ;
#6753 = VERTEX_POINT ( 'NONE', #7753 ) ;
#6754 = CARTESIAN_POINT ( 'NONE',  ( 4.761394580298130563, 6.499999999999999112, -51.82752399943534272 ) ) ;
#6755 = CARTESIAN_POINT ( 'NONE',  ( 0.000000000000000000, 0.5000000000000071054, -59.00000000000000000 ) ) ;
#6756 = ORIENTED_EDGE ( 'NONE', *, *, #1860, .F. ) ;
#6757 = DIRECTION ( 'NONE',  ( 0.000000000000000000, 0.000000000000000000, -1.000000000000000000 ) ) ;
#6758 = DIRECTION ( 'NONE',  ( 0.000000000000000000, 0.000000000000000000, 1.000000000000000000 ) ) ;
#6759 = CARTESIAN_POINT ( 'NONE',  ( 1.467174262157054265, 4.000000000000000000, -47.62678672204844332 ) ) ;
#6760 = CARTESIAN_POINT ( 'NONE',  ( 8.500000000000000000, 2.399999999999999911, -32.40000000000001279 ) ) ;
#6761 = LINE ( 'NONE', #2671, #9031 ) ;
#6762 = EDGE_LOOP ( 'NONE', ( #6693, #7432, #3048, #6029, #8334 ) ) ;
#6763 =( BOUNDED_SURFACE ( )  B_SPLINE_SURFACE ( 3, 2, ( 
 ( #2234, #2148, #1504 ),
 ( #4954, #2887, #5090 ),
 ( #1643, #7898, #1601 ),
 ( #876, #8619, #7198 ),
 ( #8520, #7104, #7050 ),
 ( #3625, #917, #7846 ),
 ( #5130, #232, #8480 ),
 ( #3076, #1557, #7156 ),
 ( #4257, #4359, #7794 ),
 ( #6510, #5818, #91 ) ),
 .UNSPECIFIED., .F., .F., .T. ) 
 B_SPLINE_SURFACE_WITH_KNOTS ( ( 4, 2, 2, 2, 4 ),
 ( 3, 3 ),
 ( 4.702964202423919993, 5.098019478612837219, 5.493074754801753556, 5.888130030990669894, 6.283185307179586232 ),
 ( 0.000000000000000000, 1.000000000000000000 ),
 .UNSPECIFIED. ) 
 GEOMETRIC_REPRESENTATION_ITEM ( )  RATIONAL_B_SPLINE_SURFACE ( (
 ( 1.000000000000000000, 0.7047466829484531070, 1.000000000000000000),
 ( 1.000000000000000000, 0.7377954187735167313, 1.000000000000000000),
 ( 1.000000000000000000, 0.7684940982688068800, 1.000000000000000000),
 ( 1.000000000000000000, 0.8227152240195410027, 1.000000000000000000),
 ( 1.000000000000000000, 0.8462318456470594441, 1.000000000000000000),
 ( 1.000000000000000000, 0.8844548750439586993, 1.000000000000000000),
 ( 1.000000000000000000, 0.8991662893379782640, 1.000000000000000000),
 ( 1.000000000000000000, 0.9188777629327310459, 1.000000000000000000),
 ( 1.000000000000000000, 0.9238888318861202542, 1.000000000000000000),
 ( 1.000000000000000000, 0.9238795325112882928, 1.000000000000000000) ) ) 
 REPRESENTATION_ITEM ( '' )  SURFACE ( )  );
#6764 = CARTESIAN_POINT ( 'NONE',  ( 0.000000000000000000, 54.00000000000000711, 0.000000000000000000 ) ) ;
#6765 = ORIENTED_EDGE ( 'NONE', *, *, #2792, .T. ) ;
#6766 = EDGE_CURVE ( 'NONE', #7229, #8721, #8836, .T. ) ;
#6767 = CARTESIAN_POINT ( 'NONE',  ( -20.00000000000000000, 3.500000000000000000, 0.000000000000000000 ) ) ;
#6768 = DIRECTION ( 'NONE',  ( 0.000000000000000000, -1.000000000000000000, 0.000000000000000000 ) ) ;
#6769 = CARTESIAN_POINT ( 'NONE',  ( 53.48771061000000060, 4.000000000000000000, -53.48771061000000060 ) ) ;
#6770 = AXIS2_PLACEMENT_3D ( 'NONE', #5029, #8420, #2137 ) ;
#6771 = ORIENTED_EDGE ( 'NONE', *, *, #4217, .T. ) ;
#6772 = ORIENTED_EDGE ( 'NONE', *, *, #1533, .F. ) ;
#6773 = ORIENTED_EDGE ( 'NONE', *, *, #7742, .T. ) ;
#6774 = AXIS2_PLACEMENT_3D ( 'NONE', #7486, #6919, #2654 ) ;
#6775 = CARTESIAN_POINT ( 'NONE',  ( 4.840618013541300613, 6.500000000000000000, -52.01410961746500305 ) ) ;
#6776 = CIRCLE ( 'NONE', #5163, 1.500000000000001332 ) ;
#6777 = FACE_OUTER_BOUND ( 'NONE', #7401, .T. ) ;
#6778 = EDGE_CURVE ( 'NONE', #6873, #2845, #831, .T. ) ;
#6779 = CYLINDRICAL_SURFACE ( 'NONE', #3885, 3.000000000000002665 ) ;
#6780 = EDGE_CURVE ( 'NONE', #7267, #1930, #6601, .T. ) ;
#6781 = ORIENTED_EDGE ( 'NONE', *, *, #9061, .F. ) ;
#6782 = CARTESIAN_POINT ( 'NONE',  ( 42.32451751481466573, 4.144043078736335595, -8.199192477358343112 ) ) ;
#6783 = AXIS2_PLACEMENT_3D ( 'NONE', #8935, #1193, #1231 ) ;
#6784 = CIRCLE ( 'NONE', #4137, 1.500000000000000000 ) ;
#6785 = ORIENTED_EDGE ( 'NONE', *, *, #3883, .F. ) ;
#6786 = PLANE ( 'NONE',  #4800 ) ;
#6787 = DIRECTION ( 'NONE',  ( 0.000000000000000000, -1.000000000000000000, 0.000000000000000000 ) ) ;
#6788 = ADVANCED_FACE ( 'NONE', ( #6004 ), #4494, .F. ) ;
#6789 = CARTESIAN_POINT ( 'NONE',  ( 5.616384920805909786, 4.000000000000000000, 59.00000000000000000 ) ) ;
#6790 = CYLINDRICAL_SURFACE ( 'NONE', #3751, 1.500000000000001332 ) ;
#6791 = VECTOR ( 'NONE', #539, 1000.000000000000000 ) ;
#6792 = LINE ( 'NONE', #2449, #6362 ) ;
#6793 = ORIENTED_EDGE ( 'NONE', *, *, #7230, .T. ) ;
#6794 = LINE ( 'NONE', #332, #8462 ) ;
#6795 = VECTOR ( 'NONE', #7593, 1000.000000000000000 ) ;
#6796 = EDGE_LOOP ( 'NONE', ( #5704, #3306, #6399, #1875 ) ) ;
#6797 = ADVANCED_FACE ( 'NONE', ( #5268 ), #2543, .F. ) ;
#6798 = COLOUR_RGB ( '',0.7921568627450980005, 0.8196078431372548767, 0.9333333333333333481 ) ;
#6799 = EDGE_CURVE ( 'NONE', #4342, #1817, #5168, .T. ) ;
#6800 = CARTESIAN_POINT ( 'NONE',  ( 4.877111879683965867, 4.247321242193555335, -52.12014274747128439 ) ) ;
#6801 = CIRCLE ( 'NONE', #5187, 0.9999999999999974465 ) ;
#6802 = DIRECTION ( 'NONE',  ( 0.000000000000000000, 0.000000000000000000, 1.000000000000000000 ) ) ;
#6803 = AXIS2_PLACEMENT_3D ( 'NONE', #9077, #6145, #7583 ) ;
#6804 = ORIENTED_EDGE ( 'NONE', *, *, #6737, .F. ) ;
#6805 = FACE_OUTER_BOUND ( 'NONE', #2014, .T. ) ;
#6806 = EDGE_CURVE ( 'NONE', #6302, #7996, #7434, .T. ) ;
#6807 = CARTESIAN_POINT ( 'NONE',  ( 53.48771061000000060, 0.000000000000000000, 53.48771061000000060 ) ) ;
#6809 = DIRECTION ( 'NONE',  ( 0.000000000000000000, 0.000000000000000000, 1.000000000000000000 ) ) ;
#6808 = CIRCLE ( 'NONE', #8564, 1.500000000000000444 ) ;
#6810 = AXIS2_PLACEMENT_3D ( 'NONE', #4191, #1352, #4103 ) ;
#6811 = DIRECTION ( 'NONE',  ( 0.000000000000000000, -1.000000000000000000, 0.000000000000000000 ) ) ;
#6812 = EDGE_CURVE ( 'NONE', #3031, #2429, #6327, .T. ) ;
#6813 = CIRCLE ( 'NONE', #7400, 5.500000000000000000 ) ;
#6814 = LINE ( 'NONE', #4744, #6261 ) ;
#6815 = VECTOR ( 'NONE', #5114, 1000.000000000000000 ) ;
#6816 = CARTESIAN_POINT ( 'NONE',  ( -93.06768137013648357, 4.000000000000000000, -26.33212343854044946 ) ) ;
#6817 = CONICAL_SURFACE ( 'NONE', #6230, 46.00000000000000000, 0.7853981633974758125 ) ;
#6818 = ORIENTED_EDGE ( 'NONE', *, *, #1490, .F. ) ;
#6819 = DIRECTION ( 'NONE',  ( 0.000000000000000000, 0.000000000000000000, 1.000000000000000000 ) ) ;
#6820 = DIRECTION ( 'NONE',  ( 0.000000000000000000, 0.000000000000000000, -1.000000000000000000 ) ) ;
#6821 = DIRECTION ( 'NONE',  ( -0.7052112295670495135, 0.7071067811865585639, 0.05174090927413566715 ) ) ;
#6822 = EDGE_CURVE ( 'NONE', #5436, #9012, #8543, .T. ) ;
#6823 = DIRECTION ( 'NONE',  ( -1.000000000000000000, 0.000000000000000000, 0.000000000000000000 ) ) ;
#6824 = AXIS2_PLACEMENT_3D ( 'NONE', #6291, #2847, #4965 ) ;
#6825 = EDGE_LOOP ( 'NONE', ( #447, #1477 ) ) ;
#6826 = VERTEX_POINT ( 'NONE', #6564 ) ;
#6827 = ORIENTED_EDGE ( 'NONE', *, *, #7853, .T. ) ;
#6828 = FACE_OUTER_BOUND ( 'NONE', #171, .T. ) ;
#6829 = AXIS2_PLACEMENT_3D ( 'NONE', #1376, #734, #638 ) ;
#6830 = LINE ( 'NONE', #3345, #6929 ) ;
#6831 = CARTESIAN_POINT ( 'NONE',  ( 0.000000000000000000, 0.000000000000000000, 45.00000000000000000 ) ) ;
#6832 = EDGE_LOOP ( 'NONE', ( #3485, #2107, #928, #4759 ) ) ;
#6833 = CARTESIAN_POINT ( 'NONE',  ( -78.89999999999999147, 4.000000000000000000, -2.433238795636819930E-13 ) ) ;
#6834 = AXIS2_PLACEMENT_3D ( 'NONE', #1556, #2289, #3516 ) ;
#6835 = VECTOR ( 'NONE', #6896, 1000.000000000000114 ) ;
#6836 = EDGE_LOOP ( 'NONE', ( #5506, #2263, #3888, #7252, #954, #5780, #8286, #2198 ) ) ;
#6837 = ADVANCED_FACE ( 'NONE', ( #5227 ), #2984, .T. ) ;
#6838 = EDGE_CURVE ( 'NONE', #5291, #5965, #492, .T. ) ;
#6839 = CARTESIAN_POINT ( 'NONE',  ( -1.658312395177696352, 6.499999999999999112, 50.00000000000000000 ) ) ;
#6840 = DIRECTION ( 'NONE',  ( -1.000000000000000000, 0.000000000000000000, 0.000000000000000000 ) ) ;
#6841 = DIRECTION ( 'NONE',  ( 0.000000000000000000, 0.000000000000000000, -1.000000000000000000 ) ) ;
#6842 = CARTESIAN_POINT ( 'NONE',  ( -96.82884964244770742, 0.000000000000000000, 25.95356588311249979 ) ) ;
#6843 = EDGE_CURVE ( 'NONE', #545, #5088, #8111, .T. ) ;
#6844 = CIRCLE ( 'NONE', #5967, 46.00000000000000000 ) ;
#6845 = VERTEX_POINT ( 'NONE', #6701 ) ;
#6846 = DIRECTION ( 'NONE',  ( 0.000000000000000000, 0.000000000000000000, -1.000000000000000000 ) ) ;
#6847 = ORIENTED_EDGE ( 'NONE', *, *, #2354, .T. ) ;
#6848 = ADVANCED_FACE ( 'NONE', ( #421 ), #8979, .F. ) ;
#6849 = CIRCLE ( 'NONE', #4066, 1.500000000000001332 ) ;
#6850 = EDGE_CURVE ( 'NONE', #7665, #4114, #6053, .T. ) ;
#6851 = CARTESIAN_POINT ( 'NONE',  ( -5.616384920805909786, 3.500000000000000000, 57.00000000000000000 ) ) ;
#6852 = VECTOR ( 'NONE', #5246, 1000.000000000000000 ) ;
#6853 = ORIENTED_EDGE ( 'NONE', *, *, #6153, .T. ) ;
#6854 = CYLINDRICAL_SURFACE ( 'NONE', #226, 2.000000000000001776 ) ;
#6856 = EDGE_CURVE ( 'NONE', #5119, #6342, #460, .T. ) ;
#6855 = DIRECTION ( 'NONE',  ( 0.000000000000000000, -1.000000000000000000, 0.000000000000000000 ) ) ;
#6857 = LINE ( 'NONE', #8092, #6355 ) ;
#6858 = CARTESIAN_POINT ( 'NONE',  ( -94.86640214130640913, 3.813941804160962956, 15.52227341206704381 ) ) ;
#6859 = DIRECTION ( 'NONE',  ( 0.000000000000000000, 1.000000000000000000, 0.000000000000000000 ) ) ;
#6860 = CARTESIAN_POINT ( 'NONE',  ( -8.000000000000000000, 0.5000000000000000000, -25.00000000000000000 ) ) ;
#6861 = ORIENTED_EDGE ( 'NONE', *, *, #870, .T. ) ;
#6862 = DIRECTION ( 'NONE',  ( 0.000000000000000000, -1.000000000000000000, 0.000000000000000000 ) ) ;
#6863 = CARTESIAN_POINT ( 'NONE',  ( 43.19371669380593204, 7.035533905932729759, 6.000000000000000000 ) ) ;
#6864 = CARTESIAN_POINT ( 'NONE',  ( -82.95000000000000284, -6.000000000000000000, -11.50000000000000000 ) ) ;
#6865 = DIRECTION ( 'NONE',  ( 0.000000000000000000, 0.000000000000000000, -1.000000000000000000 ) ) ;
#6866 = ORIENTED_EDGE ( 'NONE', *, *, #4912, .F. ) ;
#6867 = ORIENTED_EDGE ( 'NONE', *, *, #3213, .T. ) ;
#6868 = ORIENTED_EDGE ( 'NONE', *, *, #2670, .T. ) ;
#6869 = CARTESIAN_POINT ( 'NONE',  ( 42.47865460874999854, 3.499999999999972022, 8.824518986904589468 ) ) ;
#6870 = CARTESIAN_POINT ( 'NONE',  ( -82.95000000000000284, 4.000000000000000000, 10.25000000000000000 ) ) ;
#6871 = CARTESIAN_POINT ( 'NONE',  ( -87.00000000000000000, 1.000000000000000000, 0.000000000000000000 ) ) ;
#6872 = DIRECTION ( 'NONE',  ( 1.000000000000000000, 0.000000000000000000, 3.083952846181010199E-15 ) ) ;
#6873 = VERTEX_POINT ( 'NONE', #1014 ) ;
#6874 = DIRECTION ( 'NONE',  ( 0.000000000000000000, 0.7071067811865474617, -0.7071067811865474617 ) ) ;
#6875 = CARTESIAN_POINT ( 'NONE',  ( 8.000000000000000000, 2.399999999999999911, -30.45000000000000284 ) ) ;
#6876 = CARTESIAN_POINT ( 'NONE',  ( 5.000000000000008882, 54.00000000000000711, 53.00000000000000711 ) ) ;
#6877 = CARTESIAN_POINT ( 'NONE',  ( -2.000000000000000000, 52.50000000000000711, -56.00000000000000000 ) ) ;
#6878 = EDGE_CURVE ( 'NONE', #1930, #686, #2679, .T. ) ;
#6879 = ORIENTED_EDGE ( 'NONE', *, *, #6739, .T. ) ;
#6880 = CARTESIAN_POINT ( 'NONE',  ( -1.471150534913215457, 4.124149138782775559, 49.99999999999626255 ) ) ;
#6881 = EDGE_LOOP ( 'NONE', ( #5067, #1814, #5696, #7281 ) ) ;
#6882 = DIRECTION ( 'NONE',  ( 0.000000000000000000, 0.000000000000000000, -1.000000000000000000 ) ) ;
#6883 = CYLINDRICAL_SURFACE ( 'NONE', #6557, 3.000000000000002665 ) ;
#6884 = CARTESIAN_POINT ( 'NONE',  ( -93.06768137013648357, 4.000000000000000000, -27.83212343854044590 ) ) ;
#6885 = ORIENTED_EDGE ( 'NONE', *, *, #6617, .T. ) ;
#6886 = FACE_OUTER_BOUND ( 'NONE', #5025, .T. ) ;
#6887 = CARTESIAN_POINT ( 'NONE',  ( 8.500000000000000000, 4.000000000000000000, -32.40000000000001279 ) ) ;
#6888 = DIRECTION ( 'NONE',  ( -0.7071067811865474617, 0.7071067811865474617, -8.586443133426883735E-15 ) ) ;
#6889 = DIRECTION ( 'NONE',  ( 0.000000000000000000, -1.000000000000000000, 0.000000000000000000 ) ) ;
#6890 = CARTESIAN_POINT ( 'NONE',  ( -94.80305753050039641, 4.000000000000000000, -16.31905027042935075 ) ) ;
#6891 = EDGE_CURVE ( 'NONE', #8895, #4579, #8657, .T. ) ;
#6892 = ADVANCED_FACE ( 'NONE', ( #7984 ), #4111, .T. ) ;
#6893 = CYLINDRICAL_SURFACE ( 'NONE', #2884, 46.00000000000000000 ) ;
#6894 = ADVANCED_FACE ( 'NONE', ( #6777 ), #7662, .F. ) ;
#6895 = EDGE_CURVE ( 'NONE', #705, #356, #8243, .T. ) ;
#6896 = DIRECTION ( 'NONE',  ( 0.000000000000000000, -0.7071067811865474617, -0.7071067811865474617 ) ) ;
#6897 = VERTEX_POINT ( 'NONE', #6908 ) ;
#6898 = LINE ( 'NONE', #4065, #7683 ) ;
#6899 = DIRECTION ( 'NONE',  ( 0.000000000000000000, 1.000000000000000000, 0.000000000000000000 ) ) ;
#6900 = CARTESIAN_POINT ( 'NONE',  ( -79.14999999999999147, 4.000000000000000000, 7.750000000000000000 ) ) ;
#6901 = ADVANCED_FACE ( 'NONE', ( #8893 ), #5403, .F. ) ;
#6902 = DIRECTION ( 'NONE',  ( 0.000000000000000000, 0.000000000000000000, -1.000000000000000000 ) ) ;
#6903 = ORIENTED_EDGE ( 'NONE', *, *, #1490, .T. ) ;
#6904 = EDGE_CURVE ( 'NONE', #7021, #972, #9024, .T. ) ;
#6905 = ORIENTED_EDGE ( 'NONE', *, *, #5173, .F. ) ;
#6906 = CARTESIAN_POINT ( 'NONE',  ( -78.89999999999999147, 1.000000000000000000, 10.25000000000000000 ) ) ;
#6907 = ORIENTED_EDGE ( 'NONE', *, *, #240, .T. ) ;
#6908 = CARTESIAN_POINT ( 'NONE',  ( 3.500000000000000000, 54.00000000000000711, -53.00000000000000000 ) ) ;
#6909 = AXIS2_PLACEMENT_3D ( 'NONE', #6358, #9063, #2049 ) ;
#6910 = ADVANCED_FACE ( 'NONE', ( #1916 ), #5327, .T. ) ;
#6911 = CARTESIAN_POINT ( 'NONE',  ( 2.000000000000000000, 4.000000000000000000, -53.00000000000000000 ) ) ;
#6912 = ADVANCED_FACE ( 'NONE', ( #3248 ), #4596, .T. ) ;
#6913 = ORIENTED_EDGE ( 'NONE', *, *, #4488, .F. ) ;
#6914 = VECTOR ( 'NONE', #5140, 1000.000000000000114 ) ;
#6915 = VECTOR ( 'NONE', #5231, 1000.000000000000000 ) ;
#6916 = ORIENTED_EDGE ( 'NONE', *, *, #7521, .F. ) ;
#6917 = DIRECTION ( 'NONE',  ( 0.000000000000000000, 1.000000000000000000, 0.000000000000000000 ) ) ;
#6918 = CARTESIAN_POINT ( 'NONE',  ( 2.000000000000000000, 6.499999999999999112, -53.00000000000000711 ) ) ;
#6919 = DIRECTION ( 'NONE',  ( 0.000000000000000000, 0.000000000000000000, 1.000000000000000000 ) ) ;
#6920 = DIRECTION ( 'NONE',  ( 0.000000000000000000, 0.000000000000000000, -1.000000000000000000 ) ) ;
#6921 = DIRECTION ( 'NONE',  ( 0.000000000000000000, 0.000000000000000000, 1.000000000000000000 ) ) ;
#6922 = ORIENTED_EDGE ( 'NONE', *, *, #6393, .T. ) ;
#6923 = CARTESIAN_POINT ( 'NONE',  ( 1.383719372518080539E-16, 4.408248290463852470, 49.99999999999999289 ) ) ;
#6924 = AXIS2_PLACEMENT_3D ( 'NONE', #5998, #3161, #7428 ) ;
#6925 = EDGE_CURVE ( 'NONE', #7922, #6035, #8381, .T. ) ;
#6926 = ORIENTED_EDGE ( 'NONE', *, *, #6169, .F. ) ;
#6927 = EDGE_CURVE ( 'NONE', #7996, #4779, #6830, .T. ) ;
#6928 = CYLINDRICAL_SURFACE ( 'NONE', #4328, 3.000000000000000000 ) ;
#6929 = VECTOR ( 'NONE', #8203, 1000.000000000000000 ) ;
#6930 = DIRECTION ( 'NONE',  ( 1.000000000000000000, -0.000000000000000000, 0.000000000000000000 ) ) ;
#6931 = DIRECTION ( 'NONE',  ( 0.000000000000000000, -1.000000000000000000, 0.000000000000000000 ) ) ;
#6932 = EDGE_LOOP ( 'NONE', ( #168, #7490, #2523, #365 ) ) ;
#6933 = VECTOR ( 'NONE', #3102, 1000.000000000000000 ) ;
#6934 = CARTESIAN_POINT ( 'NONE',  ( -65.00000000000000000, 6.499999999999999112, -2.000000000000000888 ) ) ;
#6935 = DIRECTION ( 'NONE',  ( 0.000000000000000000, 0.000000000000000000, -1.000000000000000000 ) ) ;
#6936 = DIRECTION ( 'NONE',  ( 0.000000000000000000, -1.000000000000000000, 0.000000000000000000 ) ) ;
#6937 = FACE_OUTER_BOUND ( 'NONE', #5591, .T. ) ;
#6938 = ORIENTED_EDGE ( 'NONE', *, *, #1344, .F. ) ;
#6939 = CARTESIAN_POINT ( 'NONE',  ( 48.78520711533765564, 5.970144055671177341, -6.029855944328827988 ) ) ;
#6940 = VECTOR ( 'NONE', #6163, 1000.000000000000000 ) ;
#6941 = VECTOR ( 'NONE', #222, 1000.000000000000000 ) ;
#6942 = CIRCLE ( 'NONE', #5758, 1.500000000000001332 ) ;
#6943 = CARTESIAN_POINT ( 'NONE',  ( 42.47865460874999854, 3.500000000000041300, -8.824518986904578810 ) ) ;
#6944 = FACE_OUTER_BOUND ( 'NONE', #5035, .T. ) ;
#6945 = ADVANCED_FACE ( 'NONE', ( #2561 ), #6090, .T. ) ;
#6946 = ORIENTED_EDGE ( 'NONE', *, *, #5011, .T. ) ;
#6947 = VECTOR ( 'NONE', #6154, 1000.000000000000000 ) ;
#6948 = CARTESIAN_POINT ( 'NONE',  ( 45.99999999999999289, 7.035533905932731535, 8.500000000000000000 ) ) ;
#6949 = AXIS2_PLACEMENT_3D ( 'NONE', #3876, #5937, #7277 ) ;
#6950 = CIRCLE ( 'NONE', #2842, 1.000000000000000888 ) ;
#6951 = FACE_BOUND ( 'NONE', #6825, .T. ) ;
#6952 = DIRECTION ( 'NONE',  ( 0.000000000000000000, 0.000000000000000000, -1.000000000000000000 ) ) ;
#6953 = DIRECTION ( 'NONE',  ( 0.000000000000000000, -1.000000000000000000, 0.000000000000000000 ) ) ;
#6954 = ORIENTED_EDGE ( 'NONE', *, *, #6124, .T. ) ;
#6955 = CONICAL_SURFACE ( 'NONE', #4312, 46.00000000000000000, 0.7853981633974482790 ) ;
#6956 = AXIS2_PLACEMENT_3D ( 'NONE', #4382, #858, #896 ) ;
#6957 = ORIENTED_EDGE ( 'NONE', *, *, #8920, .T. ) ;
#6958 = CARTESIAN_POINT ( 'NONE',  ( 5.000000000000000000, 6.447489024775973299, -53.00000000000000000 ) ) ;
#6959 = EDGE_LOOP ( 'NONE', ( #3580, #2787, #8488, #4526 ) ) ;
#6960 = DIRECTION ( 'NONE',  ( 0.000000000000000000, 1.000000000000000000, 0.000000000000000000 ) ) ;
#6961 = AXIS2_PLACEMENT_3D ( 'NONE', #8009, #1585, #3745 ) ;
#6962 = VECTOR ( 'NONE', #6485, 1000.000000000000000 ) ;
#6963 = AXIS2_PLACEMENT_3D ( 'NONE', #6250, #2199, #3633 ) ;
#6964 = CARTESIAN_POINT ( 'NONE',  ( 8.000000000000000000, 0.4999999999999730216, 21.00000000000000000 ) ) ;
#6965 = VERTEX_POINT ( 'NONE', #6134 ) ;
#6966 = VECTOR ( 'NONE', #3915, 1000.000000000000000 ) ;
#6967 = ADVANCED_FACE ( 'NONE', ( #3381 ), #7517, .T. ) ;
#6968 = ORIENTED_EDGE ( 'NONE', *, *, #4556, .T. ) ;
#6969 = DIRECTION ( 'NONE',  ( 0.000000000000000000, 0.000000000000000000, 1.000000000000000000 ) ) ;
#6970 = CARTESIAN_POINT ( 'NONE',  ( -4.999999999999991118, 6.499999999999999112, 50.00000000000000000 ) ) ;
#6971 = LINE ( 'NONE', #6789, #4283 ) ;
#6972 = CARTESIAN_POINT ( 'NONE',  ( -3.860330366770939493E-14, 1.000000000000000000, 8.250000000000401457 ) ) ;
#6973 = ORIENTED_EDGE ( 'NONE', *, *, #3507, .F. ) ;
#6974 = CARTESIAN_POINT ( 'NONE',  ( -1.221136016670429036, 4.230466975876868041, 50.00000000000098055 ) ) ;
#6975 = ORIENTED_EDGE ( 'NONE', *, *, #4612, .F. ) ;
#6976 = LINE ( 'NONE', #2938, #7554 ) ;
#6977 = DIRECTION ( 'NONE',  ( 1.000000000000000000, 0.000000000000000000, 0.000000000000000000 ) ) ;
#6978 = CARTESIAN_POINT ( 'NONE',  ( 5.250000000000000000, -4.200000000000000178, -33.89999999999999858 ) ) ;
#6979 = VECTOR ( 'NONE', #2674, 1000.000000000000000 ) ;
#6980 = ORIENTED_EDGE ( 'NONE', *, *, #139, .F. ) ;
#6981 = CARTESIAN_POINT ( 'NONE',  ( 2.000000000000008882, 4.000000000000000000, 47.50000000000000000 ) ) ;
#6982 = DIRECTION ( 'NONE',  ( 0.000000000000000000, 0.000000000000000000, 1.000000000000000000 ) ) ;
#6983 = CARTESIAN_POINT ( 'NONE',  ( -87.50000000000000000, 1.000000000000000000, -4.500000000000000000 ) ) ;
#6984 = CARTESIAN_POINT ( 'NONE',  ( -68.00000000000000000, 6.499999999999999112, 4.999999999999999112 ) ) ;
#6985 = VERTEX_POINT ( 'NONE', #7646 ) ;
#6986 = CARTESIAN_POINT ( 'NONE',  ( 49.39765517827785857, 6.382507162408015411, -5.617492837591995247 ) ) ;
#6987 = DIRECTION ( 'NONE',  ( 0.000000000000000000, 0.000000000000000000, 1.000000000000000000 ) ) ;
#6988 = CIRCLE ( 'NONE', #7141, 2.500000000000001332 ) ;
#6989 = FACE_OUTER_BOUND ( 'NONE', #8654, .T. ) ;
#6990 = VERTEX_POINT ( 'NONE', #4681 ) ;
#6991 = DIRECTION ( 'NONE',  ( 0.000000000000000000, 1.000000000000000000, 0.000000000000000000 ) ) ;
#6992 = CARTESIAN_POINT ( 'NONE',  ( 41.87867965644035451, 8.646446609406746475, 5.121320343559641941 ) ) ;
#6993 = CARTESIAN_POINT ( 'NONE',  ( -5.616384920805930214, 0.000000000000000000, -58.50000000000000000 ) ) ;
#6994 = VECTOR ( 'NONE', #3737, 1000.000000000000000 ) ;
#6995 = ORIENTED_EDGE ( 'NONE', *, *, #4780, .F. ) ;
#6996 = DIRECTION ( 'NONE',  ( 0.000000000000000000, -0.000000000000000000, 1.000000000000000000 ) ) ;
#6997 = ORIENTED_EDGE ( 'NONE', *, *, #7584, .F. ) ;
#6998 = ORIENTED_EDGE ( 'NONE', *, *, #8474, .F. ) ;
#6999 =( BOUNDED_CURVE ( )  B_SPLINE_CURVE ( 3, ( #7849, #3767, #919, #8621 ),
 .UNSPECIFIED., .F., .T. ) 
 B_SPLINE_CURVE_WITH_KNOTS ( ( 4, 4 ),
 ( 4.712388980384689674, 6.283185307179586232 ),
 .UNSPECIFIED. ) 
 CURVE ( )  GEOMETRIC_REPRESENTATION_ITEM ( )  RATIONAL_B_SPLINE_CURVE ( ( 1.000000000000000000, 0.8047378541243649375, 0.8047378541243649375, 1.000000000000000000 ) ) 
 REPRESENTATION_ITEM ( '' )  );
#7000 = CARTESIAN_POINT ( 'NONE',  ( -196.3386523170879912, 4.000000000000000000, -1.387778780781445991E-14 ) ) ;
#7001 = ORIENTED_EDGE ( 'NONE', *, *, #6766, .F. ) ;
#7002 = CARTESIAN_POINT ( 'NONE',  ( -79.14999999999999147, 1.000000000000000000, 8.250000000000000000 ) ) ;
#7003 = PLANE ( 'NONE',  #5037 ) ;
#7004 = DIRECTION ( 'NONE',  ( 0.000000000000000000, 1.000000000000000000, 0.000000000000000000 ) ) ;
#7005 = EDGE_CURVE ( 'NONE', #7930, #1153, #5904, .T. ) ;
#7006 = EDGE_CURVE ( 'NONE', #3228, #4347, #2095, .T. ) ;
#7007 = ORIENTED_EDGE ( 'NONE', *, *, #1918, .F. ) ;
#7008 = EDGE_CURVE ( 'NONE', #8582, #2169, #4883, .T. ) ;
#7009 = EDGE_CURVE ( 'NONE', #5698, #4626, #5485, .T. ) ;
#7010 = VERTEX_POINT ( 'NONE', #2010 ) ;
#7011 = CARTESIAN_POINT ( 'NONE',  ( -8.000000000000000000, -4.200000000000000178, -30.45000000000000284 ) ) ;
#7012 = DIRECTION ( 'NONE',  ( 0.000000000000000000, 1.000000000000000000, 0.000000000000000000 ) ) ;
#7013 = DIRECTION ( 'NONE',  ( 0.000000000000000000, 0.000000000000000000, 1.000000000000000000 ) ) ;
#7014 = CARTESIAN_POINT ( 'NONE',  ( -65.00000000000000000, 52.50000000000000711, 4.999999999999999112 ) ) ;
#7015 = ORIENTED_EDGE ( 'NONE', *, *, #5269, .T. ) ;
#7016 = PLANE ( 'NONE',  #4797 ) ;
#7017 = VERTEX_POINT ( 'NONE', #1879 ) ;
#7018 = CARTESIAN_POINT ( 'NONE',  ( -87.00000000000000000, 1.000000000000000000, 10.25000000000000000 ) ) ;
#7019 = CARTESIAN_POINT ( 'NONE',  ( -4.977472311430783947, 6.456637480609306756, -53.42236935856772817 ) ) ;
#7020 = CARTESIAN_POINT ( 'NONE',  ( -4.999999999999991118, 52.50000000000000711, 50.00000000000000000 ) ) ;
#7021 = VERTEX_POINT ( 'NONE', #7475 ) ;
#7022 = LINE ( 'NONE', #1473, #7650 ) ;
#7023 = DIRECTION ( 'NONE',  ( 0.000000000000000000, 1.000000000000000000, 0.000000000000000000 ) ) ;
#7024 = LINE ( 'NONE', #2033, #1825 ) ;
#7025 = CARTESIAN_POINT ( 'NONE',  ( 40.26776695296637598, 5.267766952966375982, -3.000000000000000888 ) ) ;
#7026 = VERTEX_POINT ( 'NONE', #3987 ) ;
#7027 = CARTESIAN_POINT ( 'NONE',  ( -82.95000000000000284, 4.000000000000000000, 7.750000000000000000 ) ) ;
#7028 = FACE_BOUND ( 'NONE', #1025, .T. ) ;
#7029 = VERTEX_POINT ( 'NONE', #7836 ) ;
#7030 = CARTESIAN_POINT ( 'NONE',  ( -53.48771061000000060, 4.000000000000000000, 53.48771061000000060 ) ) ;
#7031 = ORIENTED_EDGE ( 'NONE', *, *, #6488, .T. ) ;
#7032 = CARTESIAN_POINT ( 'NONE',  ( -1.999999999999991340, 4.000000000000000000, 53.00000000000000000 ) ) ;
#7033 = DIRECTION ( 'NONE',  ( 0.000000000000000000, 0.000000000000000000, -1.000000000000000000 ) ) ;
#7034 = FACE_OUTER_BOUND ( 'NONE', #2288, .T. ) ;
#7035 = EDGE_CURVE ( 'NONE', #6412, #8508, #7043, .T. ) ;
#7036 = ORIENTED_EDGE ( 'NONE', *, *, #21, .T. ) ;
#7037 = FACE_OUTER_BOUND ( 'NONE', #8342, .T. ) ;
#7038 = ORIENTED_EDGE ( 'NONE', *, *, #8752, .F. ) ;
#7039 = ADVANCED_FACE ( 'NONE', ( #6307 ), #3560, .F. ) ;
#7040 = VERTEX_POINT ( 'NONE', #1547 ) ;
#7041 = DIRECTION ( 'NONE',  ( 0.000000000000000000, 0.000000000000000000, 1.000000000000000000 ) ) ;
#7042 = VERTEX_POINT ( 'NONE', #4349 ) ;
#7043 = LINE ( 'NONE', #8422, #1222 ) ;
#7044 = CARTESIAN_POINT ( 'NONE',  ( -91.41851592179749275, 4.000000000000000000, 27.46360623735135320 ) ) ;
#7045 = FACE_OUTER_BOUND ( 'NONE', #9064, .T. ) ;
#7046 = ORIENTED_EDGE ( 'NONE', *, *, #768, .T. ) ;
#7047 =( BOUNDED_SURFACE ( )  B_SPLINE_SURFACE ( 3, 2, ( 
 ( #6437, #5693, #7126 ),
 ( #5733, #8672, #2947 ),
 ( #8494, #1662, #8594 ),
 ( #2208, #1615, #2310 ),
 ( #7815, #5144, #7171 ),
 ( #1713, #3643, #1524 ) ),
 .UNSPECIFIED., .F., .F., .T. ) 
 B_SPLINE_SURFACE_WITH_KNOTS ( ( 4, 2, 4 ),
 ( 3, 3 ),
 ( 0.004567545484736476764, 0.005393009370085706695, 0.006218473255434936627 ),
 ( 0.000000000000000000, 1.000000000000000000 ),
 .UNSPECIFIED. ) 
 GEOMETRIC_REPRESENTATION_ITEM ( )  RATIONAL_B_SPLINE_SURFACE ( (
 ( 1.000000000000000000, 0.7071067811865459074, 1.000000000000000000),
 ( 1.000000000000000000, 0.7250882384137075087, 1.000000000000000000),
 ( 1.000000000000000000, 0.7421895436275973701, 1.000000000000000000),
 ( 1.000000000000000000, 0.7671062976859728266, 1.000000000000000000),
 ( 1.000000000000000000, 0.7747256645883203729, 1.000000000000000000),
 ( 1.000000000000000000, 0.7745966692414820720, 1.000000000000000000) ) ) 
 REPRESENTATION_ITEM ( '' )  SURFACE ( )  );
#7048 = VERTEX_POINT ( 'NONE', #762 ) ;
#7049 = CYLINDRICAL_SURFACE ( 'NONE', #7426, 1.500000000000000000 ) ;
#7050 = CARTESIAN_POINT ( 'NONE',  ( 48.40932001821984443, 9.179359115305306460, 4.830640794887744782 ) ) ;
#7051 = EDGE_CURVE ( 'NONE', #8134, #8476, #4438, .T. ) ;
#7052 = LINE ( 'NONE', #183, #2083 ) ;
#7053 = ADVANCED_FACE ( 'NONE', ( #8472 ), #6360, .T. ) ;
#7054 = DIRECTION ( 'NONE',  ( 0.000000000000000000, 0.000000000000000000, -1.000000000000000000 ) ) ;
#7055 = ORIENTED_EDGE ( 'NONE', *, *, #4619, .F. ) ;
#7056 = FACE_OUTER_BOUND ( 'NONE', #3658, .T. ) ;
#7057 = AXIS2_PLACEMENT_3D ( 'NONE', #4863, #8, #2796 ) ;
#7058 = CIRCLE ( 'NONE', #4723, 2.999999999999999112 ) ;
#7059 = ORIENTED_EDGE ( 'NONE', *, *, #6051, .F. ) ;
#7060 = CARTESIAN_POINT ( 'NONE',  ( -82.95000000000000284, 1.000000000000000000, -9.000000000000000000 ) ) ;
#7061 = EDGE_CURVE ( 'NONE', #4779, #8569, #2183, .T. ) ;
#7062 = CARTESIAN_POINT ( 'NONE',  ( 40.55129463877657514, 5.551294638776578694, -5.026163565335097339 ) ) ;
#7063 = CARTESIAN_POINT ( 'NONE',  ( -76.64999999999999147, 1.000000000000000000, 8.500000000000000000 ) ) ;
#7064 = ORIENTED_EDGE ( 'NONE', *, *, #7580, .T. ) ;
#7065 = FACE_OUTER_BOUND ( 'NONE', #246, .T. ) ;
#7066 = DIRECTION ( 'NONE',  ( 0.000000000000000000, -1.000000000000000000, 0.000000000000000000 ) ) ;
#7067 = AXIS2_PLACEMENT_3D ( 'NONE', #1844, #4651, #3223 ) ;
#7068 = CIRCLE ( 'NONE', #3553, 3.000000000000002665 ) ;
#7069 = CARTESIAN_POINT ( 'NONE',  ( 1.638279988436955056E-14, 0.5000000000000071054, -28.33212343854039972 ) ) ;
#7070 = SURFACE_SIDE_STYLE ('',( #2206 ) ) ;
#7071 = EDGE_LOOP ( 'NONE', ( #5849, #2229, #5746, #6060 ) ) ;
#7072 = CARTESIAN_POINT ( 'NONE',  ( 48.99986676132684238, 12.58736941731510939, -2.971726084700568649 ) ) ;
#7073 = EDGE_CURVE ( 'NONE', #3642, #1661, #3511, .T. ) ;
#7074 = CARTESIAN_POINT ( 'NONE',  ( -82.95000000000000284, -6.000000000000000000, -10.25000000000000000 ) ) ;
#7075 = AXIS2_PLACEMENT_3D ( 'NONE', #5314, #1156, #3948 ) ;
#7076 = ORIENTED_EDGE ( 'NONE', *, *, #5769, .F. ) ;
#7077 = CARTESIAN_POINT ( 'NONE',  ( 38.99999999999999289, 4.000000000000000000, 9.302235153908149812 ) ) ;
#7078 = EDGE_LOOP ( 'NONE', ( #8412, #8741, #5984, #7463 ) ) ;
#7079 = EDGE_CURVE ( 'NONE', #8850, #4579, #6341, .T. ) ;
#7080 = DIRECTION ( 'NONE',  ( 1.000000000000000000, 0.000000000000000000, 0.000000000000000000 ) ) ;
#7081 = DIRECTION ( 'NONE',  ( 0.000000000000000000, 1.000000000000000000, 0.000000000000000000 ) ) ;
#7082 = LINE ( 'NONE', #718, #2398 ) ;
#7083 = VECTOR ( 'NONE', #7604, 1000.000000000000000 ) ;
#7084 = ORIENTED_EDGE ( 'NONE', *, *, #7507, .T. ) ;
#7085 = DIRECTION ( 'NONE',  ( 0.000000000000000000, 0.000000000000000000, -1.000000000000000000 ) ) ;
#7086 = ORIENTED_EDGE ( 'NONE', *, *, #3164, .F. ) ;
#7087 = CIRCLE ( 'NONE', #653, 0.7499999999999997780 ) ;
#7088 = CIRCLE ( 'NONE', #5342, 1.500000000000001332 ) ;
#7089 = TOROIDAL_SURFACE ( 'NONE', #6504, 5.500000000000000000, 2.500000000000000000 ) ;
#7090 = ORIENTED_EDGE ( 'NONE', *, *, #7482, .F. ) ;
#7091 = FACE_OUTER_BOUND ( 'NONE', #2068, .T. ) ;
#7092 = VERTEX_POINT ( 'NONE', #9065 ) ;
#7093 = DIRECTION ( 'NONE',  ( 0.000000000000000000, -1.000000000000000000, 0.000000000000000000 ) ) ;
#7094 = DIRECTION ( 'NONE',  ( 0.000000000000000000, 1.000000000000000000, 0.000000000000000000 ) ) ;
#7095 = AXIS2_PLACEMENT_3D ( 'NONE', #5978, #2490, #3088 ) ;
#7096 = AXIS2_PLACEMENT_3D ( 'NONE', #4674, #1092, #3891 ) ;
#7097 = DIRECTION ( 'NONE',  ( 0.000000000000000000, 0.000000000000000000, -1.000000000000000000 ) ) ;
#7098 = AXIS2_PLACEMENT_3D ( 'NONE', #3716, #6422, #181 ) ;
#7099 = VERTEX_POINT ( 'NONE', #7002 ) ;
#7100 = ORIENTED_EDGE ( 'NONE', *, *, #8922, .T. ) ;
#7101 = ORIENTED_EDGE ( 'NONE', *, *, #7811, .T. ) ;
#7102 = CONICAL_SURFACE ( 'NONE', #5785, 1.500000000000001332, 0.7853981633974377319 ) ;
#7103 = CARTESIAN_POINT ( 'NONE',  ( -82.95000000000000284, 4.000000000000000000, 12.75000000000000000 ) ) ;
#7104 = CARTESIAN_POINT ( 'NONE',  ( 49.03091628859055362, 7.957294347605332163, 4.042705652393906668 ) ) ;
#7105 = CIRCLE ( 'NONE', #7257, 3.000000000000000000 ) ;
#7106 = CARTESIAN_POINT ( 'NONE',  ( -35.00000000000000000, 1.699999999999999956, 0.000000000000000000 ) ) ;
#7107 = CARTESIAN_POINT ( 'NONE',  ( 4.792807046005257199, 4.150403553527835854, 54.10354269804901861 ) ) ;
#7108 = TOROIDAL_SURFACE ( 'NONE', #6963, 5.500000000000000000, 2.500000000000000000 ) ;
#7109 = ORIENTED_EDGE ( 'NONE', *, *, #7035, .F. ) ;
#7110 = CARTESIAN_POINT ( 'NONE',  ( 41.60782313581565717, 8.149876321596876139, -4.853051517851247887 ) ) ;
#7111 = AXIS2_PLACEMENT_3D ( 'NONE', #4864, #1433, #4229 ) ;
#7112 = ORIENTED_EDGE ( 'NONE', *, *, #5972, .F. ) ;
#7113 = DIRECTION ( 'NONE',  ( 0.000000000000000000, -1.000000000000000000, 0.000000000000000000 ) ) ;
#7114 = DIRECTION ( 'NONE',  ( 0.000000000000000000, -1.000000000000000000, 0.000000000000000000 ) ) ;
#7115 = CARTESIAN_POINT ( 'NONE',  ( 7.611023491189000900, 0.5000000000000071054, 56.85365460874999854 ) ) ;
#7116 = EDGE_CURVE ( 'NONE', #4352, #6283, #5028, .T. ) ;
#7117 = VERTEX_POINT ( 'NONE', #819 ) ;
#7118 = AXIS2_PLACEMENT_3D ( 'NONE', #6466, #1467, #2294 ) ;
#7119 = LINE ( 'NONE', #5057, #3540 ) ;
#7120 = CARTESIAN_POINT ( 'NONE',  ( 7.062556730546592831, 4.000000000000000000, -50.85046066563143796 ) ) ;
#7121 = AXIS2_PLACEMENT_3D ( 'NONE', #5322, #4648, #7441 ) ;
#7122 = VECTOR ( 'NONE', #5228, 1000.000000000000114 ) ;
#7123 = DIRECTION ( 'NONE',  ( 0.000000000000000000, -1.000000000000000000, 0.000000000000000000 ) ) ;
#7124 =( NAMED_UNIT ( * ) SI_UNIT ( $, .STERADIAN. ) SOLID_ANGLE_UNIT ( ) );
#7125 = ORIENTED_EDGE ( 'NONE', *, *, #2238, .T. ) ;
#7126 = CARTESIAN_POINT ( 'NONE',  ( 1.658312395177694798, 4.000000000000000000, 47.49999999999999289 ) ) ;
#7127 = EDGE_CURVE ( 'NONE', #4579, #8813, #7890, .T. ) ;
#7128 = ADVANCED_FACE ( 'NONE', ( #725 ), #6274, .T. ) ;
#7129 = DIRECTION ( 'NONE',  ( 0.000000000000000000, -1.000000000000000000, 0.000000000000000000 ) ) ;
#7130 = CIRCLE ( 'NONE', #6396, 2.000000000000001776 ) ;
#7131 = ORIENTED_EDGE ( 'NONE', *, *, #4253, .T. ) ;
#7132 = EDGE_CURVE ( 'NONE', #5721, #2283, #346, .T. ) ;
#7133 = DIRECTION ( 'NONE',  ( -0.9709389483281615219, 0.000000000000000000, 0.2393273043749994944 ) ) ;
#7134 = ORIENTED_EDGE ( 'NONE', *, *, #6838, .F. ) ;
#7135 = EDGE_CURVE ( 'NONE', #5528, #1707, #6413, .T. ) ;
#7136 = CARTESIAN_POINT ( 'NONE',  ( 43.22994867511334860, 4.268930677986700672, 7.847386631347104569 ) ) ;
#7137 = LINE ( 'NONE', #3062, #1838 ) ;
#7138 = FACE_OUTER_BOUND ( 'NONE', #85, .T. ) ;
#7139 = AXIS2_PLACEMENT_3D ( 'NONE', #7030, #5841, #3009 ) ;
#7140 = ORIENTED_EDGE ( 'NONE', *, *, #2297, .F. ) ;
#7141 = AXIS2_PLACEMENT_3D ( 'NONE', #7772, #660, #800 ) ;
#7142 = CARTESIAN_POINT ( 'NONE',  ( 1.658312395177696352, 6.499999999999999112, -50.00000000000000000 ) ) ;
#7143 = ADVANCED_FACE ( 'NONE', ( #4391 ), #681, .T. ) ;
#7144 = ORIENTED_EDGE ( 'NONE', *, *, #1659, .F. ) ;
#7145 = VECTOR ( 'NONE', #1470, 1000.000000000000000 ) ;
#7146 = ORIENTED_EDGE ( 'NONE', *, *, #6055, .T. ) ;
#7147 = DIRECTION ( 'NONE',  ( 6.689850889241178689E-17, 0.8376105968386138301, -0.5462677805469229320 ) ) ;
#7148 = ORIENTED_EDGE ( 'NONE', *, *, #4475, .T. ) ;
#7149 = CARTESIAN_POINT ( 'NONE',  ( -86.00000000000000000, 0.000000000000000000, 12.55000000000000071 ) ) ;
#7150 = DIRECTION ( 'NONE',  ( -0.6842179927525178229, 0.7071067811865617836, 0.1784537430083649179 ) ) ;
#7151 = DIRECTION ( 'NONE',  ( 0.000000000000000000, -1.000000000000000000, 0.000000000000000000 ) ) ;
#7152 = ORIENTED_EDGE ( 'NONE', *, *, #566, .F. ) ;
#7153 = ORIENTED_EDGE ( 'NONE', *, *, #7602, .T. ) ;
#7154 = EDGE_LOOP ( 'NONE', ( #4671, #6622, #4248, #597 ) ) ;
#7155 = LINE ( 'NONE', #2828, #1129 ) ;
#7156 = CARTESIAN_POINT ( 'NONE',  ( 46.78995136662408783, 7.180428588776529786, 5.920966536630478672 ) ) ;
#7157 = FACE_OUTER_BOUND ( 'NONE', #5276, .T. ) ;
#7158 = CARTESIAN_POINT ( 'NONE',  ( -8.000000000000000000, 10.00000000000000000, 21.00000000000000000 ) ) ;
#7159 = ORIENTED_EDGE ( 'NONE', *, *, #170, .T. ) ;
#7160 = DIRECTION ( 'NONE',  ( 0.000000000000000000, 0.7071067811865531239, 0.7071067811865420216 ) ) ;
#7161 = EDGE_LOOP ( 'NONE', ( #761, #4278, #4677, #2512 ) ) ;
#7162 = CARTESIAN_POINT ( 'NONE',  ( -76.64999999999999147, 1.000000000000000000, -8.500000000000000000 ) ) ;
#7163 = CARTESIAN_POINT ( 'NONE',  ( -4.792807045996141824, 4.150403553536356149, -54.10354269805891647 ) ) ;
#7164 = DIRECTION ( 'NONE',  ( 6.689850889241178689E-17, 0.8376105968386138301, -0.5462677805469229320 ) ) ;
#7165 = EDGE_CURVE ( 'NONE', #5480, #7231, #4145, .T. ) ;
#7166 = ORIENTED_EDGE ( 'NONE', *, *, #3092, .F. ) ;
#7167 = CARTESIAN_POINT ( 'NONE',  ( -8.000000000000000000, 4.000000000000000000, 20.50000000000000000 ) ) ;
#7168 = CARTESIAN_POINT ( 'NONE',  ( 5.616384920805930214, 4.000000000000000000, -59.00000000000000000 ) ) ;
#7169 = CARTESIAN_POINT ( 'NONE',  ( -93.06768137013648357, 3.500000000000000000, 28.33212343854054893 ) ) ;
#7170 = ORIENTED_EDGE ( 'NONE', *, *, #1748, .T. ) ;
#7171 = CARTESIAN_POINT ( 'NONE',  ( 0.3330010741153341391, 4.000000000038299142, 48.00000000018761881 ) ) ;
#7172 = CARTESIAN_POINT ( 'NONE',  ( -53.48771061000000060, 3.500000000000000000, -7.487710609999999711 ) ) ;
#7173 = ORIENTED_EDGE ( 'NONE', *, *, #4601, .T. ) ;
#7174 = DIRECTION ( 'NONE',  ( 4.625929269271490844E-15, 0.000000000000000000, -1.000000000000000000 ) ) ;
#7175 = VERTEX_POINT ( 'NONE', #2821 ) ;
#7176 = CARTESIAN_POINT ( 'NONE',  ( -89.25000000000000000, 0.000000000000000000, 0.000000000000000000 ) ) ;
#7177 = ADVANCED_FACE ( 'NONE', ( #5621 ), #2922, .F. ) ;
#7178 = EDGE_CURVE ( 'NONE', #6607, #7989, #5710, .T. ) ;
#7179 = CARTESIAN_POINT ( 'NONE',  ( -3.500000000000000000, 52.50000000000000711, -53.00000000000000711 ) ) ;
#7180 = DIRECTION ( 'NONE',  ( 0.000000000000000000, 0.000000000000000000, -1.000000000000000000 ) ) ;
#7181 = ADVANCED_FACE ( 'NONE', ( #7191 ), #5855, .F. ) ;
#7182 = ORIENTED_EDGE ( 'NONE', *, *, #8402, .T. ) ;
#7183 = EDGE_CURVE ( 'NONE', #5181, #4605, #907, .T. ) ;
#7184 = DIRECTION ( 'NONE',  ( 0.000000000000000000, -1.000000000000000000, 0.000000000000000000 ) ) ;
#7185 = EDGE_CURVE ( 'NONE', #135, #8805, #7825, .T. ) ;
#7186 = ORIENTED_EDGE ( 'NONE', *, *, #6856, .F. ) ;
#7187 = ORIENTED_EDGE ( 'NONE', *, *, #2970, .T. ) ;
#7188 = EDGE_CURVE ( 'NONE', #1440, #7818, #4482, .T. ) ;
#7189 = CARTESIAN_POINT ( 'NONE',  ( -7.499999999999991118, 6.447489024775973299, 52.99999999999999289 ) ) ;
#7190 = ORIENTED_EDGE ( 'NONE', *, *, #8665, .F. ) ;
#7191 = FACE_OUTER_BOUND ( 'NONE', #3244, .T. ) ;
#7192 = CARTESIAN_POINT ( 'NONE',  ( 42.35899095656249358, 4.000000000000000000, 8.339049512740480452 ) ) ;
#7193 = EDGE_CURVE ( 'NONE', #6302, #6427, #5465, .T. ) ;
#7194 = ORIENTED_EDGE ( 'NONE', *, *, #1024, .F. ) ;
#7195 = ORIENTED_EDGE ( 'NONE', *, *, #7885, .F. ) ;
#7196 = VERTEX_POINT ( 'NONE', #2421 ) ;
#7197 = CARTESIAN_POINT ( 'NONE',  ( -7.611023491189000900, 3.500000000000000000, 56.85365460874999854 ) ) ;
#7198 = CARTESIAN_POINT ( 'NONE',  ( 48.63108694028173318, 9.795666349609437162, 4.494473212539444873 ) ) ;
#7199 = EDGE_CURVE ( 'NONE', #2309, #3872, #1684, .T. ) ;
#7200 = CARTESIAN_POINT ( 'NONE',  ( -53.48771061000000060, 4.000000000000000000, -6.987710609999999711 ) ) ;
#7201 = CARTESIAN_POINT ( 'NONE',  ( 4.866171957003712301, 4.256731389154627898, 53.91788425147120734 ) ) ;
#7202 = EDGE_CURVE ( 'NONE', #4683, #1517, #3840, .T. ) ;
#7203 = VERTEX_POINT ( 'NONE', #5949 ) ;
#7204 = CARTESIAN_POINT ( 'NONE',  ( -8.000000000000000000, 2.399999999999999911, -31.44999999999999929 ) ) ;
#7205 = ORIENTED_EDGE ( 'NONE', *, *, #8513, .T. ) ;
#7206 = CARTESIAN_POINT ( 'NONE',  ( -2.000000000000000000, 52.50000000000000711, -53.00000000000000000 ) ) ;
#7207 = DIRECTION ( 'NONE',  ( 1.000000000000000000, -0.000000000000000000, -0.000000000000000000 ) ) ;
#7208 = ORIENTED_EDGE ( 'NONE', *, *, #627, .F. ) ;
#7209 = FACE_OUTER_BOUND ( 'NONE', #3733, .T. ) ;
#7210 = CARTESIAN_POINT ( 'NONE',  ( 41.09656912459740852, 6.096569124597420952, 5.903430875402586153 ) ) ;
#7211 = EDGE_CURVE ( 'NONE', #3065, #8071, #409, .T. ) ;
#7212 = DIRECTION ( 'NONE',  ( -1.000000000000000000, 1.156482317317895982E-15, 0.000000000000000000 ) ) ;
#7213 = CONICAL_SURFACE ( 'NONE', #3257, 102.3386523170878064, 0.7853981633974758125 ) ;
#7214 = ORIENTED_EDGE ( 'NONE', *, *, #2590, .T. ) ;
#7215 = CARTESIAN_POINT ( 'NONE',  ( -8.000000000000000000, 0.000000000000000000, 20.50000000000000000 ) ) ;
#7216 = AXIS2_PLACEMENT_3D ( 'NONE', #953, #4389, #8018 ) ;
#7217 = CARTESIAN_POINT ( 'NONE',  ( -2.000000000000000000, 4.000000000000000000, -47.50000000000000711 ) ) ;
#7218 = CARTESIAN_POINT ( 'NONE',  ( -20.00000000000000000, 4.000000000000000000, 6.500000000000000000 ) ) ;
#7219 = CIRCLE ( 'NONE', #197, 3.000000000000002665 ) ;
#7220 = LINE ( 'NONE', #66, #8747 ) ;
#7221 = ORIENTED_EDGE ( 'NONE', *, *, #5492, .T. ) ;
#7222 = AXIS2_PLACEMENT_3D ( 'NONE', #5673, #6416, #766 ) ;
#7223 = CARTESIAN_POINT ( 'NONE',  ( -78.89999999999999147, 1.000000000000000000, 12.55000000000000071 ) ) ;
#7224 = CARTESIAN_POINT ( 'NONE',  ( -92.00000000000000000, 0.000000000000000000, 13.75000000000000000 ) ) ;
#7225 = CARTESIAN_POINT ( 'NONE',  ( -20.00000000000000000, 4.000000000000000000, 6.500000000000000000 ) ) ;
#7226 = AXIS2_PLACEMENT_3D ( 'NONE', #7296, #3904, #1784 ) ;
#7227 = DIRECTION ( 'NONE',  ( 0.000000000000000000, 1.000000000000000000, 0.000000000000000000 ) ) ;
#7228 = AXIS2_PLACEMENT_3D ( 'NONE', #494, #3376, #2084 ) ;
#7229 = VERTEX_POINT ( 'NONE', #5160 ) ;
#7230 = EDGE_CURVE ( 'NONE', #7954, #5128, #3069, .T. ) ;
#7231 = VERTEX_POINT ( 'NONE', #3800 ) ;
#7232 = VECTOR ( 'NONE', #4292, 1000.000000000000000 ) ;
#7233 = CARTESIAN_POINT ( 'NONE',  ( -35.00000000000000000, 0.000000000000000000, 4.286263797015734919E-15 ) ) ;
#7234 = ORIENTED_EDGE ( 'NONE', *, *, #5046, .F. ) ;
#7235 = AXIS2_PLACEMENT_3D ( 'NONE', #7788, #4251, #6455 ) ;
#7236 = DIRECTION ( 'NONE',  ( 0.000000000000000000, 1.000000000000000000, 0.000000000000000000 ) ) ;
#7237 = CARTESIAN_POINT ( 'NONE',  ( -4.683753385137379944E-15, 0.000000000000000000, -27.00000000000000000 ) ) ;
#7238 = CARTESIAN_POINT ( 'NONE',  ( 2.000000000000008882, 4.000000000000000000, 58.50000000000000000 ) ) ;
#7239 = AXIS2_PLACEMENT_3D ( 'NONE', #5731, #7123, #5102 ) ;
#7240 = EDGE_LOOP ( 'NONE', ( #6207, #52, #5620, #4502 ) ) ;
#7241 = VECTOR ( 'NONE', #4531, 1000.000000000000000 ) ;
#7242 = AXIS2_PLACEMENT_3D ( 'NONE', #1841, #3956, #3126 ) ;
#7243 = ORIENTED_EDGE ( 'NONE', *, *, #8524, .T. ) ;
#7244 = EDGE_CURVE ( 'NONE', #7048, #545, #2551, .T. ) ;
#7245 = ORIENTED_EDGE ( 'NONE', *, *, #1305, .F. ) ;
#7246 = DIRECTION ( 'NONE',  ( 1.000000000000000000, 0.000000000000000000, 0.000000000000000000 ) ) ;
#7247 = CARTESIAN_POINT ( 'NONE',  ( 1.879066676236450120E-24, 6.449489742783179658, -50.00000000000000000 ) ) ;
#7248 = CARTESIAN_POINT ( 'NONE',  ( 41.87867965644035451, 8.646446609406746475, 5.121320343559641941 ) ) ;
#7249 = CARTESIAN_POINT ( 'NONE',  ( -8.500000000000001776, 4.000000000000000000, -32.39999999999999858 ) ) ;
#7250 =( GEOMETRIC_REPRESENTATION_CONTEXT ( 3 ) GLOBAL_UNCERTAINTY_ASSIGNED_CONTEXT ( ( #8120 ) ) GLOBAL_UNIT_ASSIGNED_CONTEXT ( ( #1393, #5556, #7124 ) ) REPRESENTATION_CONTEXT ( 'NONE', 'WORKASPACE' ) );
#7251 = VECTOR ( 'NONE', #4705, 1000.000000000000000 ) ;
#7252 = ORIENTED_EDGE ( 'NONE', *, *, #3379, .T. ) ;
#7253 = FACE_OUTER_BOUND ( 'NONE', #2182, .T. ) ;
#7254 = ADVANCED_FACE ( 'NONE', ( #3108 ), #2686, .T. ) ;
#7255 = ORIENTED_EDGE ( 'NONE', *, *, #350, .T. ) ;
#7256 = AXIS2_PLACEMENT_3D ( 'NONE', #2601, #1907, #1182 ) ;
#7257 = AXIS2_PLACEMENT_3D ( 'NONE', #7637, #116, #2861 ) ;
#7258 = DIRECTION ( 'NONE',  ( 0.000000000000000000, 0.000000000000000000, -1.000000000000000000 ) ) ;
#7259 = DIRECTION ( 'NONE',  ( 0.000000000000000000, 0.7071067811865475727, -0.7071067811865475727 ) ) ;
#7260 = VECTOR ( 'NONE', #4314, 1000.000000000000114 ) ;
#7261 = ORIENTED_EDGE ( 'NONE', *, *, #3950, .F. ) ;
#7262 = CARTESIAN_POINT ( 'NONE',  ( 40.99999999999999289, 52.50000000000000711, 3.000000000000000000 ) ) ;
#7263 = DIRECTION ( 'NONE',  ( -0.000000000000000000, 1.000000000000000000, 0.000000000000000000 ) ) ;
#7264 = B_SPLINE_CURVE_WITH_KNOTS ( 'NONE', 3,
 ( #7314, #1033, #337, #3826 ),
 .UNSPECIFIED., .F., .F.,
 ( 4, 4 ),
 ( 0.002164804878958170344, 0.002890890964065138177 ),
 .UNSPECIFIED. ) ;
#7265 = CARTESIAN_POINT ( 'NONE',  ( 41.27854808011926480, 7.484446831042172121, 4.515553168957853636 ) ) ;
#7266 = AXIS2_PLACEMENT_3D ( 'NONE', #2405, #7081, #4335 ) ;
#7267 = VERTEX_POINT ( 'NONE', #5262 ) ;
#7268 = DIRECTION ( 'NONE',  ( -0.000000000000000000, -1.000000000000000000, -0.000000000000000000 ) ) ;
#7269 = AXIS2_PLACEMENT_3D ( 'NONE', #6433, #7263, #4373 ) ;
#7270 = LINE ( 'NONE', #8002, #5821 ) ;
#7271 = DIRECTION ( 'NONE',  ( -1.000000000000000000, 0.000000000000000000, 0.000000000000000000 ) ) ;
#7272 = CARTESIAN_POINT ( 'NONE',  ( -5.000000000000000000, 6.447489024775967081, -53.00000000000000000 ) ) ;
#7273 = AXIS2_PLACEMENT_3D ( 'NONE', #570, #704, #5551 ) ;
#7274 = ORIENTED_EDGE ( 'NONE', *, *, #6488, .F. ) ;
#7275 = FACE_OUTER_BOUND ( 'NONE', #418, .T. ) ;
#7276 = DIRECTION ( 'NONE',  ( 0.000000000000000000, 0.000000000000000000, 1.000000000000000000 ) ) ;
#7277 = DIRECTION ( 'NONE',  ( 0.000000000000000000, 0.000000000000000000, 1.000000000000000000 ) ) ;
#7279 = FACE_OUTER_BOUND ( 'NONE', #3563, .T. ) ;
#7278 = CIRCLE ( 'NONE', #6095, 5.499999999999998224 ) ;
#7280 = VECTOR ( 'NONE', #1567, 1000.000000000000000 ) ;
#7281 = ORIENTED_EDGE ( 'NONE', *, *, #7801, .T. ) ;
#7282 = ORIENTED_EDGE ( 'NONE', *, *, #4890, .T. ) ;
#7283 = CARTESIAN_POINT ( 'NONE',  ( -20.00000000000000000, 10.00000000000000000, 6.000000000000000000 ) ) ;
#7284 = VERTEX_POINT ( 'NONE', #8061 ) ;
#7285 = EDGE_CURVE ( 'NONE', #6441, #4760, #2368, .T. ) ;
#7286 = CIRCLE ( 'NONE', #8890, 2.000000000000001776 ) ;
#7287 = DIRECTION ( 'NONE',  ( 0.000000000000000000, 0.000000000000000000, -1.000000000000000000 ) ) ;
#7288 = DIRECTION ( 'NONE',  ( -1.000000000000000000, 0.000000000000000000, 1.734723475976804876E-16 ) ) ;
#7289 = CARTESIAN_POINT ( 'NONE',  ( -4.999999999999991118, 6.447489024775967081, 53.00000000000000000 ) ) ;
#7290 = ORIENTED_EDGE ( 'NONE', *, *, #548, .T. ) ;
#7291 = AXIS2_PLACEMENT_3D ( 'NONE', #1791, #2346, #5278 ) ;
#7292 = ORIENTED_EDGE ( 'NONE', *, *, #430, .T. ) ;
#7293 = VERTEX_POINT ( 'NONE', #269 ) ;
#7294 = FACE_OUTER_BOUND ( 'NONE', #2025, .T. ) ;
#7295 = DIRECTION ( 'NONE',  ( 0.000000000000000000, -1.000000000000000000, 0.000000000000000000 ) ) ;
#7296 = CARTESIAN_POINT ( 'NONE',  ( -92.00000000000000000, 1.699999999999999956, 15.25000000000000000 ) ) ;
#7297 = ADVANCED_FACE ( 'NONE', ( #7371 ), #4293, .F. ) ;
#7298 = CARTESIAN_POINT ( 'NONE',  ( 37.96446609406726935, 4.000000000000000000, -0.4603702609048105354 ) ) ;
#7299 = EDGE_CURVE ( 'NONE', #8805, #4064, #5353, .T. ) ;
#7300 = AXIS2_PLACEMENT_3D ( 'NONE', #8727, #1124, #1250 ) ;
#7301 = ORIENTED_EDGE ( 'NONE', *, *, #8826, .T. ) ;
#7302 = DIRECTION ( 'NONE',  ( 0.000000000000000000, 0.000000000000000000, -1.000000000000000000 ) ) ;
#7303 = EDGE_CURVE ( 'NONE', #9012, #273, #2992, .T. ) ;
#7304 = EDGE_CURVE ( 'NONE', #5670, #5181, #1377, .T. ) ;
#7305 = ORIENTED_EDGE ( 'NONE', *, *, #8797, .T. ) ;
#7306 = CARTESIAN_POINT ( 'NONE',  ( 49.00000000000000000, 6.578698349478939278, -5.421301650521076709 ) ) ;
#7307 = CYLINDRICAL_SURFACE ( 'NONE', #1101, 1.499999999999999556 ) ;
#7308 = EDGE_LOOP ( 'NONE', ( #4420, #7881, #1004, #2941, #6460, #3341 ) ) ;
#7309 = CARTESIAN_POINT ( 'NONE',  ( 41.56173135526350393, 6.794103379761387451, -5.438268644736491630 ) ) ;
#7310 = CARTESIAN_POINT ( 'NONE',  ( -8.000000000000000000, 10.00000000000000000, -25.00000000000000000 ) ) ;
#7311 = VERTEX_POINT ( 'NONE', #1268 ) ;
#7312 = CARTESIAN_POINT ( 'NONE',  ( -65.00000000000000000, 4.000000000000000000, -7.500000000000000888 ) ) ;
#7313 = DIRECTION ( 'NONE',  ( 0.7071067811865574537, 0.7071067811865374697, 3.679904200040043106E-15 ) ) ;
#7314 = CARTESIAN_POINT ( 'NONE',  ( 38.99999999999999289, 0.5000000000000073275, 9.828733969669862347 ) ) ;
#7315 = CARTESIAN_POINT ( 'NONE',  ( 6.987089219394882811, 3.999999999964976016, -53.77798064943716838 ) ) ;
#7316 = ORIENTED_EDGE ( 'NONE', *, *, #1905, .T. ) ;
#7317 = CARTESIAN_POINT ( 'NONE',  ( -79.90000000000000568, 0.000000000000000000, 12.55000000000000071 ) ) ;
#7318 = LINE ( 'NONE', #3327, #5763 ) ;
#7319 = DIRECTION ( 'NONE',  ( 0.000000000000000000, 0.000000000000000000, -1.000000000000000000 ) ) ;
#7320 = DIRECTION ( 'NONE',  ( 1.000000000000000000, 0.000000000000000000, 0.000000000000000000 ) ) ;
#7321 = VERTEX_POINT ( 'NONE', #5431 ) ;
#7322 = CARTESIAN_POINT ( 'NONE',  ( 44.00000000000000000, 7.035533905932735088, -6.000000000000000000 ) ) ;
#7323 = ORIENTED_EDGE ( 'NONE', *, *, #5851, .T. ) ;
#7324 = FACE_OUTER_BOUND ( 'NONE', #3864, .T. ) ;
#7325 = ORIENTED_EDGE ( 'NONE', *, *, #5387, .T. ) ;
#7326 = EDGE_CURVE ( 'NONE', #5570, #6753, #3867, .T. ) ;
#7327 = CARTESIAN_POINT ( 'NONE',  ( -4.825381102911046938, 6.499999988383748040, 54.03069270363712917 ) ) ;
#7328 = DIRECTION ( 'NONE',  ( 0.000000000000000000, 0.000000000000000000, -1.000000000000000000 ) ) ;
#7329 = CARTESIAN_POINT ( 'NONE',  ( -4.840658366812099267, 6.499999988907184445, 52.01420465676921623 ) ) ;
#7330 = ORIENTED_EDGE ( 'NONE', *, *, #1253, .F. ) ;
#7331 = EDGE_CURVE ( 'NONE', #1030, #1358, #6081, .T. ) ;
#7332 = ORIENTED_EDGE ( 'NONE', *, *, #1057, .F. ) ;
#7333 = ORIENTED_EDGE ( 'NONE', *, *, #7614, .T. ) ;
#7334 = CARTESIAN_POINT ( 'NONE',  ( 0.000000000000000000, 4.000000000000000000, 0.000000000000000000 ) ) ;
#7335 = DIRECTION ( 'NONE',  ( 0.000000000000000000, 1.000000000000000000, 0.000000000000000000 ) ) ;
#7336 = CARTESIAN_POINT ( 'NONE',  ( -1.999999999999991340, 52.50000000000000711, 53.00000000000000711 ) ) ;
#7337 = CARTESIAN_POINT ( 'NONE',  ( 38.01109791985319220, 4.000000000000000000, -0.1600936190044651430 ) ) ;
#7338 = ORIENTED_EDGE ( 'NONE', *, *, #4992, .T. ) ;
#7339 = CYLINDRICAL_SURFACE ( 'NONE', #1077, 2.000000000000001776 ) ;
#7340 = EDGE_LOOP ( 'NONE', ( #4943, #5919, #505, #4843 ) ) ;
#7341 = ADVANCED_FACE ( 'NONE', ( #8885 ), #5397, .T. ) ;
#7342 = EDGE_CURVE ( 'NONE', #7713, #7867, #1908, .T. ) ;
#7343 = CARTESIAN_POINT ( 'NONE',  ( -92.00000000000000000, 0.000000000000000000, 15.25000000000000000 ) ) ;
#7344 = DIRECTION ( 'NONE',  ( 0.000000000000000000, 0.000000000000000000, -1.000000000000000000 ) ) ;
#7345 = ORIENTED_EDGE ( 'NONE', *, *, #5541, .T. ) ;
#7346 = PLANE ( 'NONE',  #5594 ) ;
#7347 = DIRECTION ( 'NONE',  ( 1.000000000000000000, 0.000000000000000000, -6.938893903907230350E-16 ) ) ;
#7348 = FACE_OUTER_BOUND ( 'NONE', #7436, .T. ) ;
#7349 = ORIENTED_EDGE ( 'NONE', *, *, #6925, .F. ) ;
#7350 = CARTESIAN_POINT ( 'NONE',  ( -1.999999999999991340, 6.499999999999999112, 53.00000000000000711 ) ) ;
#7351 = CARTESIAN_POINT ( 'NONE',  ( -4.761394580298122570, 6.499999999999999112, 51.82752399943534272 ) ) ;
#7352 = DIRECTION ( 'NONE',  ( 0.000000000000000000, 1.000000000000000000, 0.000000000000000000 ) ) ;
#7353 =( BOUNDED_SURFACE ( )  B_SPLINE_SURFACE ( 3, 2, ( 
 ( #5092, #3078, #7985 ),
 ( #2342, #4495, #7900 ),
 ( #1699, #7796, #1603 ),
 ( #6375, #7201, #1507 ),
 ( #4306, #7107, #832 ),
 ( #141, #5719, #319 ) ),
 .UNSPECIFIED., .F., .F., .T. ) 
 B_SPLINE_SURFACE_WITH_KNOTS ( ( 4, 2, 4 ),
 ( 3, 3 ),
 ( 0.004184103987939903277, 0.005335233723397299517, 0.006486363458854695757 ),
 ( 0.000000000000000000, 1.000000000000000000 ),
 .UNSPECIFIED. ) 
 GEOMETRIC_REPRESENTATION_ITEM ( )  RATIONAL_B_SPLINE_SURFACE ( (
 ( 1.000000000000000000, 0.7758446568967879431, 1.000000000000000000),
 ( 1.000000000000000000, 0.7764887929017983970, 1.000000000000000000),
 ( 1.000000000000000000, 0.7703434300841126570, 1.000000000000000000),
 ( 1.000000000000000000, 0.7466016803804179647, 1.000000000000000000),
 ( 1.000000000000000000, 0.7289866434326999212, 1.000000000000000000),
 ( 1.000000000000000000, 0.7071067811865483499, 1.000000000000000000) ) ) 
 REPRESENTATION_ITEM ( '' )  SURFACE ( )  );
#7354 = CARTESIAN_POINT ( 'NONE',  ( -4.825307054800905604, 6.499999999999996447, -54.03085830783582821 ) ) ;
#7355 = ORIENTED_EDGE ( 'NONE', *, *, #2399, .F. ) ;
#7356 = CARTESIAN_POINT ( 'NONE',  ( 38.99999999999999289, 0.5000000000000073275, -9.828733969669849913 ) ) ;
#7357 = CIRCLE ( 'NONE', #6630, 2.500000000000000444 ) ;
#7358 = DIRECTION ( 'NONE',  ( 0.000000000000000000, -1.000000000000000000, 0.000000000000000000 ) ) ;
#7359 = DIRECTION ( 'NONE',  ( -0.7071067811865475727, -0.7071067811865475727, -2.180683970394143546E-15 ) ) ;
#7360 = EDGE_CURVE ( 'NONE', #8615, #5965, #6213, .T. ) ;
#7361 = LINE ( 'NONE', #3235, #2987 ) ;
#7362 = ORIENTED_EDGE ( 'NONE', *, *, #283, .F. ) ;
#7363 = VECTOR ( 'NONE', #8489, 1000.000000000000000 ) ;
#7364 = CIRCLE ( 'NONE', #3403, 46.50000000000002842 ) ;
#7365 = EDGE_CURVE ( 'NONE', #393, #8895, #8254, .T. ) ;
#7366 = CARTESIAN_POINT ( 'NONE',  ( 40.26776695296637598, 5.267766952966376870, -3.000000000000000888 ) ) ;
#7367 = ORIENTED_EDGE ( 'NONE', *, *, #1347, .F. ) ;
#7368 = CARTESIAN_POINT ( 'NONE',  ( 2.000000000000000000, 4.000000000000000000, -58.50000000000000000 ) ) ;
#7369 = ORIENTED_EDGE ( 'NONE', *, *, #5812, .T. ) ;
#7370 = DIRECTION ( 'NONE',  ( 0.000000000000000000, 1.000000000000000000, 0.000000000000000000 ) ) ;
#7371 = FACE_OUTER_BOUND ( 'NONE', #7340, .T. ) ;
#7372 = CONICAL_SURFACE ( 'NONE', #923, 1.500000000000001332, 0.7853981633974320697 ) ;
#7373 = AXIS2_PLACEMENT_3D ( 'NONE', #3205, #1047, #3842 ) ;
#7374 = CARTESIAN_POINT ( 'NONE',  ( -5.250000000000000000, 0.000000000000000000, -33.89999999999999858 ) ) ;
#7375 = EDGE_LOOP ( 'NONE', ( #6916, #3798, #6632, #2749 ) ) ;
#7376 = ORIENTED_EDGE ( 'NONE', *, *, #300, .T. ) ;
#7377 = VECTOR ( 'NONE', #1958, 1000.000000000000000 ) ;
#7378 = VECTOR ( 'NONE', #2774, 1000.000000000000114 ) ;
#7379 = ORIENTED_EDGE ( 'NONE', *, *, #4819, .T. ) ;
#7380 = DIRECTION ( 'NONE',  ( 0.000000000000000000, 0.000000000000000000, -1.000000000000000000 ) ) ;
#7381 = DIRECTION ( 'NONE',  ( 0.5830680359095591347, -0.7071067811865271446, -0.4000395799175350264 ) ) ;
#7382 = CARTESIAN_POINT ( 'NONE',  ( 45.99999999999999289, 7.035533905932735088, 6.000000000000000000 ) ) ;
#7383 = VECTOR ( 'NONE', #6821, 1000.000000000000114 ) ;
#7384 = ORIENTED_EDGE ( 'NONE', *, *, #1693, .T. ) ;
#7385 = DIRECTION ( 'NONE',  ( 0.000000000000000000, 1.000000000000000000, 0.000000000000000000 ) ) ;
#7386 = CIRCLE ( 'NONE', #3291, 1.499999999999999556 ) ;
#7387 = ORIENTED_EDGE ( 'NONE', *, *, #6565, .F. ) ;
#7388 = AXIS2_PLACEMENT_3D ( 'NONE', #107, #2999, #8537 ) ;
#7389 = DIRECTION ( 'NONE',  ( 0.000000000000000000, -1.000000000000000000, 0.000000000000000000 ) ) ;
#7390 = CYLINDRICAL_SURFACE ( 'NONE', #1674, 1.500000000000000000 ) ;
#7391 = ORIENTED_EDGE ( 'NONE', *, *, #8083, .T. ) ;
#7392 = VECTOR ( 'NONE', #5598, 999.9999999999998863 ) ;
#7393 = CARTESIAN_POINT ( 'NONE',  ( -196.3386523170879912, 3.500000000000000000, -1.387778780781445991E-14 ) ) ;
#7394 = LINE ( 'NONE', #8177, #241 ) ;
#7395 = CARTESIAN_POINT ( 'NONE',  ( 44.00000000000000000, 5.267766952966377758, -6.732233047033615136 ) ) ;
#7396 = ORIENTED_EDGE ( 'NONE', *, *, #2493, .T. ) ;
#7397 = CARTESIAN_POINT ( 'NONE',  ( 47.49999999999999289, 54.00000000000000711, 0.000000000000000000 ) ) ;
#7398 =( GEOMETRIC_REPRESENTATION_CONTEXT ( 3 ) GLOBAL_UNCERTAINTY_ASSIGNED_CONTEXT ( ( #6181 ) ) GLOBAL_UNIT_ASSIGNED_CONTEXT ( ( #1796, #3225, #1202 ) ) REPRESENTATION_CONTEXT ( 'NONE', 'WORKASPACE' ) );
#7399 = VECTOR ( 'NONE', #5349, 1000.000000000000000 ) ;
#7400 = AXIS2_PLACEMENT_3D ( 'NONE', #8927, #317, #1996 ) ;
#7401 = EDGE_LOOP ( 'NONE', ( #1579, #5135, #5482, #1319 ) ) ;
#7402 = DIRECTION ( 'NONE',  ( 0.000000000000000000, 0.000000000000000000, -1.000000000000000000 ) ) ;
#7403 = DIRECTION ( 'NONE',  ( 0.000000000000000000, 0.000000000000000000, 1.000000000000000000 ) ) ;
#7404 = ORIENTED_EDGE ( 'NONE', *, *, #781, .F. ) ;
#7405 = CARTESIAN_POINT ( 'NONE',  ( 5.616384920805930214, 0.000000000000000000, -58.50000000000000000 ) ) ;
#7406 = VECTOR ( 'NONE', #4664, 1000.000000000000000 ) ;
#7407 = VECTOR ( 'NONE', #8736, 1000.000000000000000 ) ;
#7408 = LINE ( 'NONE', #1808, #6530 ) ;
#7409 = CARTESIAN_POINT ( 'NONE',  ( -7.112363848593230564, 0.000000000000000000, 56.89024095656250068 ) ) ;
#7410 = AXIS2_PLACEMENT_3D ( 'NONE', #3681, #6469, #191 ) ;
#7411 = EDGE_CURVE ( 'NONE', #4211, #3812, #3293, .T. ) ;
#7412 = EDGE_CURVE ( 'NONE', #7989, #2352, #213, .T. ) ;
#7413 = DIRECTION ( 'NONE',  ( 0.000000000000000000, -0.7071067811865531239, 0.7071067811865420216 ) ) ;
#7414 = CARTESIAN_POINT ( 'NONE',  ( 7.062556730546571515, 6.499999999999999112, -50.85046066563145217 ) ) ;
#7415 = VERTEX_POINT ( 'NONE', #1314 ) ;
#7416 = ADVANCED_FACE ( 'NONE', ( #4104 ), #7466, .F. ) ;
#7417 =( BOUNDED_SURFACE ( )  B_SPLINE_SURFACE ( 3, 2, ( 
 ( #1734, #8750, #7289 ),
 ( #5901, #2426, #8838 ),
 ( #8791, #5263, #1007 ),
 ( #8105, #3802, #1824 ),
 ( #8062, #1095, #7329 ),
 ( #3980, #2472, #1777 ) ),
 .UNSPECIFIED., .F., .F., .F. ) 
 B_SPLINE_SURFACE_WITH_KNOTS ( ( 4, 2, 4 ),
 ( 3, 3 ),
 ( 0.004287836223634339076, 0.005387099841244510912, 0.006486363458854682747 ),
 ( 0.000000000000000000, 1.000000000000000000 ),
 .UNSPECIFIED. ) 
 GEOMETRIC_REPRESENTATION_ITEM ( )  RATIONAL_B_SPLINE_SURFACE ( (
 ( 1.000000000000000000, 0.7758446568967859447, 1.000000000000000000),
 ( 1.000000000000000000, 0.7753227318896140918, 1.000000000000000000),
 ( 1.000000000000000000, 0.7686577635854384694, 1.000000000000000000),
 ( 1.000000000000000000, 0.7450089274789964966, 1.000000000000000000),
 ( 1.000000000000000000, 0.7279975162778177245, 1.000000000000000000),
 ( 1.000000000000000000, 0.7071067811865475727, 1.000000000000000000) ) ) 
 REPRESENTATION_ITEM ( '' )  SURFACE ( )  );
#7418 = AXIS2_PLACEMENT_3D ( 'NONE', #3320, #3271, #8912 ) ;
#7419 = CIRCLE ( 'NONE', #5636, 2.500000000000000888 ) ;
#7420 = EDGE_CURVE ( 'NONE', #6449, #5395, #8965, .T. ) ;
#7421 = DIRECTION ( 'NONE',  ( -1.000000000000000000, 0.000000000000000000, 0.000000000000000000 ) ) ;
#7422 = ORIENTED_EDGE ( 'NONE', *, *, #8681, .T. ) ;
#7423 = CARTESIAN_POINT ( 'NONE',  ( 2.000000000000008882, 52.50000000000000711, 54.50000000000000000 ) ) ;
#7424 = CARTESIAN_POINT ( 'NONE',  ( 40.97014405567104944, 5.970144055671064542, 5.785207115337980710 ) ) ;
#7425 = DIRECTION ( 'NONE',  ( 0.000000000000000000, 1.000000000000000000, 0.000000000000000000 ) ) ;
#7426 = AXIS2_PLACEMENT_3D ( 'NONE', #687, #39, #4358 ) ;
#7427 = EDGE_CURVE ( 'NONE', #4088, #312, #3338, .T. ) ;
#7428 = DIRECTION ( 'NONE',  ( 0.000000000000000000, 0.000000000000000000, -1.000000000000000000 ) ) ;
#7429 = VERTEX_POINT ( 'NONE', #6126 ) ;
#7430 = VERTEX_POINT ( 'NONE', #582 ) ;
#7431 = CIRCLE ( 'NONE', #3465, 3.750000000000000888 ) ;
#7432 = ORIENTED_EDGE ( 'NONE', *, *, #691, .T. ) ;
#7433 = CARTESIAN_POINT ( 'NONE',  ( 40.99999999999999289, 54.00000000000000711, 6.000000000000000000 ) ) ;
#7434 = LINE ( 'NONE', #5131, #2239 ) ;
#7435 = CARTESIAN_POINT ( 'NONE',  ( 4.979466606600398748, 6.458894191334840329, 52.59671304699975281 ) ) ;
#7436 = EDGE_LOOP ( 'NONE', ( #8926, #6519, #8094, #8746 ) ) ;
#7437 = CARTESIAN_POINT ( 'NONE',  ( -93.06768137013648357, 3.500000000000000000, -28.33212343854044946 ) ) ;
#7438 = AXIS2_PLACEMENT_3D ( 'NONE', #751, #5792, #8598 ) ;
#7439 = CIRCLE ( 'NONE', #6111, 3.000000000000000000 ) ;
#7440 = EDGE_LOOP ( 'NONE', ( #7620, #1889, #2510, #8450, #1349, #934, #644, #3946 ) ) ;
#7441 = DIRECTION ( 'NONE',  ( 0.000000000000000000, 0.000000000000000000, 1.000000000000000000 ) ) ;
#7442 = DIRECTION ( 'NONE',  ( 1.000000000000000000, 8.673617379884040402E-17, -0.000000000000000000 ) ) ;
#7443 = ORIENTED_EDGE ( 'NONE', *, *, #9073, .T. ) ;
#7444 = CARTESIAN_POINT ( 'NONE',  ( 3.752416762284818994E-16, 4.408248290463852470, -49.99999999999999289 ) ) ;
#7445 = DIRECTION ( 'NONE',  ( -0.9204648600993767804, 0.000000000000000000, -0.3908253335215548518 ) ) ;
#7446 = VECTOR ( 'NONE', #7313, 1000.000000000000114 ) ;
#7447 = CARTESIAN_POINT ( 'NONE',  ( 0.000000000000000000, 52.50000000000000711, 54.50000000000000000 ) ) ;
#7448 = ORIENTED_EDGE ( 'NONE', *, *, #675, .T. ) ;
#7449 = DIRECTION ( 'NONE',  ( 1.000000000000000000, 0.000000000000000000, 4.336808689942080845E-15 ) ) ;
#7450 = ORIENTED_EDGE ( 'NONE', *, *, #9041, .T. ) ;
#7451 = EDGE_CURVE ( 'NONE', #1517, #901, #8849, .T. ) ;
#7452 = DIRECTION ( 'NONE',  ( 0.4081916072927396222, 3.715602426975654239E-15, 0.9128962765483107367 ) ) ;
#7453 = CARTESIAN_POINT ( 'NONE',  ( 4.968496221880645436, 4.387663054467562773, -53.48895515464487715 ) ) ;
#7454 = ORIENTED_EDGE ( 'NONE', *, *, #4821, .F. ) ;
#7455 = DIRECTION ( 'NONE',  ( 0.000000000000000000, -1.000000000000000000, 0.000000000000000000 ) ) ;
#7456 = CARTESIAN_POINT ( 'NONE',  ( -35.00000000000000000, 0.000000000000000000, 4.286263797015734919E-15 ) ) ;
#7457 = CARTESIAN_POINT ( 'NONE',  ( 5.000000000000008882, 6.447489024775959976, 53.00000000000000711 ) ) ;
#7458 = CYLINDRICAL_SURFACE ( 'NONE', #7969, 1.500000000000001332 ) ;
#7459 = FACE_OUTER_BOUND ( 'NONE', #6551, .T. ) ;
#7460 = ORIENTED_EDGE ( 'NONE', *, *, #345, .T. ) ;
#7461 = CARTESIAN_POINT ( 'NONE',  ( 41.30855126307301362, 7.601211221566615883, 4.551191950192303715 ) ) ;
#7462 = ADVANCED_FACE ( 'NONE', ( #9015 ), #2734, .F. ) ;
#7463 = ORIENTED_EDGE ( 'NONE', *, *, #5426, .T. ) ;
#7464 = ADVANCED_FACE ( 'NONE', ( #2553 ), #4336, .T. ) ;
#7465 = DIRECTION ( 'NONE',  ( 0.000000000000000000, 0.000000000000000000, 1.000000000000000000 ) ) ;
#7466 = PLANE ( 'NONE',  #7674 ) ;
#7467 = ADVANCED_FACE ( 'NONE', ( #7138 ), #2246, .F. ) ;
#7468 = EDGE_CURVE ( 'NONE', #8476, #5947, #6061, .T. ) ;
#7469 = CARTESIAN_POINT ( 'NONE',  ( -82.95000000000000284, 4.000000000000000000, -7.750000000000000000 ) ) ;
#7470 = ORIENTED_EDGE ( 'NONE', *, *, #6377, .T. ) ;
#7471 = EDGE_CURVE ( 'NONE', #3140, #1383, #7779, .T. ) ;
#7472 = ORIENTED_EDGE ( 'NONE', *, *, #1748, .F. ) ;
#7473 = EDGE_LOOP ( 'NONE', ( #2606, #5309, #4385, #6973 ) ) ;
#7474 = FACE_OUTER_BOUND ( 'NONE', #5836, .T. ) ;
#7475 = CARTESIAN_POINT ( 'NONE',  ( -87.00000000000000000, 0.000000000000000000, -10.25000000000000000 ) ) ;
#7476 = CARTESIAN_POINT ( 'NONE',  ( -82.15000000000000568, 1.000000000000000000, -8.250000000000000000 ) ) ;
#7477 = ADVANCED_FACE ( 'NONE', ( #7034 ), #1227, .F. ) ;
#7478 = ORIENTED_EDGE ( 'NONE', *, *, #4854, .T. ) ;
#7479 = DIRECTION ( 'NONE',  ( 0.000000000000000000, 0.000000000000000000, 1.000000000000000000 ) ) ;
#7480 = EDGE_CURVE ( 'NONE', #489, #7021, #2215, .T. ) ;
#7481 = ORIENTED_EDGE ( 'NONE', *, *, #3478, .F. ) ;
#7482 = EDGE_CURVE ( 'NONE', #8493, #7606, #7082, .T. ) ;
#7483 = LINE ( 'NONE', #3258, #6408 ) ;
#7484 = CARTESIAN_POINT ( 'NONE',  ( -35.00000000000000000, 4.000000000000000000, 4.286263797015734919E-15 ) ) ;
#7485 = EDGE_CURVE ( 'NONE', #228, #2921, #6348, .T. ) ;
#7486 = CARTESIAN_POINT ( 'NONE',  ( 47.49999999999999289, 52.50000000000000711, 3.000000000000000000 ) ) ;
#7487 = PLANE ( 'NONE',  #7558 ) ;
#7488 = VERTEX_POINT ( 'NONE', #4881 ) ;
#7489 = LINE ( 'NONE', #8814, #8905 ) ;
#7490 = ORIENTED_EDGE ( 'NONE', *, *, #7573, .T. ) ;
#7491 = CARTESIAN_POINT ( 'NONE',  ( 7.027533477553910224, 4.000000000032552627, -51.53049368959297283 ) ) ;
#7492 = CARTESIAN_POINT ( 'NONE',  ( 44.00000000000000000, 52.50000000000000711, -4.500000000000000888 ) ) ;
#7493 = ORIENTED_EDGE ( 'NONE', *, *, #314, .T. ) ;
#7494 = EDGE_CURVE ( 'NONE', #882, #4196, #7530, .T. ) ;
#7495 = CARTESIAN_POINT ( 'NONE',  ( 40.99999999999999289, 6.000000000000005329, 6.000000000000000000 ) ) ;
#7496 = CARTESIAN_POINT ( 'NONE',  ( 2.000000000000000000, 52.50000000000000711, -50.00000000000000000 ) ) ;
#7497 = CARTESIAN_POINT ( 'NONE',  ( 8.500000000000001776, 2.399999999999999911, -27.00000000000000000 ) ) ;
#7498 = CARTESIAN_POINT ( 'NONE',  ( -94.37983671570650301, 4.000000000000000000, 13.42342473284699977 ) ) ;
#7499 = DIRECTION ( 'NONE',  ( 0.000000000000000000, 0.000000000000000000, -1.000000000000000000 ) ) ;
#7500 = CARTESIAN_POINT ( 'NONE',  ( -78.89999999999999147, 1.000000000000000000, 10.25000000000000000 ) ) ;
#7501 = ORIENTED_EDGE ( 'NONE', *, *, #4217, .F. ) ;
#7502 = LINE ( 'NONE', #4101, #6668 ) ;
#7503 = FACE_OUTER_BOUND ( 'NONE', #1729, .T. ) ;
#7504 = DIRECTION ( 'NONE',  ( 1.000000000000000000, -0.000000000000000000, -0.000000000000000000 ) ) ;
#7505 = VECTOR ( 'NONE', #8786, 1000.000000000000114 ) ;
#7506 = FACE_OUTER_BOUND ( 'NONE', #6086, .T. ) ;
#7507 = EDGE_CURVE ( 'NONE', #8100, #331, #1819, .T. ) ;
#7508 = AXIS2_PLACEMENT_3D ( 'NONE', #1451, #3556, #128 ) ;
#7509 = ADVANCED_FACE ( 'NONE', ( #6444 ), #8987, .F. ) ;
#7510 = ORIENTED_EDGE ( 'NONE', *, *, #4870, .F. ) ;
#7511 = ORIENTED_EDGE ( 'NONE', *, *, #3950, .T. ) ;
#7512 = EDGE_CURVE ( 'NONE', #1801, #6845, #165, .T. ) ;
#7513 = VERTEX_POINT ( 'NONE', #6301 ) ;
#7514 = AXIS2_PLACEMENT_3D ( 'NONE', #3483, #8337, #2785 ) ;
#7515 = CARTESIAN_POINT ( 'NONE',  ( 39.73223304703365244, 4.732233047033645335, 7.267766952966341343 ) ) ;
#7516 = AXIS2_PLACEMENT_3D ( 'NONE', #4113, #8938, #5441 ) ;
#7517 = CYLINDRICAL_SURFACE ( 'NONE', #6783, 2.000000000000001776 ) ;
#7518 = PLANE ( 'NONE',  #3581 ) ;
#7519 = ORIENTED_EDGE ( 'NONE', *, *, #8139, .T. ) ;
#7520 = DIRECTION ( 'NONE',  ( 0.000000000000000000, -1.000000000000000000, 0.000000000000000000 ) ) ;
#7521 = EDGE_CURVE ( 'NONE', #8071, #6897, #1960, .T. ) ;
#7522 = EDGE_CURVE ( 'NONE', #8134, #4683, #4451, .T. ) ;
#7523 = VECTOR ( 'NONE', #2963, 1000.000000000000000 ) ;
#7524 = CIRCLE ( 'NONE', #5459, 3.000000000000000000 ) ;
#7525 = VERTEX_POINT ( 'NONE', #5019 ) ;
#7526 = DIRECTION ( 'NONE',  ( 0.000000000000000000, -1.000000000000000000, 0.000000000000000000 ) ) ;
#7527 = DIRECTION ( 'NONE',  ( 1.000000000000000000, 0.000000000000000000, 0.000000000000000000 ) ) ;
#7528 = CARTESIAN_POINT ( 'NONE',  ( -62.00000000000000000, 54.00000000000000711, 4.999999999999999112 ) ) ;
#7529 = DIRECTION ( 'NONE',  ( 0.000000000000000000, 0.000000000000000000, -1.000000000000000000 ) ) ;
#7530 = CIRCLE ( 'NONE', #5911, 2.499999999999999556 ) ;
#7531 = VECTOR ( 'NONE', #7150, 999.9999999999998863 ) ;
#7532 = VERTEX_POINT ( 'NONE', #6993 ) ;
#7533 = LINE ( 'NONE', #8862, #2253 ) ;
#7534 = AXIS2_PLACEMENT_3D ( 'NONE', #4459, #985, #8491 ) ;
#7535 = VERTEX_POINT ( 'NONE', #1445 ) ;
#7536 = CARTESIAN_POINT ( 'NONE',  ( 4.999999999999999112, 6.447489024775967081, -53.00000000000000000 ) ) ;
#7537 = AXIS2_PLACEMENT_3D ( 'NONE', #4725, #594, #8299 ) ;
#7538 = DIRECTION ( 'NONE',  ( 0.000000000000000000, 0.000000000000000000, -1.000000000000000000 ) ) ;
#7539 = VERTEX_POINT ( 'NONE', #1353 ) ;
#7540 = CYLINDRICAL_SURFACE ( 'NONE', #4907, 1.000000000000000888 ) ;
#7541 = CARTESIAN_POINT ( 'NONE',  ( 41.21479288466233015, 5.970144055671514849, 6.029855944328488704 ) ) ;
#7542 = DIRECTION ( 'NONE',  ( -0.000000000000000000, -0.000000000000000000, 1.000000000000000000 ) ) ;
#7543 = CIRCLE ( 'NONE', #6667, 3.000000000000000000 ) ;
#7544 = DIRECTION ( 'NONE',  ( 0.000000000000000000, 0.000000000000000000, 1.000000000000000000 ) ) ;
#7545 = CIRCLE ( 'NONE', #6365, 5.499999999999998224 ) ;
#7546 = DIRECTION ( 'NONE',  ( 0.000000000000000000, 0.000000000000000000, -1.000000000000000000 ) ) ;
#7547 = CIRCLE ( 'NONE', #3441, 1.500000000000000000 ) ;
#7548 = DIRECTION ( 'NONE',  ( 0.000000000000000000, 0.8376105968386150513, 0.5462677805469209336 ) ) ;
#7549 = VECTOR ( 'NONE', #5108, 1000.000000000000000 ) ;
#7550 = AXIS2_PLACEMENT_3D ( 'NONE', #8915, #442, #1132 ) ;
#7551 = ORIENTED_EDGE ( 'NONE', *, *, #5221, .T. ) ;
#7552 = PRODUCT_DEFINITION_SHAPE ( 'NONE', 'NONE',  #6333 ) ;
#7553 = CARTESIAN_POINT ( 'NONE',  ( 10.00000000000000178, 4.000000000000000000, -28.50000000000000000 ) ) ;
#7554 = VECTOR ( 'NONE', #2108, 1000.000000000000000 ) ;
#7555 = CARTESIAN_POINT ( 'NONE',  ( -8.000000000000000000, 4.000000000000000000, -25.50000000000000000 ) ) ;
#7556 = DIRECTION ( 'NONE',  ( 0.000000000000000000, 0.000000000000000000, -1.000000000000000000 ) ) ;
#7557 = LINE ( 'NONE', #6214, #7378 ) ;
#7558 = AXIS2_PLACEMENT_3D ( 'NONE', #4554, #1887, #8042 ) ;
#7559 = ORIENTED_EDGE ( 'NONE', *, *, #6233, .F. ) ;
#7560 = ORIENTED_EDGE ( 'NONE', *, *, #7468, .T. ) ;
#7561 = EDGE_CURVE ( 'NONE', #1769, #7679, #7088, .T. ) ;
#7562 = ORIENTED_EDGE ( 'NONE', *, *, #3121, .F. ) ;
#7563 = PLANE ( 'NONE',  #4422 ) ;
#7564 = VECTOR ( 'NONE', #8983, 1000.000000000000000 ) ;
#7565 = AXIS2_PLACEMENT_3D ( 'NONE', #7712, #8435, #7754 ) ;
#7566 = DIRECTION ( 'NONE',  ( 1.000000000000000000, 0.000000000000000000, 0.000000000000000000 ) ) ;
#7567 = DIRECTION ( 'NONE',  ( -0.6139406135149200194, 0.000000000000000000, -0.7893522173763267702 ) ) ;
#7568 = ORIENTED_EDGE ( 'NONE', *, *, #3412, .T. ) ;
#7569 = DIRECTION ( 'NONE',  ( -1.000000000000000000, 0.000000000000000000, 0.000000000000000000 ) ) ;
#7570 = CIRCLE ( 'NONE', #4490, 2.500000000000001776 ) ;
#7571 = AXIS2_PLACEMENT_3D ( 'NONE', #4453, #7259, #3047 ) ;
#7572 = ORIENTED_EDGE ( 'NONE', *, *, #8540, .F. ) ;
#7573 = EDGE_CURVE ( 'NONE', #5947, #4683, #5183, .T. ) ;
#7574 = DIRECTION ( 'NONE',  ( 0.000000000000000000, -1.000000000000000000, 0.000000000000000000 ) ) ;
#7575 = CYLINDRICAL_SURFACE ( 'NONE', #7978, 2.500000000000002220 ) ;
#7576 = ADVANCED_FACE ( 'NONE', ( #668 ), #2863, .F. ) ;
#7577 = CARTESIAN_POINT ( 'NONE',  ( -4.999999999999991118, 54.00000000000000711, 53.00000000000000000 ) ) ;
#7578 = EDGE_CURVE ( 'NONE', #8390, #3837, #2696, .T. ) ;
#7579 = DIRECTION ( 'NONE',  ( 1.387778780781446938E-14, 0.000000000000000000, 1.000000000000000000 ) ) ;
#7580 = EDGE_CURVE ( 'NONE', #2372, #6171, #645, .T. ) ;
#7581 = AXIS2_PLACEMENT_3D ( 'NONE', #4970, #6438, #9053 ) ;
#7582 = ORIENTED_EDGE ( 'NONE', *, *, #7009, .T. ) ;
#7583 = DIRECTION ( 'NONE',  ( 0.000000000000000000, 0.000000000000000000, -1.000000000000000000 ) ) ;
#7584 = EDGE_CURVE ( 'NONE', #9062, #8647, #8549, .T. ) ;
#7585 = VERTEX_POINT ( 'NONE', #343 ) ;
#7586 = CYLINDRICAL_SURFACE ( 'NONE', #666, 3.000000000000002665 ) ;
#7587 = CARTESIAN_POINT ( 'NONE',  ( 7.112363848593230564, 4.000000000000000000, 56.89024095656250068 ) ) ;
#7588 = CIRCLE ( 'NONE', #112, 1.500000000000001332 ) ;
#7589 = DIRECTION ( 'NONE',  ( 0.000000000000000000, 1.000000000000000000, 0.000000000000000000 ) ) ;
#7590 = ORIENTED_EDGE ( 'NONE', *, *, #1013, .T. ) ;
#7591 = DIRECTION ( 'NONE',  ( 0.000000000000000000, 0.000000000000000000, 1.000000000000000000 ) ) ;
#7592 = DIRECTION ( 'NONE',  ( 0.000000000000000000, -1.000000000000000000, 0.000000000000000000 ) ) ;
#7593 = DIRECTION ( 'NONE',  ( 1.000000000000000000, 0.000000000000000000, 1.156482317317864034E-15 ) ) ;
#7594 = DIRECTION ( 'NONE',  ( -1.000000000000000000, 0.000000000000000000, 0.000000000000000000 ) ) ;
#7595 = CARTESIAN_POINT ( 'NONE',  ( -94.68629618098050571, 3.804854897190089957, -14.23006466780268475 ) ) ;
#7596 = EDGE_CURVE ( 'NONE', #5015, #1163, #4463, .T. ) ;
#7597 = DIRECTION ( 'NONE',  ( 0.000000000000000000, -0.000000000000000000, 1.000000000000000000 ) ) ;
#7598 = CYLINDRICAL_SURFACE ( 'NONE', #837, 2.000000000000001776 ) ;
#7599 = EDGE_LOOP ( 'NONE', ( #8059, #1394, #7243, #3275 ) ) ;
#7600 = ADVANCED_FACE ( 'NONE', ( #3101 ), #6487, .F. ) ;
#7601 = CARTESIAN_POINT ( 'NONE',  ( -10.00000000000000000, 4.000000000000000000, -27.00000000000000000 ) ) ;
#7602 = EDGE_CURVE ( 'NONE', #4605, #705, #6543, .T. ) ;
#7603 = FACE_BOUND ( 'NONE', #5433, .T. ) ;
#7604 = DIRECTION ( 'NONE',  ( 0.000000000000000000, 1.000000000000000000, 0.000000000000000000 ) ) ;
#7605 = CYLINDRICAL_SURFACE ( 'NONE', #6491, 2.000000000000001776 ) ;
#7606 = VERTEX_POINT ( 'NONE', #6678 ) ;
#7607 = ORIENTED_EDGE ( 'NONE', *, *, #1368, .F. ) ;
#7608 = DIRECTION ( 'NONE',  ( 0.000000000000000000, -1.000000000000000000, 0.000000000000000000 ) ) ;
#7609 = ORIENTED_EDGE ( 'NONE', *, *, #8456, .T. ) ;
#7610 = ADVANCED_FACE ( 'NONE', ( #396 ), #3015, .T. ) ;
#7611 = CARTESIAN_POINT ( 'NONE',  ( 5.616384920805930214, 4.000000000000000000, -57.00000000000000000 ) ) ;
#7612 = LINE ( 'NONE', #6871, #1107 ) ;
#7613 = FACE_OUTER_BOUND ( 'NONE', #1956, .T. ) ;
#7614 = EDGE_CURVE ( 'NONE', #1931, #5291, #6690, .T. ) ;
#7615 = ORIENTED_EDGE ( 'NONE', *, *, #6310, .F. ) ;
#7616 = DIRECTION ( 'NONE',  ( -0.000000000000000000, 1.000000000000000000, -0.000000000000000000 ) ) ;
#7617 = CARTESIAN_POINT ( 'NONE',  ( -79.90000000000000568, 1.000000000000000000, -13.54999999999999893 ) ) ;
#7618 = DIRECTION ( 'NONE',  ( 0.000000000000000000, 0.000000000000000000, -1.000000000000000000 ) ) ;
#7619 = CYLINDRICAL_SURFACE ( 'NONE', #1130, 3.000000000000002665 ) ;
#7620 = ORIENTED_EDGE ( 'NONE', *, *, #7073, .T. ) ;
#7621 = CARTESIAN_POINT ( 'NONE',  ( -1.467174262156946130, 4.000000000000000000, 47.62678672204827990 ) ) ;
#7622 = EDGE_CURVE ( 'NONE', #1509, #6074, #5473, .T. ) ;
#7623 = ORIENTED_EDGE ( 'NONE', *, *, #8641, .F. ) ;
#7624 = DIRECTION ( 'NONE',  ( 2.891205793294675861E-16, -0.000000000000000000, 1.000000000000000000 ) ) ;
#7625 = DIRECTION ( 'NONE',  ( 0.000000000000000000, 0.000000000000000000, -1.000000000000000000 ) ) ;
#7626 = CARTESIAN_POINT ( 'NONE',  ( -95.37740409499218686, 3.500000000000000000, -26.33212343854044946 ) ) ;
#7627 = VERTEX_POINT ( 'NONE', #7225 ) ;
#7628 = DIRECTION ( 'NONE',  ( 0.000000000000000000, 0.000000000000000000, -1.000000000000000000 ) ) ;
#7629 = LINE ( 'NONE', #1474, #7693 ) ;
#7630 = CARTESIAN_POINT ( 'NONE',  ( 8.000000000000000000, 0.000000000000000000, -25.50000000000000000 ) ) ;
#7631 = DIRECTION ( 'NONE',  ( 0.000000000000000000, 1.000000000000000000, 0.000000000000000000 ) ) ;
#7632 = VERTEX_POINT ( 'NONE', #3196 ) ;
#7633 = CARTESIAN_POINT ( 'NONE',  ( 47.06760354167949600, 6.136703253153502402, -5.863296746846179630 ) ) ;
#7634 = DIRECTION ( 'NONE',  ( -1.000000000000000000, -0.000000000000000000, -0.000000000000000000 ) ) ;
#7635 = DIRECTION ( 'NONE',  ( 0.000000000000000000, -1.000000000000000000, 0.000000000000000000 ) ) ;
#7636 = ORIENTED_EDGE ( 'NONE', *, *, #4539, .T. ) ;
#7637 = CARTESIAN_POINT ( 'NONE',  ( 35.00000000000000000, 4.000000000000000000, 0.000000000000000000 ) ) ;
#7638 = DIRECTION ( 'NONE',  ( 0.000000000000000000, 1.000000000000000000, 0.000000000000000000 ) ) ;
#7639 = CARTESIAN_POINT ( 'NONE',  ( -91.41851592179749275, 3.500000000000000000, -27.46360623735125017 ) ) ;
#7640 = EDGE_CURVE ( 'NONE', #3177, #7525, #2269, .T. ) ;
#7641 = VERTEX_POINT ( 'NONE', #3831 ) ;
#7642 = EDGE_LOOP ( 'NONE', ( #3053, #3763, #1431, #3814 ) ) ;
#7643 =( BOUNDED_CURVE ( )  B_SPLINE_CURVE ( 3, ( #4692, #4558, #5376, #2575 ),
 .UNSPECIFIED., .F., .F. ) 
 B_SPLINE_CURVE_WITH_KNOTS ( ( 4, 4 ),
 ( 5.727063346996120075, 6.283185307179586232 ),
 .UNSPECIFIED. ) 
 CURVE ( )  GEOMETRIC_REPRESENTATION_ITEM ( )  RATIONAL_B_SPLINE_CURVE ( ( 1.000000000000000000, 0.9743929935950813581, 0.9743929935950813581, 1.000000000000000000 ) ) 
 REPRESENTATION_ITEM ( '' )  );
#7644 = CYLINDRICAL_SURFACE ( 'NONE', #7948, 1.000000000000000888 ) ;
#7645 = EDGE_LOOP ( 'NONE', ( #2386, #8878, #5530, #3340 ) ) ;
#7646 = CARTESIAN_POINT ( 'NONE',  ( 45.99999999999999289, 52.50000000000000711, -6.000000000000000000 ) ) ;
#7647 = TOROIDAL_SURFACE ( 'NONE', #8370, 1.500000000000000000, 1.500000000000000000 ) ;
#7648 = CARTESIAN_POINT ( 'NONE',  ( -8.000000000000000000, 3.500000000000000000, -21.00000000000000000 ) ) ;
#7649 = ORIENTED_EDGE ( 'NONE', *, *, #4236, .T. ) ;
#7650 = VECTOR ( 'NONE', #4319, 1000.000000000000000 ) ;
#7651 = AXIS2_PLACEMENT_3D ( 'NONE', #7990, #1702, #7302 ) ;
#7652 = ORIENTED_EDGE ( 'NONE', *, *, #1580, .F. ) ;
#7653 = CYLINDRICAL_SURFACE ( 'NONE', #852, 46.00000000000000000 ) ;
#7654 = FACE_OUTER_BOUND ( 'NONE', #2755, .T. ) ;
#7655 = DIRECTION ( 'NONE',  ( 0.000000000000000000, 0.000000000000000000, -1.000000000000000000 ) ) ;
#7656 = LINE ( 'NONE', #8301, #3909 ) ;
#7657 = AXIS2_PLACEMENT_3D ( 'NONE', #4360, #1558, #140 ) ;
#7658 = VERTEX_POINT ( 'NONE', #4523 ) ;
#7659 = AXIS2_PLACEMENT_3D ( 'NONE', #6352, #1540, #7781 ) ;
#7660 = ORIENTED_EDGE ( 'NONE', *, *, #8823, .T. ) ;
#7661 = LINE ( 'NONE', #5588, #3445 ) ;
#7662 = CONICAL_SURFACE ( 'NONE', #2392, 2.500000000000000444, 0.4636476090008060935 ) ;
#7663 = CARTESIAN_POINT ( 'NONE',  ( -24.77192307692305207, 0.000000000000000000, -31.84961538461535113 ) ) ;
#7664 = CARTESIAN_POINT ( 'NONE',  ( -83.75000000000000000, 1.000000000000000000, -4.500000000000000000 ) ) ;
#7665 = VERTEX_POINT ( 'NONE', #8053 ) ;
#7666 = AXIS2_PLACEMENT_3D ( 'NONE', #2915, #7882, #4284 ) ;
#7667 = CARTESIAN_POINT ( 'NONE',  ( 5.616384920805909786, 4.000000000000000000, 58.50000000000000000 ) ) ;
#7668 = LINE ( 'NONE', #106, #968 ) ;
#7669 = DIRECTION ( 'NONE',  ( 0.000000000000000000, 0.000000000000000000, -1.000000000000000000 ) ) ;
#7670 = CARTESIAN_POINT ( 'NONE',  ( -86.75000000000000000, 1.000000000000000000, 7.500000000000000000 ) ) ;
#7671 = EDGE_LOOP ( 'NONE', ( #3760, #3347 ) ) ;
#7672 = CARTESIAN_POINT ( 'NONE',  ( -94.71857990075174882, 3.789645807330904947, -14.35061805702825133 ) ) ;
#7673 = AXIS2_PLACEMENT_3D ( 'NONE', #4374, #7944, #4966 ) ;
#7674 = AXIS2_PLACEMENT_3D ( 'NONE', #4630, #4024, #8835 ) ;
#7675 = CONICAL_SURFACE ( 'NONE', #1378, 3.750000000000000888, 0.7853981633974490562 ) ;
#7676 = DIRECTION ( 'NONE',  ( 0.000000000000000000, 0.000000000000000000, 1.000000000000000000 ) ) ;
#7677 = AXIS2_PLACEMENT_3D ( 'NONE', #1799, #472, #3920 ) ;
#7678 = LINE ( 'NONE', #4188, #9028 ) ;
#7679 = VERTEX_POINT ( 'NONE', #3793 ) ;
#7680 = PLANE ( 'NONE',  #5194 ) ;
#7681 = AXIS2_PLACEMENT_3D ( 'NONE', #5385, #7594, #6809 ) ;
#7682 = ADVANCED_FACE ( 'NONE', ( #1623 ), #8603, .T. ) ;
#7683 = VECTOR ( 'NONE', #1312, 1000.000000000000000 ) ;
#7684 = DIRECTION ( 'NONE',  ( 0.000000000000000000, -1.000000000000000000, 0.000000000000000000 ) ) ;
#7685 = DIRECTION ( 'NONE',  ( 0.000000000000000000, 0.000000000000000000, -1.000000000000000000 ) ) ;
#7686 = EDGE_CURVE ( 'NONE', #2227, #2481, #5115, .T. ) ;
#7687 = EDGE_CURVE ( 'NONE', #2894, #496, #6514, .T. ) ;
#7688 = CARTESIAN_POINT ( 'NONE',  ( 42.32451751481466573, 4.144043078736335595, -8.199192477358343112 ) ) ;
#7689 = ADVANCED_FACE ( 'NONE', ( #4418 ), #1721, .F. ) ;
#7690 = EDGE_LOOP ( 'NONE', ( #9029, #353, #8662, #6681 ) ) ;
#7691 = AXIS2_PLACEMENT_3D ( 'NONE', #5396, #8227, #1946 ) ;
#7692 = VECTOR ( 'NONE', #8085, 1000.000000000000000 ) ;
#7693 = VECTOR ( 'NONE', #7592, 1000.000000000000000 ) ;
#7694 = VECTOR ( 'NONE', #4174, 1000.000000000000000 ) ;
#7695 = ORIENTED_EDGE ( 'NONE', *, *, #3277, .F. ) ;
#7696 = DIRECTION ( 'NONE',  ( -0.000000000000000000, -0.000000000000000000, -1.000000000000000000 ) ) ;
#7697 = ORIENTED_EDGE ( 'NONE', *, *, #5211, .F. ) ;
#7698 = DIRECTION ( 'NONE',  ( 1.000000000000000000, 0.000000000000000000, 0.000000000000000000 ) ) ;
#7699 = VECTOR ( 'NONE', #5201, 1000.000000000000000 ) ;
#7700 = VECTOR ( 'NONE', #2535, 1000.000000000000000 ) ;
#7701 = B_SPLINE_CURVE_WITH_KNOTS ( 'NONE', 3,
 ( #5129, #7932, #2478, #8655, #5312, #4582 ),
 .UNSPECIFIED., .F., .F.,
 ( 4, 2, 4 ),
 ( 0.000000000000000000, 0.0006077901284198742151, 0.001215580256839748430 ),
 .UNSPECIFIED. ) ;
#7702 = VECTOR ( 'NONE', #561, 1000.000000000000114 ) ;
#7703 = LINE ( 'NONE', #4948, #3284 ) ;
#7704 = DIRECTION ( 'NONE',  ( 0.000000000000000000, 1.000000000000000000, 0.000000000000000000 ) ) ;
#7705 = ORIENTED_EDGE ( 'NONE', *, *, #15, .T. ) ;
#7706 =( BOUNDED_CURVE ( )  B_SPLINE_CURVE ( 3, ( #2204, #5058, #2998, #7210 ),
 .UNSPECIFIED., .F., .T. ) 
 B_SPLINE_CURVE_WITH_KNOTS ( ( 4, 4 ),
 ( 0.000000000000000000, 0.5561219601834670456 ),
 .UNSPECIFIED. ) 
 CURVE ( )  GEOMETRIC_REPRESENTATION_ITEM ( )  RATIONAL_B_SPLINE_CURVE ( ( 1.000000000000000000, 0.9743929935950813581, 0.9743929935950813581, 1.000000000000000000 ) ) 
 REPRESENTATION_ITEM ( '' )  );
#7707 = VECTOR ( 'NONE', #602, 1000.000000000000000 ) ;
#7708 = ORIENTED_EDGE ( 'NONE', *, *, #3769, .T. ) ;
#7709 = CARTESIAN_POINT ( 'NONE',  ( -87.00000000000000000, 1.000000000000000000, -12.55000000000000071 ) ) ;
#7710 = DIRECTION ( 'NONE',  ( 0.000000000000000000, -1.000000000000000000, 0.000000000000000000 ) ) ;
#7711 = CARTESIAN_POINT ( 'NONE',  ( -91.83080728388220848, 0.000000000000000000, -27.18073553764855177 ) ) ;
#7712 = CARTESIAN_POINT ( 'NONE',  ( 45.99999999999999289, 52.50000000000000711, -3.000000000000000000 ) ) ;
#7713 = VERTEX_POINT ( 'NONE', #4384 ) ;
#7714 = LINE ( 'NONE', #2154, #3194 ) ;
#7715 = VECTOR ( 'NONE', #7548, 1000.000000000000114 ) ;
#7716 = ORIENTED_EDGE ( 'NONE', *, *, #4944, .T. ) ;
#7717 = DIRECTION ( 'NONE',  ( 0.000000000000000000, 0.000000000000000000, -1.000000000000000000 ) ) ;
#7718 = CARTESIAN_POINT ( 'NONE',  ( 4.825307054800914486, 6.499999999999999112, 54.03085830783582821 ) ) ;
#7719 = DIRECTION ( 'NONE',  ( 1.000000000000000000, 0.000000000000000000, 0.000000000000000000 ) ) ;
#7720 = CIRCLE ( 'NONE', #7139, 46.50000000000000000 ) ;
#7721 = ORIENTED_EDGE ( 'NONE', *, *, #7580, .F. ) ;
#7722 = DIRECTION ( 'NONE',  ( 0.000000000000000000, 0.000000000000000000, 1.000000000000000000 ) ) ;
#7723 = DIRECTION ( 'NONE',  ( -1.000000000000000000, 0.000000000000000000, -1.156482317317864034E-15 ) ) ;
#7724 = CARTESIAN_POINT ( 'NONE',  ( 44.00000000000000000, 6.000000000000004441, 6.000000000000000888 ) ) ;
#7725 = DIRECTION ( 'NONE',  ( 0.000000000000000000, 0.000000000000000000, 1.000000000000000000 ) ) ;
#7726 = ORIENTED_EDGE ( 'NONE', *, *, #2322, .T. ) ;
#7727 = CARTESIAN_POINT ( 'NONE',  ( -94.85723329232587275, 3.870437093218066060, -15.83310450233955180 ) ) ;
#7728 = EDGE_CURVE ( 'NONE', #8555, #2365, #6626, .T. ) ;
#7729 = VECTOR ( 'NONE', #4175, 1000.000000000000114 ) ;
#7730 = DIRECTION ( 'NONE',  ( 0.000000000000000000, 1.000000000000000000, 0.000000000000000000 ) ) ;
#7731 = AXIS2_PLACEMENT_3D ( 'NONE', #2948, #5734, #7871 ) ;
#7732 = VERTEX_POINT ( 'NONE', #3929 ) ;
#7733 = FACE_OUTER_BOUND ( 'NONE', #6492, .T. ) ;
#7734 = ORIENTED_EDGE ( 'NONE', *, *, #8004, .T. ) ;
#7735 = DIRECTION ( 'NONE',  ( 0.000000000000000000, 0.000000000000000000, 1.000000000000000000 ) ) ;
#7736 = DIRECTION ( 'NONE',  ( 0.000000000000000000, -1.000000000000000000, 0.000000000000000000 ) ) ;
#7737 = DIRECTION ( 'NONE',  ( -1.000000000000000000, 0.000000000000000000, 0.000000000000000000 ) ) ;
#7738 = ORIENTED_EDGE ( 'NONE', *, *, #6124, .F. ) ;
#7739 = DIRECTION ( 'NONE',  ( 0.000000000000000000, 0.7071067811865475727, -0.7071067811865475727 ) ) ;
#7740 = ORIENTED_EDGE ( 'NONE', *, *, #4710, .F. ) ;
#7741 = ADVANCED_FACE ( 'NONE', ( #4699 ), #2556, .F. ) ;
#7742 = EDGE_CURVE ( 'NONE', #1745, #7999, #6857, .T. ) ;
#7743 = ORIENTED_EDGE ( 'NONE', *, *, #7468, .F. ) ;
#7744 = FACE_OUTER_BOUND ( 'NONE', #906, .T. ) ;
#7745 = VERTEX_POINT ( 'NONE', #6723 ) ;
#7746 = DIRECTION ( 'NONE',  ( 0.000000000000000000, 0.000000000000000000, -1.000000000000000000 ) ) ;
#7747 = CARTESIAN_POINT ( 'NONE',  ( -35.00000000000000000, 1.699999999999999956, 1.500000000000000000 ) ) ;
#7748 = DIRECTION ( 'NONE',  ( -1.000000000000000000, 0.000000000000000000, 0.000000000000000000 ) ) ;
#7749 = EDGE_CURVE ( 'NONE', #6034, #4915, #6155, .T. ) ;
#7750 = ORIENTED_EDGE ( 'NONE', *, *, #5529, .F. ) ;
#7751 = ORIENTED_EDGE ( 'NONE', *, *, #1460, .T. ) ;
#7752 = CARTESIAN_POINT ( 'NONE',  ( -82.95000000000000284, -6.000000000000000000, 10.25000000000000000 ) ) ;
#7753 = CARTESIAN_POINT ( 'NONE',  ( 38.99999999999999289, 0.5000000000000073275, 9.828733969669862347 ) ) ;
#7754 = DIRECTION ( 'NONE',  ( 0.000000000000000000, 0.000000000000000000, -1.000000000000000000 ) ) ;
#7755 = ADVANCED_FACE ( 'NONE', ( #607, #4792 ), #574, .T. ) ;
#7756 = ADVANCED_FACE ( 'NONE', ( #444 ), #8874, .F. ) ;
#7757 = ORIENTED_EDGE ( 'NONE', *, *, #4315, .T. ) ;
#7758 = DIRECTION ( 'NONE',  ( 0.000000000000000000, 0.000000000000000000, -1.000000000000000000 ) ) ;
#7759 = EDGE_CURVE ( 'NONE', #6002, #8205, #5766, .T. ) ;
#7760 = EDGE_LOOP ( 'NONE', ( #5742, #6304, #4678, #6818 ) ) ;
#7761 = EDGE_CURVE ( 'NONE', #913, #8471, #5615, .T. ) ;
#7762 = CARTESIAN_POINT ( 'NONE',  ( -87.00000000000000000, 1.500000000000000000, 7.500000000000000000 ) ) ;
#7763 = CARTESIAN_POINT ( 'NONE',  ( 42.47865460874999854, 4.000000000000000000, -8.824518986904578810 ) ) ;
#7764 = FACE_OUTER_BOUND ( 'NONE', #4301, .T. ) ;
#7765 = ORIENTED_EDGE ( 'NONE', *, *, #8804, .T. ) ;
#7766 = FACE_OUTER_BOUND ( 'NONE', #4333, .T. ) ;
#7767 = CARTESIAN_POINT ( 'NONE',  ( -86.75000000000000000, 1.000000000000000000, 7.500000000000000000 ) ) ;
#7768 = CARTESIAN_POINT ( 'NONE',  ( 4.363982878898647222, 0.000000000000000000, 17.70446108531265139 ) ) ;
#7769 = DIRECTION ( 'NONE',  ( -1.000000000000000000, 0.000000000000000000, 0.000000000000000000 ) ) ;
#7770 = ORIENTED_EDGE ( 'NONE', *, *, #5288, .F. ) ;
#7771 = CARTESIAN_POINT ( 'NONE',  ( 49.00359067639819699, 11.86300482077907326, -3.366834046446752993 ) ) ;
#7772 = CARTESIAN_POINT ( 'NONE',  ( -7.500000000000000000, 6.447489024775965305, -53.00000000000000000 ) ) ;
#7773 = ORIENTED_EDGE ( 'NONE', *, *, #1082, .F. ) ;
#7774 = ADVANCED_FACE ( 'NONE', ( #8956 ), #4243, .F. ) ;
#7775 = CARTESIAN_POINT ( 'NONE',  ( -2.000000000000000000, 6.499999999999999112, -56.00000000000000000 ) ) ;
#7776 = EDGE_LOOP ( 'NONE', ( #1217, #536, #5001, #1877 ) ) ;
#7777 = CARTESIAN_POINT ( 'NONE',  ( 8.000000000000000000, 4.000000000000000000, 20.50000000000000000 ) ) ;
#7778 = CYLINDRICAL_SURFACE ( 'NONE', #4033, 2.000000000000001776 ) ;
#7779 = LINE ( 'NONE', #6402, #6202 ) ;
#7780 = VERTEX_POINT ( 'NONE', #7409 ) ;
#7781 = DIRECTION ( 'NONE',  ( 0.000000000000000000, 0.000000000000000000, -1.000000000000000000 ) ) ;
#7782 = ORIENTED_EDGE ( 'NONE', *, *, #2980, .T. ) ;
#7783 = EDGE_LOOP ( 'NONE', ( #5876, #7551, #4959, #5803 ) ) ;
#7784 = DIRECTION ( 'NONE',  ( -1.000000000000000000, 0.000000000000000000, 0.000000000000000000 ) ) ;
#7785 = ORIENTED_EDGE ( 'NONE', *, *, #2354, .F. ) ;
#7786 = DIRECTION ( 'NONE',  ( 0.000000000000000000, 0.000000000000000000, -1.000000000000000000 ) ) ;
#7787 = EDGE_CURVE ( 'NONE', #5021, #5436, #1135, .T. ) ;
#7788 = CARTESIAN_POINT ( 'NONE',  ( -65.00000000000000000, 52.50000000000000711, -2.000000000000000888 ) ) ;
#7789 = DIRECTION ( 'NONE',  ( 0.000000000000000000, -0.7071067811865574537, 0.7071067811865374697 ) ) ;
#7790 = EDGE_CURVE ( 'NONE', #7203, #2659, #8144, .T. ) ;
#7791 = VERTEX_POINT ( 'NONE', #7457 ) ;
#7792 = ORIENTED_EDGE ( 'NONE', *, *, #1747, .T. ) ;
#7793 = DIRECTION ( 'NONE',  ( 0.000000000000000000, 1.000000000000000000, 0.000000000000000000 ) ) ;
#7794 = CARTESIAN_POINT ( 'NONE',  ( 46.39512821937524478, 7.035533905933987420, 5.999999999999999112 ) ) ;
#7795 = DIRECTION ( 'NONE',  ( 0.000000000000000000, 0.000000000000000000, 1.000000000000000000 ) ) ;
#7796 = CARTESIAN_POINT ( 'NONE',  ( 4.968496221880972286, 4.387663054468238677, 53.48895515464356265 ) ) ;
#7797 = EDGE_CURVE ( 'NONE', #8190, #9062, #4665, .T. ) ;
#7798 = ADVANCED_FACE ( 'NONE', ( #5422 ), #8220, .F. ) ;
#7799 = ORIENTED_EDGE ( 'NONE', *, *, #2745, .T. ) ;
#7800 = CIRCLE ( 'NONE', #8821, 2.500000000000000444 ) ;
#7801 = EDGE_CURVE ( 'NONE', #5382, #4849, #4182, .T. ) ;
#7802 = EDGE_CURVE ( 'NONE', #3072, #8508, #6337, .T. ) ;
#7803 = VERTEX_POINT ( 'NONE', #4231 ) ;
#7804 = DIRECTION ( 'NONE',  ( 0.000000000000000000, 0.7071067811865574537, 0.7071067811865374697 ) ) ;
#7805 = LINE ( 'NONE', #7763, #826 ) ;
#7806 = CARTESIAN_POINT ( 'NONE',  ( -2.000000000000000000, 54.00000000000000711, -54.50000000000000000 ) ) ;
#7807 = VERTEX_POINT ( 'NONE', #2115 ) ;
#7808 = CARTESIAN_POINT ( 'NONE',  ( 8.000000000000000000, 0.4999999999999730216, 23.00000000000000000 ) ) ;
#7809 = CARTESIAN_POINT ( 'NONE',  ( 0.000000000000000000, 54.00000000000000711, -4.500000000000000888 ) ) ;
#7810 = AXIS2_PLACEMENT_3D ( 'NONE', #4166, #1973, #560 ) ;
#7811 = EDGE_CURVE ( 'NONE', #6074, #219, #9003, .T. ) ;
#7812 = AXIS2_PLACEMENT_3D ( 'NONE', #6833, #6872, #4208 ) ;
#7813 = PLANE ( 'NONE',  #6059 ) ;
#7814 = ORIENTED_EDGE ( 'NONE', *, *, #2326, .F. ) ;
#7815 = CARTESIAN_POINT ( 'NONE',  ( 0.2765637375876404125, 6.449489742758229838, 50.00000000000000000 ) ) ;
#7816 = CARTESIAN_POINT ( 'NONE',  ( -4.999999999999991118, 6.448309193054846844, 52.79743293652173719 ) ) ;
#7817 = AXIS2_PLACEMENT_3D ( 'NONE', #2052, #5533, #6175 ) ;
#7818 = VERTEX_POINT ( 'NONE', #2801 ) ;
#7819 = CIRCLE ( 'NONE', #7373, 46.50000000000000000 ) ;
#7820 = CARTESIAN_POINT ( 'NONE',  ( -5.616384920805930214, 0.5000000000000071054, -59.00000000000000000 ) ) ;
#7821 = VERTEX_POINT ( 'NONE', #654 ) ;
#7822 = DIRECTION ( 'NONE',  ( 1.000000000000000000, 0.000000000000000000, -0.000000000000000000 ) ) ;
#7823 = DIRECTION ( 'NONE',  ( 0.000000000000000000, 0.000000000000000000, -1.000000000000000000 ) ) ;
#7824 = CARTESIAN_POINT ( 'NONE',  ( -1.999999999999991340, 54.00000000000000711, 53.00000000000000711 ) ) ;
#7825 = CIRCLE ( 'NONE', #3282, 3.750000000000000888 ) ;
#7826 = AXIS2_PLACEMENT_3D ( 'NONE', #6414, #2924, #5711 ) ;
#7827 = ORIENTED_EDGE ( 'NONE', *, *, #6576, .T. ) ;
#7828 = PLANE ( 'NONE',  #1091 ) ;
#7829 = VERTEX_POINT ( 'NONE', #3495 ) ;
#7830 = AXIS2_PLACEMENT_3D ( 'NONE', #7447, #8129, #8725 ) ;
#7831 = VECTOR ( 'NONE', #5463, 1000.000000000000000 ) ;
#7832 = AXIS2_PLACEMENT_3D ( 'NONE', #8271, #2570, #4549 ) ;
#7833 = EDGE_LOOP ( 'NONE', ( #6946, #6684, #3637, #7941 ) ) ;
#7834 = FACE_OUTER_BOUND ( 'NONE', #3660, .T. ) ;
#7835 = ORIENTED_EDGE ( 'NONE', *, *, #4712, .F. ) ;
#7836 = CARTESIAN_POINT ( 'NONE',  ( 44.00000000000000000, 5.267766952966375094, 6.732233047033618689 ) ) ;
#7837 = CARTESIAN_POINT ( 'NONE',  ( -24.77192307692305207, 1.000000000000000000, -31.84961538461535113 ) ) ;
#7838 = CARTESIAN_POINT ( 'NONE',  ( 0.000000000000000000, 4.000000000000000000, -45.00000000000000000 ) ) ;
#7839 = CIRCLE ( 'NONE', #4028, 3.000000000000000000 ) ;
#7840 = ORIENTED_EDGE ( 'NONE', *, *, #1013, .F. ) ;
#7841 = EDGE_CURVE ( 'NONE', #818, #8183, #4925, .T. ) ;
#7842 = VERTEX_POINT ( 'NONE', #709 ) ;
#7843 = ORIENTED_EDGE ( 'NONE', *, *, #8343, .T. ) ;
#7844 = CONICAL_SURFACE ( 'NONE', #3894, 2.500000000000000444, 0.4636476090008060935 ) ;
#7845 = CARTESIAN_POINT ( 'NONE',  ( -1.999999999999991340, 4.000000000000000000, 53.00000000000000711 ) ) ;
#7846 = CARTESIAN_POINT ( 'NONE',  ( 47.85326646087901992, 8.150274115373417061, 5.391959885759594506 ) ) ;
#7847 = AXIS2_PLACEMENT_3D ( 'NONE', #5461, #3927, #8089 ) ;
#7848 = LINE ( 'NONE', #774, #4430 ) ;
#7849 = CARTESIAN_POINT ( 'NONE',  ( 48.99999999999999289, 12.53553390593281591, -3.000000000000000888 ) ) ;
#7850 = ORIENTED_EDGE ( 'NONE', *, *, #5773, .F. ) ;
#7851 = DIRECTION ( 'NONE',  ( 0.000000000000000000, -1.000000000000000000, 0.000000000000000000 ) ) ;
#7852 = ORIENTED_EDGE ( 'NONE', *, *, #2284, .F. ) ;
#7853 = EDGE_CURVE ( 'NONE', #742, #3177, #8122, .T. ) ;
#7854 = EDGE_CURVE ( 'NONE', #8889, #6703, #108, .T. ) ;
#7855 = DIRECTION ( 'NONE',  ( 0.000000000000000000, -0.000000000000000000, -1.000000000000000000 ) ) ;
#7856 = ADVANCED_FACE ( 'NONE', ( #5515 ), #1339, .T. ) ;
#7857 = DIRECTION ( 'NONE',  ( 0.000000000000000000, -1.000000000000000000, 0.000000000000000000 ) ) ;
#7858 = FACE_OUTER_BOUND ( 'NONE', #3858, .T. ) ;
#7859 = VERTEX_POINT ( 'NONE', #5691 ) ;
#7860 = DIRECTION ( 'NONE',  ( 0.000000000000000000, 0.000000000000000000, -1.000000000000000000 ) ) ;
#7861 = FACE_OUTER_BOUND ( 'NONE', #2483, .T. ) ;
#7862 = EDGE_CURVE ( 'NONE', #3575, #3471, #2902, .T. ) ;
#7863 = AXIS2_PLACEMENT_3D ( 'NONE', #4081, #6046, #6140 ) ;
#7864 = AXIS2_PLACEMENT_3D ( 'NONE', #6972, #42, #5632 ) ;
#7866 = EDGE_CURVE ( 'NONE', #7092, #2770, #3297, .T. ) ;
#7865 = CARTESIAN_POINT ( 'NONE',  ( -87.00000000000000000, 1.000000000000000000, 12.55000000000000071 ) ) ;
#7867 = VERTEX_POINT ( 'NONE', #1522 ) ;
#7868 = CARTESIAN_POINT ( 'NONE',  ( 48.99999999999999289, 6.157994724319954649, 5.842005275680059562 ) ) ;
#7869 = MANIFOLD_SOLID_BREP ( '____6', #4483 ) ;
#7870 = EDGE_CURVE ( 'NONE', #4477, #104, #8354, .T. ) ;
#7871 = DIRECTION ( 'NONE',  ( 0.000000000000000000, 0.000000000000000000, -1.000000000000000000 ) ) ;
#7872 = AXIS2_PLACEMENT_3D ( 'NONE', #2994, #5098, #1654 ) ;
#7873 = ORIENTED_EDGE ( 'NONE', *, *, #8188, .F. ) ;
#7874 = DIRECTION ( 'NONE',  ( 1.000000000000000000, 0.000000000000000000, 0.000000000000000000 ) ) ;
#7875 = VERTEX_POINT ( 'NONE', #4830 ) ;
#7876 = CARTESIAN_POINT ( 'NONE',  ( -53.48771061000000060, 3.500000000000000000, -53.48771061000000060 ) ) ;
#7877 = FACE_OUTER_BOUND ( 'NONE', #8570, .T. ) ;
#7878 = CARTESIAN_POINT ( 'NONE',  ( 40.99999999999999289, 54.00000000000000711, 6.000000000000000000 ) ) ;
#7879 = ADVANCED_FACE ( 'NONE', ( #6937 ), #6419, .F. ) ;
#7880 = CIRCLE ( 'NONE', #2882, 1.500000000000001332 ) ;
#7881 = ORIENTED_EDGE ( 'NONE', *, *, #8417, .T. ) ;
#7882 = DIRECTION ( 'NONE',  ( 0.000000000000000000, -1.000000000000000000, 0.000000000000000000 ) ) ;
#7883 = ORIENTED_EDGE ( 'NONE', *, *, #19, .T. ) ;
#7884 = EDGE_CURVE ( 'NONE', #6171, #2372, #2562, .T. ) ;
#7885 = EDGE_CURVE ( 'NONE', #1300, #7807, #806, .T. ) ;
#7886 = AXIS2_PLACEMENT_3D ( 'NONE', #2793, #7114, #192 ) ;
#7887 = ORIENTED_EDGE ( 'NONE', *, *, #3095, .F. ) ;
#7888 = CARTESIAN_POINT ( 'NONE',  ( 44.00000000000000000, 7.035533905932735088, -6.000000000000000000 ) ) ;
#7889 = EDGE_LOOP ( 'NONE', ( #3514, #3623, #1170, #1737 ) ) ;
#7890 = LINE ( 'NONE', #4984, #7523 ) ;
#7891 = CARTESIAN_POINT ( 'NONE',  ( -65.00000000000000000, 54.00000000000000711, 3.499999999999999112 ) ) ;
#7892 = DIRECTION ( 'NONE',  ( 0.1692299598466582289, -0.7071067811865564545, 0.6865575144809689112 ) ) ;
#7893 = ORIENTED_EDGE ( 'NONE', *, *, #4834, .F. ) ;
#7894 = ORIENTED_EDGE ( 'NONE', *, *, #962, .T. ) ;
#7895 = ADVANCED_FACE ( 'NONE', ( #6040 ), #1434, .F. ) ;
#7896 = ORIENTED_EDGE ( 'NONE', *, *, #4543, .T. ) ;
#7897 = DIRECTION ( 'NONE',  ( 0.000000000000000000, 0.000000000000000000, 1.000000000000000000 ) ) ;
#7898 = CARTESIAN_POINT ( 'NONE',  ( 49.31802322191889232, 9.666607505183637983, 2.333392494817519314 ) ) ;
#7899 = CARTESIAN_POINT ( 'NONE',  ( -20.00000000000000000, 0.4999999999999730216, 6.000000000000000000 ) ) ;
#7900 = CARTESIAN_POINT ( 'NONE',  ( 5.000000000000007105, 6.446635267733078933, 53.21086274685245598 ) ) ;
#7901 = ORIENTED_EDGE ( 'NONE', *, *, #455, .F. ) ;
#7902 = CARTESIAN_POINT ( 'NONE',  ( 20.00000000000000000, 0.4999999999999730216, -6.000000000000000000 ) ) ;
#7903 = ORIENTED_EDGE ( 'NONE', *, *, #3674, .F. ) ;
#7904 = CARTESIAN_POINT ( 'NONE',  ( 42.32451751481466573, 4.144043078736335595, -8.199192477358343112 ) ) ;
#7905 = CARTESIAN_POINT ( 'NONE',  ( -87.00000000000000000, 4.000000000000000000, -4.024558464266194983E-13 ) ) ;
#7906 = ORIENTED_EDGE ( 'NONE', *, *, #7061, .F. ) ;
#7907 = DIRECTION ( 'NONE',  ( 0.000000000000000000, 0.000000000000000000, -1.000000000000000000 ) ) ;
#7908 = CARTESIAN_POINT ( 'NONE',  ( 35.00000000000000000, 4.000000000000000000, 3.000000000000000000 ) ) ;
#7909 = CARTESIAN_POINT ( 'NONE',  ( 0.000000000000000000, 1.000000000000000000, -13.54999999999999893 ) ) ;
#7910 = ORIENTED_EDGE ( 'NONE', *, *, #6322, .F. ) ;
#7911 = CARTESIAN_POINT ( 'NONE',  ( -1.658312395177696352, 6.499999999999999112, -50.00000000000000000 ) ) ;
#7912 = ADVANCED_FACE ( 'NONE', ( #6005 ), #1017, .T. ) ;
#7913 = CARTESIAN_POINT ( 'NONE',  ( -2.000000000000000000, 54.00000000000000711, -56.00000000000000000 ) ) ;
#7914 = CARTESIAN_POINT ( 'NONE',  ( 44.00000000000000000, 52.50000000000000711, -3.000000000000000888 ) ) ;
#7915 = CARTESIAN_POINT ( 'NONE',  ( 38.99999999999999289, 3.666614832729872653, 9.653185138813972443 ) ) ;
#7916 = VERTEX_POINT ( 'NONE', #7382 ) ;
#7917 = DIRECTION ( 'NONE',  ( -1.000000000000000000, -0.000000000000000000, -0.000000000000000000 ) ) ;
#7918 = CARTESIAN_POINT ( 'NONE',  ( -20.00000000000000000, 10.00000000000000000, -6.000000000000000000 ) ) ;
#7919 = CARTESIAN_POINT ( 'NONE',  ( -0.5529580161480690537, 6.460179911471815473, 50.00000000000000711 ) ) ;
#7920 = DIRECTION ( 'NONE',  ( 0.000000000000000000, -1.000000000000000000, 0.000000000000000000 ) ) ;
#7921 = EDGE_LOOP ( 'NONE', ( #2574, #1317, #1891, #7086 ) ) ;
#7922 = VERTEX_POINT ( 'NONE', #6648 ) ;
#7923 = CYLINDRICAL_SURFACE ( 'NONE', #3393, 2.000000000000001776 ) ;
#7924 = ORIENTED_EDGE ( 'NONE', *, *, #6878, .F. ) ;
#7925 = CARTESIAN_POINT ( 'NONE',  ( -4.968496221880637442, 4.387663054467580537, 53.48895515464484873 ) ) ;
#7926 = CARTESIAN_POINT ( 'NONE',  ( 39.73197684757726478, 4.731976847577258560, 0.1534568011605601245 ) ) ;
#7927 = EDGE_CURVE ( 'NONE', #4196, #1591, #7543, .T. ) ;
#7928 = CARTESIAN_POINT ( 'NONE',  ( 45.99999999999999289, 7.035533905932730647, -8.500000000000000000 ) ) ;
#7929 = ORIENTED_EDGE ( 'NONE', *, *, #61, .F. ) ;
#7930 = VERTEX_POINT ( 'NONE', #2945 ) ;
#7931 = ORIENTED_EDGE ( 'NONE', *, *, #4716, .T. ) ;
#7932 = CARTESIAN_POINT ( 'NONE',  ( -4.999999999999998224, 6.448309732394840843, -52.79729972907856705 ) ) ;
#7933 = DIRECTION ( 'NONE',  ( 0.000000000000000000, 0.000000000000000000, -1.000000000000000000 ) ) ;
#7934 = CARTESIAN_POINT ( 'NONE',  ( 41.23717880289215998, 6.237178802892168861, 5.762821197107842686 ) ) ;
#7935 = DIRECTION ( 'NONE',  ( 0.000000000000000000, -1.000000000000000000, 0.000000000000000000 ) ) ;
#7936 = ORIENTED_EDGE ( 'NONE', *, *, #6233, .T. ) ;
#7937 = CARTESIAN_POINT ( 'NONE',  ( 5.250000000000000000, 2.399999999999999911, -33.89999999999999858 ) ) ;
#7938 = ORIENTED_EDGE ( 'NONE', *, *, #8804, .F. ) ;
#7939 = CARTESIAN_POINT ( 'NONE',  ( 1.609367930504009954E-14, 0.000000000000000000, -27.83212343854039972 ) ) ;
#7940 = FACE_OUTER_BOUND ( 'NONE', #24, .T. ) ;
#7941 = ORIENTED_EDGE ( 'NONE', *, *, #7790, .F. ) ;
#7942 = DIRECTION ( 'NONE',  ( 0.000000000000000000, -1.000000000000000000, 0.000000000000000000 ) ) ;
#7943 = CARTESIAN_POINT ( 'NONE',  ( 44.00000000000000000, 54.00000000000000711, -3.000000000000000888 ) ) ;
#7944 = DIRECTION ( 'NONE',  ( 0.000000000000000000, -1.000000000000000000, 0.000000000000000000 ) ) ;
#7945 = CIRCLE ( 'NONE', #187, 3.000000000000000000 ) ;
#7946 = VERTEX_POINT ( 'NONE', #370 ) ;
#7947 = DIRECTION ( 'NONE',  ( -0.000000000000000000, -0.000000000000000000, 1.000000000000000000 ) ) ;
#7948 = AXIS2_PLACEMENT_3D ( 'NONE', #1362, #79, #723 ) ;
#7949 = CARTESIAN_POINT ( 'NONE',  ( 10.00000000000000000, 4.000000000000000000, -33.89999999999999858 ) ) ;
#7950 = ADVANCED_FACE ( 'NONE', ( #2563 ), #5963, .F. ) ;
#7951 = CARTESIAN_POINT ( 'NONE',  ( -82.95000000000000284, -6.000000000000000000, -9.000000000000000000 ) ) ;
#7952 = VECTOR ( 'NONE', #4042, 1000.000000000000114 ) ;
#7953 = CARTESIAN_POINT ( 'NONE',  ( -68.00000000000000000, 6.499999999999999112, 1.999999999999999112 ) ) ;
#7954 = VERTEX_POINT ( 'NONE', #5363 ) ;
#7955 = AXIS2_PLACEMENT_3D ( 'NONE', #1196, #7385, #2482 ) ;
#7956 = CARTESIAN_POINT ( 'NONE',  ( 41.50617190359022146, 4.054114498254855370, 8.499725878679159408 ) ) ;
#7957 = DIRECTION ( 'NONE',  ( 0.000000000000000000, -1.000000000000000000, 0.000000000000000000 ) ) ;
#7958 = CARTESIAN_POINT ( 'NONE',  ( 5.616384920805909786, 0.5000000000000071054, 59.00000000000000000 ) ) ;
#7959 = VECTOR ( 'NONE', #4584, 1000.000000000000114 ) ;
#7960 = CARTESIAN_POINT ( 'NONE',  ( -82.95000000000000284, 4.000000000000000000, -7.750000000000000000 ) ) ;
#7961 = AXIS2_PLACEMENT_3D ( 'NONE', #5117, #1488, #124 ) ;
#7962 = ORIENTED_EDGE ( 'NONE', *, *, #7686, .T. ) ;
#7963 = EDGE_CURVE ( 'NONE', #5721, #4232, #8167, .T. ) ;
#7964 = ORIENTED_EDGE ( 'NONE', *, *, #2919, .F. ) ;
#7965 = EDGE_CURVE ( 'NONE', #1358, #7099, #155, .T. ) ;
#7966 = AXIS2_PLACEMENT_3D ( 'NONE', #1146, #4675, #4068 ) ;
#7967 = CARTESIAN_POINT ( 'NONE',  ( -5.000000000000000000, 6.499999999999999112, -50.00000000000000000 ) ) ;
#7968 = ORIENTED_EDGE ( 'NONE', *, *, #158, .F. ) ;
#7969 = AXIS2_PLACEMENT_3D ( 'NONE', #6760, #1177, #3973 ) ;
#7970 = CARTESIAN_POINT ( 'NONE',  ( -35.00000000000000000, 1.699999999999999956, -1.500000000000000000 ) ) ;
#7971 = EDGE_CURVE ( 'NONE', #3729, #219, #8863, .T. ) ;
#7972 = DIRECTION ( 'NONE',  ( 0.000000000000000000, -1.000000000000000000, 0.000000000000000000 ) ) ;
#7973 = EDGE_CURVE ( 'NONE', #3355, #729, #6520, .T. ) ;
#7974 = DIRECTION ( 'NONE',  ( 0.000000000000000000, 1.000000000000000000, 0.000000000000000000 ) ) ;
#7975 = AXIS2_PLACEMENT_3D ( 'NONE', #5142, #8448, #1613 ) ;
#7976 = ORIENTED_EDGE ( 'NONE', *, *, #7230, .F. ) ;
#7977 = VECTOR ( 'NONE', #56, 1000.000000000000000 ) ;
#7978 = AXIS2_PLACEMENT_3D ( 'NONE', #688, #4082, #2784 ) ;
#7979 = EDGE_LOOP ( 'NONE', ( #18, #8168, #6103, #6954 ) ) ;
#7980 = AXIS2_PLACEMENT_3D ( 'NONE', #4600, #2623, #3964 ) ;
#7981 = EDGE_LOOP ( 'NONE', ( #4994, #2444, #1076, #1649 ) ) ;
#7982 = DIRECTION ( 'NONE',  ( -0.000000000000000000, 1.000000000000000000, 0.000000000000000000 ) ) ;
#7983 = DIRECTION ( 'NONE',  ( 0.000000000000000000, 1.000000000000000000, 0.000000000000000000 ) ) ;
#7984 = FACE_OUTER_BOUND ( 'NONE', #7599, .T. ) ;
#7985 = CARTESIAN_POINT ( 'NONE',  ( 5.000000000000007994, 6.447489024775967081, 53.00000000000000711 ) ) ;
#7986 = AXIS2_PLACEMENT_3D ( 'NONE', #6764, #3287, #2414 ) ;
#7987 = CARTESIAN_POINT ( 'NONE',  ( 4.840658366811748436, 6.499999988902025017, 52.01420465676834937 ) ) ;
#7988 = CIRCLE ( 'NONE', #371, 3.000000000000000000 ) ;
#7989 = VERTEX_POINT ( 'NONE', #5487 ) ;
#7990 = CARTESIAN_POINT ( 'NONE',  ( -82.15000000000000568, 4.000000000000000000, -4.500000000000000000 ) ) ;
#7991 = ORIENTED_EDGE ( 'NONE', *, *, #1343, .F. ) ;
#7992 = VECTOR ( 'NONE', #478, 1000.000000000000000 ) ;
#7993 = LINE ( 'NONE', #6571, #3908 ) ;
#7994 = CARTESIAN_POINT ( 'NONE',  ( -20.00000000000000000, 3.500000000000000000, -6.000000000000000000 ) ) ;
#7995 = AXIS2_PLACEMENT_3D ( 'NONE', #3924, #438, #3488 ) ;
#7996 = VERTEX_POINT ( 'NONE', #1959 ) ;
#7997 = CARTESIAN_POINT ( 'NONE',  ( -62.00000000000000000, 52.50000000000000711, -2.000000000000000888 ) ) ;
#7998 = DIRECTION ( 'NONE',  ( 0.000000000000000000, -1.000000000000000000, 0.000000000000000000 ) ) ;
#7999 = VERTEX_POINT ( 'NONE', #2011 ) ;
#8000 = CARTESIAN_POINT ( 'NONE',  ( -91.83080728388220848, 0.000000000000000000, -27.18073553764855177 ) ) ;
#8001 = VECTOR ( 'NONE', #2304, 1000.000000000000000 ) ;
#8002 = CARTESIAN_POINT ( 'NONE',  ( 1.836970198721040288E-16, 1.699999999999999956, 43.50000000000000000 ) ) ;
#8003 = DIRECTION ( 'NONE',  ( 0.000000000000000000, -1.000000000000000000, 0.000000000000000000 ) ) ;
#8004 = EDGE_CURVE ( 'NONE', #2227, #5159, #5439, .T. ) ;
#8005 = CARTESIAN_POINT ( 'NONE',  ( 6.986180380252600131, 4.000000000029879210, -53.38543574640141287 ) ) ;
#8006 = AXIS2_PLACEMENT_3D ( 'NONE', #3263, #5283, #3998 ) ;
#8007 = VERTEX_POINT ( 'NONE', #8244 ) ;
#8008 = CARTESIAN_POINT ( 'NONE',  ( -10.00000000000000178, 2.399999999999999911, -32.39999999999999858 ) ) ;
#8009 = CARTESIAN_POINT ( 'NONE',  ( -5.616384920805930214, 4.000000000000000000, -57.00000000000000000 ) ) ;
#8010 = CARTESIAN_POINT ( 'NONE',  ( 0.000000000000000000, 4.000000000000000000, -45.00000000000000000 ) ) ;
#8011 = EDGE_CURVE ( 'NONE', #8805, #2219, #590, .T. ) ;
#8013 = CARTESIAN_POINT ( 'NONE',  ( -8.000000000000000000, -4.200000000000000178, -30.45000000000000284 ) ) ;
#8012 = CIRCLE ( 'NONE', #541, 46.50000000000002842 ) ;
#8014 = CIRCLE ( 'NONE', #3044, 46.50000000000000000 ) ;
#8015 = ORIENTED_EDGE ( 'NONE', *, *, #902, .F. ) ;
#8016 = DIRECTION ( 'NONE',  ( 0.000000000000000000, 1.000000000000000000, 0.000000000000000000 ) ) ;
#8017 = ORIENTED_EDGE ( 'NONE', *, *, #4503, .T. ) ;
#8018 = DIRECTION ( 'NONE',  ( 1.000000000000000000, 0.000000000000000000, -6.938893903907230350E-16 ) ) ;
#8019 = ORIENTED_EDGE ( 'NONE', *, *, #1186, .T. ) ;
#8020 = CARTESIAN_POINT ( 'NONE',  ( -10.00000000000000000, 4.000000000000000000, -33.89999999999999858 ) ) ;
#8021 = LINE ( 'NONE', #7237, #2835 ) ;
#8022 = DIRECTION ( 'NONE',  ( 0.000000000000000000, 1.000000000000000000, 0.000000000000000000 ) ) ;
#8023 = ADVANCED_FACE ( 'NONE', ( #2694 ), #7518, .F. ) ;
#8024 = EDGE_CURVE ( 'NONE', #612, #4946, #4766, .T. ) ;
#8025 = ORIENTED_EDGE ( 'NONE', *, *, #2134, .T. ) ;
#8026 = AXIS2_PLACEMENT_3D ( 'NONE', #2442, #5828, #4504 ) ;
#8027 = EDGE_LOOP ( 'NONE', ( #7125, #7697, #5077, #178 ) ) ;
#8028 = CIRCLE ( 'NONE', #6713, 1.500000000000000000 ) ;
#8029 = VERTEX_POINT ( 'NONE', #1280 ) ;
#8030 = PLANE ( 'NONE',  #2447 ) ;
#8031 = CARTESIAN_POINT ( 'NONE',  ( 35.00000000000000000, 4.000000000000000000, 0.000000000000000000 ) ) ;
#8032 = CARTESIAN_POINT ( 'NONE',  ( 7.611023491189000900, 3.500000000000000000, 56.85365460874999854 ) ) ;
#8033 = DIRECTION ( 'NONE',  ( 0.000000000000000000, 0.000000000000000000, 1.000000000000000000 ) ) ;
#8034 = EDGE_LOOP ( 'NONE', ( #6248, #4845, #7186, #3900, #8498 ) ) ;
#8035 = FACE_OUTER_BOUND ( 'NONE', #7783, .T. ) ;
#8036 = ORIENTED_EDGE ( 'NONE', *, *, #7797, .T. ) ;
#8037 = DIRECTION ( 'NONE',  ( 0.000000000000000000, -1.000000000000000000, 0.000000000000000000 ) ) ;
#8038 = DIRECTION ( 'NONE',  ( 0.000000000000000000, 1.000000000000000000, 0.000000000000000000 ) ) ;
#8039 = ADVANCED_FACE ( 'NONE', ( #6135 ), #6955, .F. ) ;
#8040 = EDGE_LOOP ( 'NONE', ( #1480, #8075, #7850, #6270 ) ) ;
#8041 = CARTESIAN_POINT ( 'NONE',  ( 0.000000000000000000, 4.000000000000000000, -45.00000000000000000 ) ) ;
#8042 = DIRECTION ( 'NONE',  ( -1.000000000000000000, 0.000000000000000000, -0.000000000000000000 ) ) ;
#8043 = DIRECTION ( 'NONE',  ( 0.000000000000000000, 0.000000000000000000, -1.000000000000000000 ) ) ;
#8044 = ORIENTED_EDGE ( 'NONE', *, *, #158, .T. ) ;
#8045 = DIRECTION ( 'NONE',  ( 0.000000000000000000, 1.000000000000000000, 0.000000000000000000 ) ) ;
#8046 = EDGE_CURVE ( 'NONE', #656, #5480, #7612, .T. ) ;
#8047 = LINE ( 'NONE', #7913, #5977 ) ;
#8048 = DIRECTION ( 'NONE',  ( 0.000000000000000000, 0.000000000000000000, -1.000000000000000000 ) ) ;
#8049 = CARTESIAN_POINT ( 'NONE',  ( 6.990325341823560912, 3.999999999999998224, -52.99459477901502424 ) ) ;
#8050 = ORIENTED_EDGE ( 'NONE', *, *, #2474, .F. ) ;
#8051 = PLANE ( 'NONE',  #3305 ) ;
#8052 = DIRECTION ( 'NONE',  ( 0.000000000000000000, -1.000000000000000000, 0.000000000000000000 ) ) ;
#8053 = CARTESIAN_POINT ( 'NONE',  ( -7.112363848593230564, 4.000000000000000000, 56.89024095656250068 ) ) ;
#8054 = CARTESIAN_POINT ( 'NONE',  ( 42.14694848214817569, 8.149876321595257878, -5.392176864183768181 ) ) ;
#8055 = ORIENTED_EDGE ( 'NONE', *, *, #5838, .T. ) ;
#8056 = CARTESIAN_POINT ( 'NONE',  ( -65.00000000000000000, 54.00000000000000711, -3.500000000000000888 ) ) ;
#8057 = EDGE_LOOP ( 'NONE', ( #8735, #2437, #5724, #3882 ) ) ;
#8058 = CARTESIAN_POINT ( 'NONE',  ( -83.75000000000000000, 4.000000000000000000, -4.500000000000000000 ) ) ;
#8059 = ORIENTED_EDGE ( 'NONE', *, *, #618, .T. ) ;
#8060 = FACE_BOUND ( 'NONE', #3288, .T. ) ;
#8061 = CARTESIAN_POINT ( 'NONE',  ( -94.80305753050039641, 4.000000000000000000, -16.31905027042935075 ) ) ;
#8062 = CARTESIAN_POINT ( 'NONE',  ( -7.043641827550126244, 4.000000000000000000, 51.18343147248445035 ) ) ;
#8063 = EDGE_LOOP ( 'NONE', ( #3299, #3611, #4528, #7740 ) ) ;
#8064 = ORIENTED_EDGE ( 'NONE', *, *, #7971, .F. ) ;
#8065 = VERTEX_POINT ( 'NONE', #8894 ) ;
#8066 = CARTESIAN_POINT ( 'NONE',  ( -10.00000000000000000, 2.399999999999999911, -28.49999999999999645 ) ) ;
#8067 = DIRECTION ( 'NONE',  ( 0.000000000000000000, 1.000000000000000000, 0.000000000000000000 ) ) ;
#8068 = CARTESIAN_POINT ( 'NONE',  ( 5.000000000000008882, 6.448307102999476292, 52.79794915917246811 ) ) ;
#8069 = ORIENTED_EDGE ( 'NONE', *, *, #3940, .T. ) ;
#8070 = CARTESIAN_POINT ( 'NONE',  ( -4.999999999999991118, 6.447489024775967081, 53.00000000000000000 ) ) ;
#8071 = VERTEX_POINT ( 'NONE', #5404 ) ;
#8072 = CARTESIAN_POINT ( 'NONE',  ( -4.738688829644933875, 6.499999999999999112, -54.22457482187821398 ) ) ;
#8073 = DIRECTION ( 'NONE',  ( 0.000000000000000000, -1.000000000000000000, 0.000000000000000000 ) ) ;
#8074 = ADVANCED_FACE ( 'NONE', ( #6176 ), #1321, .T. ) ;
#8075 = ORIENTED_EDGE ( 'NONE', *, *, #8637, .T. ) ;
#8076 = CARTESIAN_POINT ( 'NONE',  ( -3.626370950603014686E-14, 4.000000000000000000, 7.750000000000399680 ) ) ;
#8077 = ADVANCED_FACE ( 'NONE', ( #3988 ), #6779, .T. ) ;
#8078 = CARTESIAN_POINT ( 'NONE',  ( 43.47340688922121643, 6.150170507291036870, 5.849829492708971124 ) ) ;
#8079 = DIRECTION ( 'NONE',  ( 0.000000000000000000, 1.000000000000000000, 0.000000000000000000 ) ) ;
#8080 = EDGE_CURVE ( 'NONE', #2365, #5368, #522, .T. ) ;
#8081 = ORIENTED_EDGE ( 'NONE', *, *, #5269, .F. ) ;
#8082 = CARTESIAN_POINT ( 'NONE',  ( 40.99999999999999289, 52.50000000000000711, -6.000000000000000000 ) ) ;
#8083 = EDGE_CURVE ( 'NONE', #5786, #6592, #4672, .T. ) ;
#8084 = ORIENTED_EDGE ( 'NONE', *, *, #7854, .F. ) ;
#8085 = DIRECTION ( 'NONE',  ( 0.000000000000000000, 1.000000000000000000, 0.000000000000000000 ) ) ;
#8086 = FACE_OUTER_BOUND ( 'NONE', #1449, .T. ) ;
#8087 = EDGE_CURVE ( 'NONE', #8616, #1930, #1216, .T. ) ;
#8088 = ORIENTED_EDGE ( 'NONE', *, *, #6891, .T. ) ;
#8089 = DIRECTION ( 'NONE',  ( 0.000000000000000000, 0.000000000000000000, 1.000000000000000000 ) ) ;
#8090 = VECTOR ( 'NONE', #2006, 1000.000000000000114 ) ;
#8091 = FACE_OUTER_BOUND ( 'NONE', #6505, .T. ) ;
#8092 = CARTESIAN_POINT ( 'NONE',  ( 48.99999999999999289, 52.50000000000000711, 6.000000000000000000 ) ) ;
#8093 = CARTESIAN_POINT ( 'NONE',  ( 8.000000000000000000, 3.500000000000000000, 23.00000000000000000 ) ) ;
#8094 = ORIENTED_EDGE ( 'NONE', *, *, #7193, .F. ) ;
#8095 = AXIS2_PLACEMENT_3D ( 'NONE', #8628, #2899, #7860 ) ;
#8096 = CIRCLE ( 'NONE', #7955, 46.00000000000000000 ) ;
#8097 = DIRECTION ( 'NONE',  ( 0.000000000000000000, 0.000000000000000000, -1.000000000000000000 ) ) ;
#8098 = ORIENTED_EDGE ( 'NONE', *, *, #2800, .F. ) ;
#8099 = CYLINDRICAL_SURFACE ( 'NONE', #4130, 1.249999999999999334 ) ;
#8100 = VERTEX_POINT ( 'NONE', #8689 ) ;
#8101 = FACE_OUTER_BOUND ( 'NONE', #4586, .T. ) ;
#8102 = CARTESIAN_POINT ( 'NONE',  ( 5.616384920805909786, 0.5000000000000071054, 59.00000000000000000 ) ) ;
#8103 = AXIS2_PLACEMENT_3D ( 'NONE', #7106, #8378, #2235 ) ;
#8104 = AXIS2_PLACEMENT_3D ( 'NONE', #9016, #5477, #4840 ) ;
#8105 = CARTESIAN_POINT ( 'NONE',  ( -7.027533477553882690, 4.000000000032551739, 51.53049368959296572 ) ) ;
#8106 = ORIENTED_EDGE ( 'NONE', *, *, #3981, .T. ) ;
#8107 = VERTEX_POINT ( 'NONE', #3933 ) ;
#8108 = AXIS2_PLACEMENT_3D ( 'NONE', #4979, #7920, #7085 ) ;
#8109 = ORIENTED_EDGE ( 'NONE', *, *, #1810, .F. ) ;
#8110 = CARTESIAN_POINT ( 'NONE',  ( -78.89999999999999147, 4.000000000000000000, -4.499999999999949374 ) ) ;
#8111 = LINE ( 'NONE', #2479, #7959 ) ;
#8112 = CARTESIAN_POINT ( 'NONE',  ( 6.990325341823533378, 4.000000000000000000, 52.99459477901501003 ) ) ;
#8113 = AXIS2_PLACEMENT_3D ( 'NONE', #2499, #6114, #8916 ) ;
#8114 = VECTOR ( 'NONE', #6553, 1000.000000000000114 ) ;
#8115 = ORIENTED_EDGE ( 'NONE', *, *, #1779, .F. ) ;
#8116 = PLANE ( 'NONE',  #6334 ) ;
#8117 = EDGE_CURVE ( 'NONE', #5119, #2429, #5526, .T. ) ;
#8118 = AXIS2_PLACEMENT_3D ( 'NONE', #8856, #8038, #1162 ) ;
#8119 = ORIENTED_EDGE ( 'NONE', *, *, #1775, .T. ) ;
#8120 = UNCERTAINTY_MEASURE_WITH_UNIT (LENGTH_MEASURE( 1.000000000000000082E-05 ), #1393, 'distance_accuracy_value', 'NONE');
#8121 = VECTOR ( 'NONE', #6936, 1000.000000000000000 ) ;
#8122 = CIRCLE ( 'NONE', #3147, 1.500000000000001332 ) ;
#8123 = DIRECTION ( 'NONE',  ( 0.000000000000000000, 0.000000000000000000, 1.000000000000000000 ) ) ;
#8124 = DIRECTION ( 'NONE',  ( 1.000000000000000000, 0.000000000000000000, -0.000000000000000000 ) ) ;
#8125 = ORIENTED_EDGE ( 'NONE', *, *, #4313, .F. ) ;
#8126 = AXIS2_PLACEMENT_3D ( 'NONE', #2058, #4214, #1244 ) ;
#8127 = CARTESIAN_POINT ( 'NONE',  ( -0.3228909460133563281, 4.408248290618207221, -49.99999999999904077 ) ) ;
#8128 = DIRECTION ( 'NONE',  ( 0.000000000000000000, 0.000000000000000000, 1.000000000000000000 ) ) ;
#8129 = DIRECTION ( 'NONE',  ( 1.000000000000000000, 0.000000000000000000, 0.000000000000000000 ) ) ;
#8130 = EDGE_LOOP ( 'NONE', ( #6345, #7894, #872, #7903 ) ) ;
#8131 = DIRECTION ( 'NONE',  ( 0.000000000000000000, 0.000000000000000000, -1.000000000000000000 ) ) ;
#8132 = ADVANCED_FACE ( 'NONE', ( #1816 ), #8784, .F. ) ;
#8133 = ADVANCED_FACE ( 'NONE', ( #3238 ), #3433, .F. ) ;
#8134 = VERTEX_POINT ( 'NONE', #8056 ) ;
#8135 = DIRECTION ( 'NONE',  ( 0.000000000000000000, -1.000000000000000000, 0.000000000000000000 ) ) ;
#8136 = ADVANCED_FACE ( 'NONE', ( #6028 ), #1140, .F. ) ;
#8137 = DIRECTION ( 'NONE',  ( 0.000000000000000000, -1.000000000000000000, 0.000000000000000000 ) ) ;
#8138 = EDGE_LOOP ( 'NONE', ( #5547, #8503 ) ) ;
#8139 = EDGE_CURVE ( 'NONE', #5981, #879, #6467, .T. ) ;
#8140 = FACE_OUTER_BOUND ( 'NONE', #7776, .T. ) ;
#8141 = AXIS2_PLACEMENT_3D ( 'NONE', #8409, #7684, #1484 ) ;
#8142 = AXIS2_PLACEMENT_3D ( 'NONE', #3686, #3087, #5189 ) ;
#8143 = CARTESIAN_POINT ( 'NONE',  ( 53.48771061000000060, 0.000000000000000000, 53.48771061000000060 ) ) ;
#8144 = LINE ( 'NONE', #482, #5048 ) ;
#8145 = EDGE_CURVE ( 'NONE', #5015, #1694, #3200, .T. ) ;
#8146 = CARTESIAN_POINT ( 'NONE',  ( -87.00000000000000000, 1.500000000000000000, 7.500000000000000000 ) ) ;
#8147 = CARTESIAN_POINT ( 'NONE',  ( 48.99999999999999289, 12.53553390593281591, 3.000000000000000000 ) ) ;
#8148 = EDGE_LOOP ( 'NONE', ( #6216, #27, #2903, #8088 ) ) ;
#8149 = CIRCLE ( 'NONE', #8284, 1.500000000000001332 ) ;
#8150 = CARTESIAN_POINT ( 'NONE',  ( -92.00000000000000000, -6.000000000000000000, -13.75000000000000000 ) ) ;
#8151 = VERTEX_POINT ( 'NONE', #448 ) ;
#8152 = EDGE_CURVE ( 'NONE', #5451, #258, #2266, .T. ) ;
#8153 = EDGE_CURVE ( 'NONE', #7321, #3010, #1770, .T. ) ;
#8154 = FACE_OUTER_BOUND ( 'NONE', #3985, .T. ) ;
#8155 = CARTESIAN_POINT ( 'NONE',  ( -7.007730449717573862, 3.999999999999999112, 54.89605069501993739 ) ) ;
#8156 = CIRCLE ( 'NONE', #4187, 2.500000000000000444 ) ;
#8157 = AXIS2_PLACEMENT_3D ( 'NONE', #8379, #5449, #6143 ) ;
#8158 = LINE ( 'NONE', #3243, #1084 ) ;
#8159 = EDGE_CURVE ( 'NONE', #339, #2430, #5992, .T. ) ;
#8160 = ORIENTED_EDGE ( 'NONE', *, *, #6623, .F. ) ;
#8161 = ADVANCED_FACE ( 'NONE', ( #5893 ), #1867, .F. ) ;
#8162 = ORIENTED_EDGE ( 'NONE', *, *, #6165, .F. ) ;
#8163 = AXIS2_PLACEMENT_3D ( 'NONE', #4099, #7635, #3333 ) ;
#8164 = ORIENTED_EDGE ( 'NONE', *, *, #5656, .T. ) ;
#8165 = CARTESIAN_POINT ( 'NONE',  ( 20.00000000000000000, 10.00000000000000000, 6.000000000000000000 ) ) ;
#8166 = DIRECTION ( 'NONE',  ( 0.000000000000000000, -1.000000000000000000, 0.000000000000000000 ) ) ;
#8167 = LINE ( 'NONE', #6435, #224 ) ;
#8168 = ORIENTED_EDGE ( 'NONE', *, *, #1648, .T. ) ;
#8169 = DIRECTION ( 'NONE',  ( 0.000000000000000000, 0.000000000000000000, -1.000000000000000000 ) ) ;
#8170 = VECTOR ( 'NONE', #569, 1000.000000000000000 ) ;
#8171 = AXIS2_PLACEMENT_3D ( 'NONE', #2905, #7129, #7676 ) ;
#8172 = ADVANCED_FACE ( 'NONE', ( #1902 ), #2503, .F. ) ;
#8173 = ORIENTED_EDGE ( 'NONE', *, *, #4663, .T. ) ;
#8174 = DIRECTION ( 'NONE',  ( 0.000000000000000000, -1.000000000000000000, 0.000000000000000000 ) ) ;
#8175 = DIRECTION ( 'NONE',  ( -9.251858538542962756E-15, 0.000000000000000000, 1.000000000000000000 ) ) ;
#8176 = CARTESIAN_POINT ( 'NONE',  ( 20.00000000000000000, 4.000000000000000000, -6.500000000000000000 ) ) ;
#8177 = CARTESIAN_POINT ( 'NONE',  ( -92.00000000000000000, 1.699999999999999956, -16.75000000000000000 ) ) ;
#8178 = VERTEX_POINT ( 'NONE', #5942 ) ;
#8179 = CARTESIAN_POINT ( 'NONE',  ( 3.500000000000008882, 52.50000000000000711, 53.00000000000000711 ) ) ;
#8180 = EDGE_LOOP ( 'NONE', ( #4050, #4080, #2610, #464 ) ) ;
#8181 = DIRECTION ( 'NONE',  ( 0.000000000000000000, 0.000000000000000000, -1.000000000000000000 ) ) ;
#8182 = CARTESIAN_POINT ( 'NONE',  ( -8.500000000000001776, 4.000000000000000000, -26.99999999999999645 ) ) ;
#8183 = VERTEX_POINT ( 'NONE', #7366 ) ;
#8184 = LINE ( 'NONE', #5420, #6373 ) ;
#8185 = EDGE_CURVE ( 'NONE', #6897, #1102, #8565, .T. ) ;
#8186 = CARTESIAN_POINT ( 'NONE',  ( -96.82884964244770742, 4.000000000000000000, 25.95356588311249979 ) ) ;
#8187 = CARTESIAN_POINT ( 'NONE',  ( 0.3330229394529438114, 3.999999999943019802, -47.99999999972084908 ) ) ;
#8188 = EDGE_CURVE ( 'NONE', #6965, #5021, #538, .T. ) ;
#8189 = CARTESIAN_POINT ( 'NONE',  ( -94.72350574363768771, 3.783732207900084354, 14.34498591382851274 ) ) ;
#8190 = VERTEX_POINT ( 'NONE', #6125 ) ;
#8191 = CARTESIAN_POINT ( 'NONE',  ( 7.611023491189009782, 4.000000000000000000, -56.85365460874999854 ) ) ;
#8192 = ORIENTED_EDGE ( 'NONE', *, *, #417, .F. ) ;
#8193 = LINE ( 'NONE', #7601, #7251 ) ;
#8194 = ADVANCED_FACE ( 'NONE', ( #7503 ), #4067, .F. ) ;
#8195 = DIRECTION ( 'NONE',  ( 0.000000000000000000, -1.000000000000000000, 0.000000000000000000 ) ) ;
#8196 = CARTESIAN_POINT ( 'NONE',  ( -5.616384920805909786, 0.5000000000000071054, 57.00000000000000000 ) ) ;
#8197 = ADVANCED_FACE ( 'NONE', ( #8101 ), #4904, .F. ) ;
#8198 = CARTESIAN_POINT ( 'NONE',  ( 43.67763811259088413, 4.468259311849490878, -7.531740688150490470 ) ) ;
#8199 = EDGE_LOOP ( 'NONE', ( #1197, #4491, #6781, #4189 ) ) ;
#8200 = EDGE_LOOP ( 'NONE', ( #2584, #3042, #7404, #7046 ) ) ;
#8201 = ORIENTED_EDGE ( 'NONE', *, *, #8440, .F. ) ;
#8202 = CARTESIAN_POINT ( 'NONE',  ( -4.999697452910927709, 4.411679540418139034, -52.76144518966554386 ) ) ;
#8203 = DIRECTION ( 'NONE',  ( 1.000000000000000000, -0.000000000000000000, 0.000000000000000000 ) ) ;
#8204 = DIRECTION ( 'NONE',  ( 0.000000000000000000, 0.000000000000000000, -1.000000000000000000 ) ) ;
#8205 = VERTEX_POINT ( 'NONE', #1267 ) ;
#8206 = CARTESIAN_POINT ( 'NONE',  ( -65.00000000000000000, 6.499999999999999112, -5.000000000000000888 ) ) ;
#8207 = ORIENTED_EDGE ( 'NONE', *, *, #2853, .F. ) ;
#8208 = DIRECTION ( 'NONE',  ( 0.000000000000000000, 0.000000000000000000, -1.000000000000000000 ) ) ;
#8209 = FACE_OUTER_BOUND ( 'NONE', #5903, .T. ) ;
#8210 = DIRECTION ( 'NONE',  ( 0.000000000000000000, 1.000000000000000000, 0.000000000000000000 ) ) ;
#8211 = FACE_OUTER_BOUND ( 'NONE', #2565, .T. ) ;
#8212 = ORIENTED_EDGE ( 'NONE', *, *, #7573, .F. ) ;
#8213 = CARTESIAN_POINT ( 'NONE',  ( 8.000000000000000000, 3.500000000000000000, -25.00000000000000000 ) ) ;
#8214 = VERTEX_POINT ( 'NONE', #1220 ) ;
#8215 = CARTESIAN_POINT ( 'NONE',  ( 4.979466606600635004, 6.458894191334847434, -52.59671304700096783 ) ) ;
#8216 = DIRECTION ( 'NONE',  ( 0.000000000000000000, 0.000000000000000000, -1.000000000000000000 ) ) ;
#8217 = VERTEX_POINT ( 'NONE', #8789 ) ;
#8218 = DIRECTION ( 'NONE',  ( -0.1692299598466579236, -0.7071067811865552333, -0.6865575144809702435 ) ) ;
#8219 = CARTESIAN_POINT ( 'NONE',  ( 42.55175582785687993, 5.412661635809366878, 6.587338364190627793 ) ) ;
#8220 = PLANE ( 'NONE',  #218 ) ;
#8221 = CARTESIAN_POINT ( 'NONE',  ( -94.86583437560973664, 3.804854897188174156, 15.45844324259582514 ) ) ;
#8222 = ADVANCED_FACE ( 'NONE', ( #1822 ), #8287, .F. ) ;
#8223 = DIRECTION ( 'NONE',  ( 0.000000000000000000, -1.000000000000000000, 0.000000000000000000 ) ) ;
#8224 = CARTESIAN_POINT ( 'NONE',  ( 48.99999999999999289, 12.53553390593281591, -3.000000000000000888 ) ) ;
#8225 = EDGE_LOOP ( 'NONE', ( #12, #7316, #2826, #816 ) ) ;
#8226 = DIRECTION ( 'NONE',  ( -1.387778780781444413E-14, 0.000000000000000000, 1.000000000000000000 ) ) ;
#8227 = DIRECTION ( 'NONE',  ( 0.000000000000000000, 0.000000000000000000, 1.000000000000000000 ) ) ;
#8228 = CARTESIAN_POINT ( 'NONE',  ( 53.48771061000000060, 0.5000000000000071054, 53.48771061000000060 ) ) ;
#8229 = VECTOR ( 'NONE', #2505, 1000.000000000000000 ) ;
#8230 = DIRECTION ( 'NONE',  ( 0.000000000000000000, 0.000000000000000000, 1.000000000000000000 ) ) ;
#8231 = CONICAL_SURFACE ( 'NONE', #2666, 2.000000000000001776, 0.7853981633974476129 ) ;
#8232 = VERTEX_POINT ( 'NONE', #3241 ) ;
#8233 = ADVANCED_FACE ( 'NONE', ( #408 ), #6030, .T. ) ;
#8234 = B_SPLINE_CURVE_WITH_KNOTS ( 'NONE', 3,
 ( #7077, #1441, #7915, #161 ),
 .UNSPECIFIED., .F., .F.,
 ( 4, 4 ),
 ( 0.002279368248838006556, 0.003005454333944990435 ),
 .UNSPECIFIED. ) ;
#8235 = ORIENTED_EDGE ( 'NONE', *, *, #2732, .F. ) ;
#8236 = ADVANCED_FACE ( 'NONE', ( #8834 ), #957, .F. ) ;
#8237 = ORIENTED_EDGE ( 'NONE', *, *, #8853, .F. ) ;
#8238 = CIRCLE ( 'NONE', #5161, 3.000000000000002665 ) ;
#8239 = ADVANCED_FACE ( 'NONE', ( #8154 ), #5430, .F. ) ;
#8240 = FACE_OUTER_BOUND ( 'NONE', #9055, .T. ) ;
#8241 = VECTOR ( 'NONE', #3120, 1000.000000000000000 ) ;
#8242 = ADVANCED_FACE ( 'NONE', ( #3158 ), #1774, .T. ) ;
#8243 = LINE ( 'NONE', #502, #7377 ) ;
#8244 = CARTESIAN_POINT ( 'NONE',  ( -92.00000000000000000, 0.000000000000000000, -16.75000000000000000 ) ) ;
#8245 = VERTEX_POINT ( 'NONE', #5948 ) ;
#8246 = CARTESIAN_POINT ( 'NONE',  ( 8.000000000000000000, 4.000000000000000000, -25.50000000000000000 ) ) ;
#8247 = AXIS2_PLACEMENT_3D ( 'NONE', #3214, #8796, #2514 ) ;
#8248 = VECTOR ( 'NONE', #3295, 1000.000000000000000 ) ;
#8249 = VERTEX_POINT ( 'NONE', #7555 ) ;
#8250 = CARTESIAN_POINT ( 'NONE',  ( -53.48771061000000060, 0.5000000000000071054, 7.487710610000020139 ) ) ;
#8251 = DIRECTION ( 'NONE',  ( -1.000000000000000000, 0.000000000000000000, 0.000000000000000000 ) ) ;
#8252 = FACE_OUTER_BOUND ( 'NONE', #7981, .T. ) ;
#8253 = CARTESIAN_POINT ( 'NONE',  ( -65.00000000000000000, 52.50000000000000711, 1.999999999999999112 ) ) ;
#8254 = CIRCLE ( 'NONE', #3136, 0.9999999999999991118 ) ;
#8255 = CIRCLE ( 'NONE', #2825, 46.50000000000000000 ) ;
#8256 = CARTESIAN_POINT ( 'NONE',  ( 0.000000000000000000, 0.000000000000000000, 0.000000000000000000 ) ) ;
#8257 = VERTEX_POINT ( 'NONE', #4706 ) ;
#8258 = CARTESIAN_POINT ( 'NONE',  ( -0.5529081518137379803, 6.460177631317811198, 50.00000000000000000 ) ) ;
#8259 = CONICAL_SURFACE ( 'NONE', #1525, 102.8386523170878064, 0.7853981633974278509 ) ;
#8260 = ORIENTED_EDGE ( 'NONE', *, *, #618, .F. ) ;
#8261 = PRESENTATION_LAYER_ASSIGNMENT (  '', '', ( #1384 ) ) ;
#8262 = CARTESIAN_POINT ( 'NONE',  ( -78.39999999999999147, 1.000000000000000000, -4.499999999999944933 ) ) ;
#8263 = CARTESIAN_POINT ( 'NONE',  ( 7.020929521015732533, 4.000000000000000000, -55.24505384011007436 ) ) ;
#8264 = DIRECTION ( 'NONE',  ( 0.000000000000000000, -1.000000000000000000, 0.000000000000000000 ) ) ;
#8265 = ORIENTED_EDGE ( 'NONE', *, *, #4236, .F. ) ;
#8266 = CARTESIAN_POINT ( 'NONE',  ( -92.00000000000000000, 0.000000000000000000, -15.25000000000000000 ) ) ;
#8267 = CARTESIAN_POINT ( 'NONE',  ( 53.48771061000000060, 0.4999999999999726885, -53.48771061000000060 ) ) ;
#8268 = CARTESIAN_POINT ( 'NONE',  ( 8.000000000000000000, 4.000000000000000000, 20.50000000000000000 ) ) ;
#8269 = DIRECTION ( 'NONE',  ( -0.000000000000000000, 1.000000000000000000, 0.000000000000000000 ) ) ;
#8270 = VECTOR ( 'NONE', #8294, 1000.000000000000114 ) ;
#8271 = CARTESIAN_POINT ( 'NONE',  ( -95.37740409499218686, 0.5000000000000071054, 26.33212343854054893 ) ) ;
#8272 = AXIS2_PLACEMENT_3D ( 'NONE', #5472, #7983, #5429 ) ;
#8273 = EDGE_CURVE ( 'NONE', #8245, #312, #3303, .T. ) ;
#8274 = CARTESIAN_POINT ( 'NONE',  ( -89.25000000000000000, 0.000000000000000000, -8.500000000000000000 ) ) ;
#8275 = CARTESIAN_POINT ( 'NONE',  ( -8.000000000000000000, 3.500000000000000000, -25.00000000000000000 ) ) ;
#8276 = VECTOR ( 'NONE', #3137, 1000.000000000000114 ) ;
#8277 = AXIS2_PLACEMENT_3D ( 'NONE', #2665, #5986, #8779 ) ;
#8278 = ORIENTED_EDGE ( 'NONE', *, *, #2126, .F. ) ;
#8279 = DIRECTION ( 'NONE',  ( 0.000000000000000000, 0.000000000000000000, 1.000000000000000000 ) ) ;
#8280 = ADVANCED_FACE ( 'NONE', ( #4574, #8060, #1403, #4801, #4880, #8964, #2173, #4142, #717, #7603, #6951, #9057, #1313, #3502 ), #6212, .F. ) ;
#8281 = CARTESIAN_POINT ( 'NONE',  ( -65.00000000000000000, 54.00000000000000711, 1.999999999999999112 ) ) ;
#8282 = DIRECTION ( 'NONE',  ( 0.000000000000000000, -1.000000000000000000, 0.000000000000000000 ) ) ;
#8283 = CARTESIAN_POINT ( 'NONE',  ( 45.99999999999999289, 52.50000000000000711, 4.500000000000000888 ) ) ;
#8284 = AXIS2_PLACEMENT_3D ( 'NONE', #3821, #4510, #4408 ) ;
#8285 = ORIENTED_EDGE ( 'NONE', *, *, #6507, .F. ) ;
#8286 = ORIENTED_EDGE ( 'NONE', *, *, #7841, .T. ) ;
#8287 =( BOUNDED_SURFACE ( )  B_SPLINE_SURFACE ( 3, 2, ( 
 ( #6729, #4629, #8884 ),
 ( #6687, #490, #451 ),
 ( #7424, #358, #3337 ),
 ( #8928, #5352, #2639 ),
 ( #2507, #1145, #3978 ),
 ( #3292, #4752, #3938 ) ),
 .UNSPECIFIED., .F., .F., .F. ) 
 B_SPLINE_SURFACE_WITH_KNOTS ( ( 4, 2, 4 ),
 ( 3, 3 ),
 ( 5.493074754801753556, 5.888130030990669894, 6.283185307179586232 ),
 ( 0.000000000000000000, 1.000000000000000000 ),
 .UNSPECIFIED. ) 
 GEOMETRIC_REPRESENTATION_ITEM ( )  RATIONAL_B_SPLINE_SURFACE ( (
 ( 1.000000000000000000, 0.8653433603455089607, 1.000000000000000000),
 ( 1.000000000000000000, 0.8844650044814145184, 1.000000000000000000),
 ( 1.000000000000000000, 0.8991662893379782640, 1.000000000000000000),
 ( 1.000000000000000000, 0.9188777629327310459, 1.000000000000000000),
 ( 1.000000000000000000, 0.9238888318861202542, 1.000000000000000000),
 ( 1.000000000000000000, 0.9238795325112882928, 1.000000000000000000) ) ) 
 REPRESENTATION_ITEM ( '' )  SURFACE ( )  );
#8288 = CARTESIAN_POINT ( 'NONE',  ( 1.658312395177696352, 6.499999999999999112, 50.00000000000000000 ) ) ;
#8289 = AXIS2_PLACEMENT_3D ( 'NONE', #4771, #7574, #593 ) ;
#8290 = ORIENTED_EDGE ( 'NONE', *, *, #5166, .F. ) ;
#8291 = CIRCLE ( 'NONE', #3034, 3.000000000000000000 ) ;
#8292 = DIRECTION ( 'NONE',  ( 0.000000000000000000, 1.000000000000000000, 0.000000000000000000 ) ) ;
#8293 = EDGE_CURVE ( 'NONE', #6074, #1189, #4027, .T. ) ;
#8294 = DIRECTION ( 'NONE',  ( -0.08554784193501405176, 0.7045145728586020839, 0.7045145728585913147 ) ) ;
#8295 = DIRECTION ( 'NONE',  ( -1.813574543066662428E-15, 0.000000000000000000, 1.000000000000000000 ) ) ;
#8296 = VECTOR ( 'NONE', #7207, 1000.000000000000000 ) ;
#8297 = VERTEX_POINT ( 'NONE', #2772 ) ;
#8298 = DIRECTION ( 'NONE',  ( -1.000000000000000000, 0.000000000000000000, -5.782411586589350736E-16 ) ) ;
#8299 = DIRECTION ( 'NONE',  ( 1.000000000000000000, 0.000000000000000000, 0.000000000000000000 ) ) ;
#8300 = CARTESIAN_POINT ( 'NONE',  ( -63.50000000000000000, 54.00000000000000711, 0.000000000000000000 ) ) ;
#8301 = CARTESIAN_POINT ( 'NONE',  ( 0.000000000000000000, 4.000000000000000000, -46.50000000000000000 ) ) ;
#8302 = AXIS2_PLACEMENT_3D ( 'NONE', #6755, #476, #3274 ) ;
#8303 = ORIENTED_EDGE ( 'NONE', *, *, #3146, .F. ) ;
#8304 = CARTESIAN_POINT ( 'NONE',  ( 2.000000000000000000, 54.00000000000000711, -54.50000000000000000 ) ) ;
#8305 = ORIENTED_EDGE ( 'NONE', *, *, #4944, .F. ) ;
#8306 = ADVANCED_FACE ( 'NONE', ( #667 ), #2677, .F. ) ;
#8307 = AXIS2_PLACEMENT_3D ( 'NONE', #4404, #926, #785 ) ;
#8308 = CARTESIAN_POINT ( 'NONE',  ( -8.000000000000000000, 0.5000000000000000000, -25.00000000000000000 ) ) ;
#8309 = CARTESIAN_POINT ( 'NONE',  ( -83.75000000000000000, 4.000000000000000000, -7.750000000000000000 ) ) ;
#8310 = VECTOR ( 'NONE', #436, 1000.000000000000000 ) ;
#8311 = CARTESIAN_POINT ( 'NONE',  ( 48.99999999999997158, 0.4999999999999812372, -7.217068779995505778 ) ) ;
#8312 = ORIENTED_EDGE ( 'NONE', *, *, #7561, .T. ) ;
#8313 = DIRECTION ( 'NONE',  ( -1.000000000000000000, 0.000000000000000000, 0.000000000000000000 ) ) ;
#8314 = CARTESIAN_POINT ( 'NONE',  ( -78.89999999999999147, 0.000000000000000000, -10.25000000000000000 ) ) ;
#8315 = EDGE_CURVE ( 'NONE', #2352, #7989, #2990, .T. ) ;
#8316 = DIRECTION ( 'NONE',  ( -0.9128962765483104036, 0.000000000000000000, -0.4081916072927403438 ) ) ;
#8317 = CARTESIAN_POINT ( 'NONE',  ( -76.64999999999999147, 1.000000000000000000, 0.000000000000000000 ) ) ;
#8318 = ORIENTED_EDGE ( 'NONE', *, *, #2732, .T. ) ;
#8319 = CARTESIAN_POINT ( 'NONE',  ( -94.86859657121200939, 3.783732207895655453, -15.33767977723866061 ) ) ;
#8320 = CARTESIAN_POINT ( 'NONE',  ( -86.00000000000000000, 1.000000000000000000, 13.54999999999999893 ) ) ;
#8321 = CARTESIAN_POINT ( 'NONE',  ( 8.000000000000000000, -4.200000000000000178, -29.44999999999999929 ) ) ;
#8322 = ORIENTED_EDGE ( 'NONE', *, *, #736, .T. ) ;
#8323 = DIRECTION ( 'NONE',  ( 0.000000000000000000, -0.000000000000000000, -1.000000000000000000 ) ) ;
#8324 = CARTESIAN_POINT ( 'NONE',  ( -83.75000000000000000, 1.000000000000000000, -8.250000000000000000 ) ) ;
#8325 = DIRECTION ( 'NONE',  ( 0.000000000000000000, -1.000000000000000000, 0.000000000000000000 ) ) ;
#8326 = ORIENTED_EDGE ( 'NONE', *, *, #7079, .F. ) ;
#8327 = ORIENTED_EDGE ( 'NONE', *, *, #8853, .T. ) ;
#8328 = CYLINDRICAL_SURFACE ( 'NONE', #6909, 1.999999999999998224 ) ;
#8329 = ORIENTED_EDGE ( 'NONE', *, *, #6617, .F. ) ;
#8330 = CARTESIAN_POINT ( 'NONE',  ( -87.00000000000000000, 1.500000000000000000, -4.024558464266194983E-13 ) ) ;
#8331 = LINE ( 'NONE', #2053, #5900 ) ;
#8332 = ORIENTED_EDGE ( 'NONE', *, *, #2424, .F. ) ;
#8333 =( BOUNDED_SURFACE ( )  B_SPLINE_SURFACE ( 3, 2, ( 
 ( #4924, #7724, #1435 ),
 ( #4230, #6335, #2848 ),
 ( #8219, #1938, #4739 ),
 ( #7541, #573, #3364 ),
 ( #154, #3688, #5834 ),
 ( #6578, #7265, #2205 ) ),
 .UNSPECIFIED., .F., .F., .F. ) 
 B_SPLINE_SURFACE_WITH_KNOTS ( ( 4, 2, 4 ),
 ( 3, 3 ),
 ( 0.000000000000000000, 0.3950552761889173925, 0.7901105523778347850 ),
 ( 0.000000000000000000, 1.000000000000000000 ),
 .UNSPECIFIED. ) 
 GEOMETRIC_REPRESENTATION_ITEM ( )  RATIONAL_B_SPLINE_SURFACE ( (
 ( 1.000000000000000000, 0.9238795325112882928, 1.000000000000000000),
 ( 1.000000000000000000, 0.9238888318861011584, 1.000000000000000000),
 ( 1.000000000000000000, 0.9188777629327551377, 1.000000000000000000),
 ( 1.000000000000000000, 0.8991662893379548382, 1.000000000000000000),
 ( 1.000000000000000000, 0.8844650044814315049, 1.000000000000000000),
 ( 1.000000000000000000, 0.8653433603455087386, 1.000000000000000000) ) ) 
 REPRESENTATION_ITEM ( '' )  SURFACE ( )  );
#8334 = ORIENTED_EDGE ( 'NONE', *, *, #8145, .F. ) ;
#8335 = LINE ( 'NONE', #2057, #391 ) ;
#8336 = LINE ( 'NONE', #1925, #1386 ) ;
#8337 = DIRECTION ( 'NONE',  ( 0.1692299598466611987, 0.7071067811865413555, -0.6865575144809836772 ) ) ;
#8338 = FACE_OUTER_BOUND ( 'NONE', #8783, .T. ) ;
#8339 = APPLICATION_PROTOCOL_DEFINITION ( 'draft international standard', 'automotive_design', 1998, #1911 ) ;
#8340 = ORIENTED_EDGE ( 'NONE', *, *, #2714, .T. ) ;
#8341 = CARTESIAN_POINT ( 'NONE',  ( -6.990325341823560912, 4.000000000000000000, -52.99459477901501003 ) ) ;
#8342 = EDGE_LOOP ( 'NONE', ( #2636, #321, #1904, #6445 ) ) ;
#8343 = EDGE_CURVE ( 'NONE', #5670, #5654, #616, .T. ) ;
#8344 = CARTESIAN_POINT ( 'NONE',  ( -82.95000000000000284, 1.500000000000000000, -11.50000000000000000 ) ) ;
#8345 = EDGE_CURVE ( 'NONE', #1113, #2256, #812, .T. ) ;
#8346 = CARTESIAN_POINT ( 'NONE',  ( 2.000000000000000000, 6.499999999999999112, -56.00000000000000000 ) ) ;
#8347 = CARTESIAN_POINT ( 'NONE',  ( -92.00000000000000000, -6.000000000000000000, -15.25000000000000000 ) ) ;
#8348 = EDGE_LOOP ( 'NONE', ( #2860, #6041, #67, #8624 ) ) ;
#8349 = CARTESIAN_POINT ( 'NONE',  ( 47.07264606418934960, 5.267766952966375982, 6.732233047033617801 ) ) ;
#8350 = CARTESIAN_POINT ( 'NONE',  ( -65.00000000000000000, 6.499999999999999112, -2.000000000000000888 ) ) ;
#8351 = EDGE_CURVE ( 'NONE', #2429, #4026, #1094, .T. ) ;
#8353 = EDGE_CURVE ( 'NONE', #3872, #5159, #75, .T. ) ;
#8352 = DIRECTION ( 'NONE',  ( 0.4081916072927396222, -2.503461994684772655E-15, -0.9128962765483107367 ) ) ;
#8354 = LINE ( 'NONE', #8317, #5348 ) ;
#8355 = EDGE_LOOP ( 'NONE', ( #4212, #1829, #2995, #8525 ) ) ;
#8356 = CARTESIAN_POINT ( 'NONE',  ( -94.79764640822459398, 3.763059071902464581, -14.71568406283370933 ) ) ;
#8357 = FACE_BOUND ( 'NONE', #3349, .T. ) ;
#8358 = CARTESIAN_POINT ( 'NONE',  ( 45.99999999999999289, 54.00000000000000711, 3.000000000000000000 ) ) ;
#8359 = ORIENTED_EDGE ( 'NONE', *, *, #6576, .F. ) ;
#8360 = LINE ( 'NONE', #753, #658 ) ;
#8361 = CARTESIAN_POINT ( 'NONE',  ( -35.00000000000000000, 4.000000000000000000, 0.000000000000000000 ) ) ;
#8362 = CARTESIAN_POINT ( 'NONE',  ( -86.75000000000000000, 1.500000000000000000, 7.500000000000000000 ) ) ;
#8363 = DIRECTION ( 'NONE',  ( 0.000000000000000000, -1.000000000000000000, 0.000000000000000000 ) ) ;
#8364 = EDGE_LOOP ( 'NONE', ( #8506, #2776, #1934, #1598, #7369 ) ) ;
#8365 = ORIENTED_EDGE ( 'NONE', *, *, #2628, .T. ) ;
#8366 = DIRECTION ( 'NONE',  ( 0.000000000000000000, 0.000000000000000000, -1.000000000000000000 ) ) ;
#8367 = EDGE_LOOP ( 'NONE', ( #4200, #5825, #5051, #665 ) ) ;
#8368 = DIRECTION ( 'NONE',  ( 0.000000000000000000, -1.000000000000000000, 0.000000000000000000 ) ) ;
#8369 = B_SPLINE_CURVE_WITH_KNOTS ( 'NONE', 3,
 ( #4275, #111, #5695, #5012, #7816, #159 ),
 .UNSPECIFIED., .F., .F.,
 ( 4, 2, 4 ),
 ( 0.000000000000000000, 0.0006081130352308857781, 0.001216226070461771556 ),
 .UNSPECIFIED. ) ;
#8370 = AXIS2_PLACEMENT_3D ( 'NONE', #817, #1492, #8366 ) ;
#8371 = DIRECTION ( 'NONE',  ( -6.565835091869201329E-14, 0.000000000000000000, 1.000000000000000000 ) ) ;
#8372 = ORIENTED_EDGE ( 'NONE', *, *, #7006, .T. ) ;
#8373 = AXIS2_PLACEMENT_3D ( 'NONE', #969, #1740, #1646 ) ;
#8374 = AXIS2_PLACEMENT_3D ( 'NONE', #3030, #7748, #2926 ) ;
#8375 = EDGE_LOOP ( 'NONE', ( #5234, #4150, #1541, #8808, #4824 ) ) ;
#8376 = FACE_OUTER_BOUND ( 'NONE', #4919, .T. ) ;
#8377 = CARTESIAN_POINT ( 'NONE',  ( -65.00000000000000000, 6.499999999999999112, 1.999999999999999112 ) ) ;
#8378 = DIRECTION ( 'NONE',  ( 0.000000000000000000, 1.000000000000000000, 0.000000000000000000 ) ) ;
#8379 = CARTESIAN_POINT ( 'NONE',  ( 40.99999999999999289, 54.00000000000000711, -6.000000000000000000 ) ) ;
#8380 = ADVANCED_FACE ( 'NONE', ( #22 ), #6267, .F. ) ;
#8381 = CIRCLE ( 'NONE', #43, 3.000000000000002665 ) ;
#8382 = ORIENTED_EDGE ( 'NONE', *, *, #4710, .T. ) ;
#8383 = CARTESIAN_POINT ( 'NONE',  ( -78.89999999999999147, 1.000000000000000000, 0.000000000000000000 ) ) ;
#8384 = AXIS2_PLACEMENT_3D ( 'NONE', #1596, #4351, #7097 ) ;
#8385 = ORIENTED_EDGE ( 'NONE', *, *, #515, .F. ) ;
#8386 = CARTESIAN_POINT ( 'NONE',  ( 48.99999999999999289, 0.4999999999999726885, -7.217068779995491568 ) ) ;
#8387 = AXIS2_PLACEMENT_3D ( 'NONE', #955, #1005, #5997 ) ;
#8388 = FACE_OUTER_BOUND ( 'NONE', #5133, .T. ) ;
#8389 = DIRECTION ( 'NONE',  ( 0.000000000000000000, 1.000000000000000000, 0.000000000000000000 ) ) ;
#8390 = VERTEX_POINT ( 'NONE', #4975 ) ;
#8391 = VECTOR ( 'NONE', #8510, 1000.000000000000000 ) ;
#8392 = LINE ( 'NONE', #3362, #2223 ) ;
#8393 = DIRECTION ( 'NONE',  ( 0.000000000000000000, 1.000000000000000000, 0.000000000000000000 ) ) ;
#8394 = CARTESIAN_POINT ( 'NONE',  ( 42.49999999999999289, 54.00000000000000711, 0.000000000000000000 ) ) ;
#8395 = CARTESIAN_POINT ( 'NONE',  ( 2.000000000000008882, 54.00000000000000711, 50.00000000000000000 ) ) ;
#8396 = ORIENTED_EDGE ( 'NONE', *, *, #5573, .F. ) ;
#8397 = ADVANCED_FACE ( 'NONE', ( #581 ), #7778, .T. ) ;
#8398 = CIRCLE ( 'NONE', #3003, 102.8386523170878064 ) ;
#8399 = ADVANCED_FACE ( 'NONE', ( #754 ), #2733, .F. ) ;
#8400 = VECTOR ( 'NONE', #7236, 1000.000000000000000 ) ;
#8401 = FACE_BOUND ( 'NONE', #2338, .T. ) ;
#8402 = EDGE_CURVE ( 'NONE', #6441, #742, #1997, .T. ) ;
#8403 = ORIENTED_EDGE ( 'NONE', *, *, #512, .F. ) ;
#8404 = LINE ( 'NONE', #4745, #6253 ) ;
#8405 = ORIENTED_EDGE ( 'NONE', *, *, #4765, .F. ) ;
#8406 = DIRECTION ( 'NONE',  ( 0.000000000000000000, -1.000000000000000000, 0.000000000000000000 ) ) ;
#8407 = AXIS2_PLACEMENT_3D ( 'NONE', #8461, #4192, #2128 ) ;
#8408 = AXIS2_PLACEMENT_3D ( 'NONE', #1052, #7295, #6819 ) ;
#8409 = CARTESIAN_POINT ( 'NONE',  ( 2.000000000000008882, 52.50000000000000711, 53.00000000000000711 ) ) ;
#8410 = DIRECTION ( 'NONE',  ( 0.000000000000000000, 1.000000000000000000, 0.000000000000000000 ) ) ;
#8411 = ADVANCED_FACE ( 'NONE', ( #2044 ), #7844, .F. ) ;
#8412 = ORIENTED_EDGE ( 'NONE', *, *, #7079, .T. ) ;
#8413 = DIRECTION ( 'NONE',  ( -2.514091994169285222E-16, 0.000000000000000000, -1.000000000000000000 ) ) ;
#8414 = ORIENTED_EDGE ( 'NONE', *, *, #7761, .F. ) ;
#8415 = VECTOR ( 'NONE', #5208, 1000.000000000000000 ) ;
#8416 = AXIS2_PLACEMENT_3D ( 'NONE', #2498, #1257, #4010 ) ;
#8417 = EDGE_CURVE ( 'NONE', #6753, #4746, #2850, .T. ) ;
#8418 = EDGE_CURVE ( 'NONE', #8007, #7430, #5740, .T. ) ;
#8419 = ORIENTED_EDGE ( 'NONE', *, *, #345, .F. ) ;
#8420 = DIRECTION ( 'NONE',  ( 8.177564888977720288E-16, -0.7071067811865670016, -0.7071067811865280328 ) ) ;
#8421 = ORIENTED_EDGE ( 'NONE', *, *, #7797, .F. ) ;
#8422 = CARTESIAN_POINT ( 'NONE',  ( 46.98682109633001147, -1.513178903669979647, 5.639863306812153532 ) ) ;
#8423 = AXIS2_PLACEMENT_3D ( 'NONE', #5700, #6486, #995 ) ;
#8424 = VECTOR ( 'NONE', #2720, 1000.000000000000000 ) ;
#8425 = CARTESIAN_POINT ( 'NONE',  ( -82.95000000000000284, 1.500000000000000000, 9.000000000000000000 ) ) ;
#8426 = ADVANCED_FACE ( 'NONE', ( #7877 ), #7102, .T. ) ;
#8427 = LINE ( 'NONE', #1550, #487 ) ;
#8428 = EDGE_CURVE ( 'NONE', #1103, #7585, #8717, .T. ) ;
#8429 = ORIENTED_EDGE ( 'NONE', *, *, #7451, .T. ) ;
#8430 = CIRCLE ( 'NONE', #5645, 3.000000000000000000 ) ;
#8431 = ORIENTED_EDGE ( 'NONE', *, *, #3367, .F. ) ;
#8432 = DIRECTION ( 'NONE',  ( 0.000000000000000000, -1.000000000000000000, 0.000000000000000000 ) ) ;
#8433 = LINE ( 'NONE', #1463, #8713 ) ;
#8434 = DIRECTION ( 'NONE',  ( 0.000000000000000000, 0.7071067811865280328, -0.7071067811865670016 ) ) ;
#8435 = DIRECTION ( 'NONE',  ( 0.000000000000000000, -1.000000000000000000, 0.000000000000000000 ) ) ;
#8436 = AXIS2_PLACEMENT_3D ( 'NONE', #4905, #2147, #2233 ) ;
#8437 = ORIENTED_EDGE ( 'NONE', *, *, #4635, .F. ) ;
#8438 = CARTESIAN_POINT ( 'NONE',  ( 5.000000000000000000, 6.446629909180642493, -53.21218636201273711 ) ) ;
#8439 = VECTOR ( 'NONE', #5185, 1000.000000000000000 ) ;
#8440 = EDGE_CURVE ( 'NONE', #729, #3355, #4763, .T. ) ;
#8441 = VERTEX_POINT ( 'NONE', #7224 ) ;
#8442 = DIRECTION ( 'NONE',  ( 1.000000000000000000, 0.000000000000000000, -2.891205793294675861E-16 ) ) ;
#8443 = CARTESIAN_POINT ( 'NONE',  ( 8.000000000000000000, 0.5000000000000000000, -21.00000000000000000 ) ) ;
#8444 = DIRECTION ( 'NONE',  ( 0.000000000000000000, 1.000000000000000000, 0.000000000000000000 ) ) ;
#8445 = CIRCLE ( 'NONE', #2739, 46.00000000000000000 ) ;
#8446 = ORIENTED_EDGE ( 'NONE', *, *, #19, .F. ) ;
#8447 = CARTESIAN_POINT ( 'NONE',  ( -82.95000000000000284, 4.000000000000000000, -10.25000000000000000 ) ) ;
#8448 = DIRECTION ( 'NONE',  ( 1.000000000000000000, 0.000000000000000000, 0.000000000000000000 ) ) ;
#8449 = DIRECTION ( 'NONE',  ( 0.000000000000000000, 0.000000000000000000, 1.000000000000000000 ) ) ;
#8450 = ORIENTED_EDGE ( 'NONE', *, *, #9032, .T. ) ;
#8451 = CARTESIAN_POINT ( 'NONE',  ( 51.50658292316876441, 10.09523612308180240, -1.904763876918269538 ) ) ;
#8452 = CIRCLE ( 'NONE', #5951, 2.499999999999998668 ) ;
#8453 = CARTESIAN_POINT ( 'NONE',  ( -78.89999999999999147, 1.500000000000000000, 7.500000000000000000 ) ) ;
#8454 = ORIENTED_EDGE ( 'NONE', *, *, #554, .F. ) ;
#8455 = CARTESIAN_POINT ( 'NONE',  ( 8.499999999999998224, 4.000000000000000000, -33.90000000000001279 ) ) ;
#8456 = EDGE_CURVE ( 'NONE', #8257, #489, #859, .T. ) ;
#8457 = ORIENTED_EDGE ( 'NONE', *, *, #4765, .T. ) ;
#8458 = ADVANCED_FACE ( 'NONE', ( #8500 ), #5797, .F. ) ;
#8459 = CARTESIAN_POINT ( 'NONE',  ( 10.00000000000000000, 4.000000000000000000, -27.00000000000000000 ) ) ;
#8460 = DIRECTION ( 'NONE',  ( -0.000000000000000000, 1.000000000000000000, -0.000000000000000000 ) ) ;
#8461 = CARTESIAN_POINT ( 'NONE',  ( 3.500000000000000000, 52.50000000000000711, -53.00000000000000000 ) ) ;
#8462 = VECTOR ( 'NONE', #1204, 1000.000000000000114 ) ;
#8463 = EDGE_CURVE ( 'NONE', #2649, #2845, #4417, .T. ) ;
#8464 = ORIENTED_EDGE ( 'NONE', *, *, #402, .F. ) ;
#8465 = CARTESIAN_POINT ( 'NONE',  ( 48.99999999999999289, -22.05484177649363176, 7.217068779995509331 ) ) ;
#8466 = ORIENTED_EDGE ( 'NONE', *, *, #242, .T. ) ;
#8467 = ADVANCED_FACE ( 'NONE', ( #8602 ), #3020, .T. ) ;
#8468 = ORIENTED_EDGE ( 'NONE', *, *, #47, .F. ) ;
#8469 = EDGE_CURVE ( 'NONE', #7632, #3245, #1251, .T. ) ;
#8470 = DIRECTION ( 'NONE',  ( 0.000000000000000000, 0.000000000000000000, -1.000000000000000000 ) ) ;
#8471 = VERTEX_POINT ( 'NONE', #3651 ) ;
#8472 = FACE_OUTER_BOUND ( 'NONE', #4282, .T. ) ;
#8473 = LINE ( 'NONE', #2822, #8695 ) ;
#8474 = EDGE_CURVE ( 'NONE', #545, #612, #7137, .T. ) ;
#8475 = DIRECTION ( 'NONE',  ( 0.000000000000000000, -1.000000000000000000, 0.000000000000000000 ) ) ;
#8476 = VERTEX_POINT ( 'NONE', #4472 ) ;
#8477 = ORIENTED_EDGE ( 'NONE', *, *, #8809, .T. ) ;
#8478 = VERTEX_POINT ( 'NONE', #2953 ) ;
#8479 = LINE ( 'NONE', #90, #4784 ) ;
#8480 = CARTESIAN_POINT ( 'NONE',  ( 47.51920388109270732, 7.737911008637073706, 5.616885216706905659 ) ) ;
#8481 = FACE_OUTER_BOUND ( 'NONE', #2675, .T. ) ;
#8482 = CARTESIAN_POINT ( 'NONE',  ( -92.00000000000000000, 4.000000000000000000, 15.25000000000000000 ) ) ;
#8483 = ORIENTED_EDGE ( 'NONE', *, *, #1967, .F. ) ;
#8484 = CARTESIAN_POINT ( 'NONE',  ( -87.00000000000000000, 4.000000000000000000, -4.500000000000000000 ) ) ;
#8485 = ORIENTED_EDGE ( 'NONE', *, *, #3969, .T. ) ;
#8486 = CARTESIAN_POINT ( 'NONE',  ( -4.999999999999998224, 4.414471088662168086, -52.99551012850317733 ) ) ;
#8487 = DIRECTION ( 'NONE',  ( -0.7052112295670495135, -0.7071067811865585639, 0.05174090927413566715 ) ) ;
#8488 = ORIENTED_EDGE ( 'NONE', *, *, #7494, .F. ) ;
#8489 = DIRECTION ( 'NONE',  ( -1.000000000000000000, -0.000000000000000000, -0.000000000000000000 ) ) ;
#8490 = DIRECTION ( 'NONE',  ( 0.000000000000000000, 0.000000000000000000, -1.000000000000000000 ) ) ;
#8491 = DIRECTION ( 'NONE',  ( 0.000000000000000000, 0.000000000000000000, 1.000000000000000000 ) ) ;
#8492 = CARTESIAN_POINT ( 'NONE',  ( 0.000000000000000000, 52.50000000000000711, 51.50000000000000711 ) ) ;
#8493 = VERTEX_POINT ( 'NONE', #6443 ) ;
#8494 = CARTESIAN_POINT ( 'NONE',  ( 1.105427659737759472, 6.485925159973643161, 50.00000000000000000 ) ) ;
#8495 = FACE_BOUND ( 'NONE', #4836, .T. ) ;
#8496 = ORIENTED_EDGE ( 'NONE', *, *, #959, .T. ) ;
#8497 = CARTESIAN_POINT ( 'NONE',  ( 38.99999999999999289, 4.000000000000000000, -9.302235153908176457 ) ) ;
#8498 = ORIENTED_EDGE ( 'NONE', *, *, #8351, .T. ) ;
#8499 = DIRECTION ( 'NONE',  ( -0.000000000000000000, 1.000000000000000000, -0.000000000000000000 ) ) ;
#8500 = FACE_OUTER_BOUND ( 'NONE', #8130, .T. ) ;
#8501 = CARTESIAN_POINT ( 'NONE',  ( -65.00000000000000000, 52.50000000000000711, -3.500000000000000888 ) ) ;
#8502 = EDGE_CURVE ( 'NONE', #2894, #730, #6542, .T. ) ;
#8503 = ORIENTED_EDGE ( 'NONE', *, *, #2337, .T. ) ;
#8504 = PLANE ( 'NONE',  #4884 ) ;
#8505 = VERTEX_POINT ( 'NONE', #2360 ) ;
#8506 = ORIENTED_EDGE ( 'NONE', *, *, #7211, .T. ) ;
#8507 = FACE_OUTER_BOUND ( 'NONE', #115, .T. ) ;
#8508 = VERTEX_POINT ( 'NONE', #6586 ) ;
#8509 = DIRECTION ( 'NONE',  ( 0.000000000000000000, 0.000000000000000000, -1.000000000000000000 ) ) ;
#8510 = DIRECTION ( 'NONE',  ( 0.000000000000000000, -1.000000000000000000, 0.000000000000000000 ) ) ;
#8511 = CARTESIAN_POINT ( 'NONE',  ( 8.500000000000001776, 4.000000000000000000, -28.50000000000000000 ) ) ;
#8512 = ADVANCED_FACE ( 'NONE', ( #298 ), #3100, .T. ) ;
#8513 = EDGE_CURVE ( 'NONE', #7780, #7632, #1978, .T. ) ;
#8514 = VERTEX_POINT ( 'NONE', #807 ) ;
#8515 = ORIENTED_EDGE ( 'NONE', *, *, #683, .T. ) ;
#8516 = EDGE_CURVE ( 'NONE', #5867, #705, #5934, .T. ) ;
#8517 = EDGE_CURVE ( 'NONE', #633, #5368, #9009, .T. ) ;
#8518 = ORIENTED_EDGE ( 'NONE', *, *, #1018, .F. ) ;
#8519 = DIRECTION ( 'NONE',  ( 0.000000000000000000, 0.000000000000000000, 1.000000000000000000 ) ) ;
#8520 = CARTESIAN_POINT ( 'NONE',  ( 50.41708670006661919, 7.411592162338762613, 4.588407837661262256 ) ) ;
#8521 = CONICAL_SURFACE ( 'NONE', #7508, 46.50000000000000000, 0.7853981633974348453 ) ;
#8522 = ADVANCED_FACE ( 'NONE', ( #8091 ), #4324, .F. ) ;
#8523 = CARTESIAN_POINT ( 'NONE',  ( 0.000000000000000000, 4.000000000000000000, -47.50000000000000000 ) ) ;
#8524 = EDGE_CURVE ( 'NONE', #1619, #6136, #5252, .T. ) ;
#8525 = ORIENTED_EDGE ( 'NONE', *, *, #8417, .F. ) ;
#8526 = DIRECTION ( 'NONE',  ( 0.000000000000000000, 0.7071067811865280328, -0.7071067811865670016 ) ) ;
#8527 = AXIS2_PLACEMENT_3D ( 'NONE', #5592, #2113, #7722 ) ;
#8528 = EDGE_LOOP ( 'NONE', ( #8793, #4390, #2411, #6172 ) ) ;
#8529 = DIRECTION ( 'NONE',  ( 0.000000000000000000, 0.000000000000000000, 1.000000000000000000 ) ) ;
#8530 = EDGE_CURVE ( 'NONE', #3669, #4957, #4171, .T. ) ;
#8531 = CARTESIAN_POINT ( 'NONE',  ( 41.09656912459741562, 6.096569124597420952, -5.903430875402585265 ) ) ;
#8532 = DIRECTION ( 'NONE',  ( 1.000000000000000000, -0.000000000000000000, -0.000000000000000000 ) ) ;
#8533 = ORIENTED_EDGE ( 'NONE', *, *, #336, .F. ) ;
#8534 = CARTESIAN_POINT ( 'NONE',  ( -1.999999999999991340, 52.50000000000000711, 56.00000000000000000 ) ) ;
#8535 = TOROIDAL_SURFACE ( 'NONE', #7657, 5.500000000000000000, 2.500000000000000000 ) ;
#8536 = AXIS2_PLACEMENT_3D ( 'NONE', #4070, #543, #1272 ) ;
#8537 = DIRECTION ( 'NONE',  ( 0.000000000000000000, 0.9999975613256066875, -0.002208470701481334963 ) ) ;
#8538 = ORIENTED_EDGE ( 'NONE', *, *, #3040, .T. ) ;
#8539 = DIRECTION ( 'NONE',  ( -0.000000000000000000, -1.000000000000000000, -0.000000000000000000 ) ) ;
#8540 = EDGE_CURVE ( 'NONE', #104, #6006, #1134, .T. ) ;
#8541 = ADVANCED_FACE ( 'NONE', ( #3278 ), #4698, .F. ) ;
#8542 = CARTESIAN_POINT ( 'NONE',  ( -1.105438321885278574, 6.485925717406313851, -50.00000000000000711 ) ) ;
#8543 = CIRCLE ( 'NONE', #6642, 1.999999999999998224 ) ;
#8544 = VERTEX_POINT ( 'NONE', #5340 ) ;
#8545 = CARTESIAN_POINT ( 'NONE',  ( -83.75000000000000000, 4.000000000000000000, -7.750000000000000000 ) ) ;
#8546 = EDGE_LOOP ( 'NONE', ( #3103, #8125, #7454, #9068 ) ) ;
#8547 = LINE ( 'NONE', #1584, #7407 ) ;
#8548 = CARTESIAN_POINT ( 'NONE',  ( 5.616384920805909786, 0.000000000000000000, 57.00000000000000000 ) ) ;
#8549 = LINE ( 'NONE', #5798, #3426 ) ;
#8550 = VECTOR ( 'NONE', #1871, 1000.000000000000000 ) ;
#8551 = CONICAL_SURFACE ( 'NONE', #8988, 46.00000000000000000, 0.7853981633974415066 ) ;
#8552 = ORIENTED_EDGE ( 'NONE', *, *, #1346, .F. ) ;
#8553 = FACE_OUTER_BOUND ( 'NONE', #5686, .T. ) ;
#8554 = EDGE_CURVE ( 'NONE', #2651, #3228, #5354, .T. ) ;
#8555 = VERTEX_POINT ( 'NONE', #7496 ) ;
#8556 = AXIS2_PLACEMENT_3D ( 'NONE', #4181, #1988, #4791 ) ;
#8557 = AXIS2_PLACEMENT_3D ( 'NONE', #1081, #1766, #5151 ) ;
#8558 = EDGE_CURVE ( 'NONE', #1452, #890, #1857, .T. ) ;
#8559 = VERTEX_POINT ( 'NONE', #443 ) ;
#8560 = DIRECTION ( 'NONE',  ( 0.000000000000000000, 0.000000000000000000, 1.000000000000000000 ) ) ;
#8561 = EDGE_LOOP ( 'NONE', ( #6472, #4767, #3740, #3124 ) ) ;
#8562 = DIRECTION ( 'NONE',  ( -0.6139406135149200194, 0.000000000000000000, 0.7893522173763267702 ) ) ;
#8563 = CARTESIAN_POINT ( 'NONE',  ( -95.37740409499218686, 0.000000000000000000, -27.83212343854044590 ) ) ;
#8564 = AXIS2_PLACEMENT_3D ( 'NONE', #1029, #3917, #383 ) ;
#8565 = CIRCLE ( 'NONE', #655, 1.500000000000001332 ) ;
#8566 = DIRECTION ( 'NONE',  ( 0.000000000000000000, -1.000000000000000000, 0.000000000000000000 ) ) ;
#8567 = VECTOR ( 'NONE', #2731, 1000.000000000000000 ) ;
#8568 = ORIENTED_EDGE ( 'NONE', *, *, #1486, .F. ) ;
#8569 = VERTEX_POINT ( 'NONE', #4567 ) ;
#8570 = EDGE_LOOP ( 'NONE', ( #3325, #1179, #3073, #3977 ) ) ;
#8571 = AXIS2_PLACEMENT_3D ( 'NONE', #8281, #8460, #7033 ) ;
#8572 = CYLINDRICAL_SURFACE ( 'NONE', #2873, 1.249999999999999334 ) ;
#8573 = LINE ( 'NONE', #2290, #5927 ) ;
#8575 = EDGE_CURVE ( 'NONE', #5128, #1265, #7408, .T. ) ;
#8574 = TOROIDAL_SURFACE ( 'NONE', #5788, 1.500000000000000000, 1.500000000000000000 ) ;
#8576 = FACE_OUTER_BOUND ( 'NONE', #857, .T. ) ;
#8577 = EDGE_CURVE ( 'NONE', #2481, #6734, #7547, .T. ) ;
#8578 = DIRECTION ( 'NONE',  ( 0.000000000000000000, 0.7071067811865280328, -0.7071067811865670016 ) ) ;
#8579 = ORIENTED_EDGE ( 'NONE', *, *, #5887, .F. ) ;
#8580 = DIRECTION ( 'NONE',  ( 0.000000000000000000, -1.000000000000000000, 0.000000000000000000 ) ) ;
#8581 = VECTOR ( 'NONE', #4094, 1000.000000000000000 ) ;
#8582 = VERTEX_POINT ( 'NONE', #8186 ) ;
#8583 = PLANE ( 'NONE',  #4474 ) ;
#8584 = DIRECTION ( 'NONE',  ( 0.000000000000000000, 0.000000000000000000, -1.000000000000000000 ) ) ;
#8585 = PLANE ( 'NONE',  #5510 ) ;
#8586 = EDGE_LOOP ( 'NONE', ( #5257, #5280, #2336, #3534 ) ) ;
#8587 = CYLINDRICAL_SURFACE ( 'NONE', #479, 2.500000000000002220 ) ;
#8588 = CARTESIAN_POINT ( 'NONE',  ( -5.616384920805930214, 4.000000000000000000, -57.00000000000000000 ) ) ;
#8589 =( BOUNDED_SURFACE ( )  B_SPLINE_SURFACE ( 3, 2, ( 
 ( #8782, #5848, #5889 ),
 ( #8645, #6025, #8054 ),
 ( #2363, #3881, #8686 ),
 ( #397, #3198, #2410 ),
 ( #5203, #5990, #1724 ),
 ( #4524, #1039, #3833 ) ),
 .UNSPECIFIED., .F., .F., .T. ) 
 B_SPLINE_SURFACE_WITH_KNOTS ( ( 4, 2, 4 ),
 ( 3, 3 ),
 ( 5.493074754801753556, 5.888130030990669894, 6.283185307179586232 ),
 ( 0.000000000000000000, 1.000000000000000000 ),
 .UNSPECIFIED. ) 
 GEOMETRIC_REPRESENTATION_ITEM ( )  RATIONAL_B_SPLINE_SURFACE ( (
 ( 1.000000000000000000, 0.8653433603455090717, 1.000000000000000000),
 ( 1.000000000000000000, 0.8844650044814146295, 1.000000000000000000),
 ( 1.000000000000000000, 0.8991662893379783750, 1.000000000000000000),
 ( 1.000000000000000000, 0.9188777629327311569, 1.000000000000000000),
 ( 1.000000000000000000, 0.9238888318861202542, 1.000000000000000000),
 ( 1.000000000000000000, 0.9238795325112882928, 1.000000000000000000) ) ) 
 REPRESENTATION_ITEM ( '' )  SURFACE ( )  );
#8590 = VECTOR ( 'NONE', #4492, 1000.000000000000000 ) ;
#8591 = AXIS2_PLACEMENT_3D ( 'NONE', #2982, #2379, #4400 ) ;
#8592 = CARTESIAN_POINT ( 'NONE',  ( 48.99999999999999289, 6.157994724319951096, -5.842005275680059562 ) ) ;
#8593 = ORIENTED_EDGE ( 'NONE', *, *, #4041, .T. ) ;
#8594 = CARTESIAN_POINT ( 'NONE',  ( 1.227885085548885202, 4.000000001861577559, 47.75345053984010946 ) ) ;
#8595 = DIRECTION ( 'NONE',  ( 0.000000000000000000, -1.000000000000000000, 0.000000000000000000 ) ) ;
#8596 = TOROIDAL_SURFACE ( 'NONE', #8740, 5.500000000000000000, 2.500000000000000000 ) ;
#8597 = CARTESIAN_POINT ( 'NONE',  ( 38.99999999999999289, 0.3333851672701280133, -9.653185138813975996 ) ) ;
#8598 = DIRECTION ( 'NONE',  ( 0.000000000000000000, 0.000000000000000000, -1.000000000000000000 ) ) ;
#8599 = ORIENTED_EDGE ( 'NONE', *, *, #4198, .T. ) ;
#8600 = ADVANCED_FACE ( 'NONE', ( #5294 ), #964, .F. ) ;
#8601 = PLANE ( 'NONE',  #3022 ) ;
#8602 = FACE_OUTER_BOUND ( 'NONE', #1442, .T. ) ;
#8603 = PLANE ( 'NONE',  #509 ) ;
#8604 = VECTOR ( 'NONE', #8137, 1000.000000000000000 ) ;
#8605 = ORIENTED_EDGE ( 'NONE', *, *, #1271, .F. ) ;
#8606 = CARTESIAN_POINT ( 'NONE',  ( 53.48771061000000060, 3.500000000000041300, -53.48771061000000060 ) ) ;
#8607 = ORIENTED_EDGE ( 'NONE', *, *, #6367, .T. ) ;
#8608 = EDGE_LOOP ( 'NONE', ( #4489, #3318, #2188, #5861 ) ) ;
#8609 = DIRECTION ( 'NONE',  ( 0.000000000000000000, 1.000000000000000000, 0.000000000000000000 ) ) ;
#8610 = VECTOR ( 'NONE', #7947, 1000.000000000000000 ) ;
#8611 = ORIENTED_EDGE ( 'NONE', *, *, #5412, .F. ) ;
#8612 = CARTESIAN_POINT ( 'NONE',  ( 20.00000000000000000, 0.4999999999999730216, 6.000000000000000000 ) ) ;
#8613 = DIRECTION ( 'NONE',  ( 0.000000000000000000, 0.000000000000000000, 1.000000000000000000 ) ) ;
#8614 = DIRECTION ( 'NONE',  ( 0.000000000000000000, 0.000000000000000000, -1.000000000000000000 ) ) ;
#8615 = VERTEX_POINT ( 'NONE', #5987 ) ;
#8616 = VERTEX_POINT ( 'NONE', #1175 ) ;
#8617 = EDGE_LOOP ( 'NONE', ( #3246, #1944, #6634, #1523 ) ) ;
#8618 = DIRECTION ( 'NONE',  ( -0.000000000000000000, -1.000000000000000000, -0.000000000000000000 ) ) ;
#8619 = CARTESIAN_POINT ( 'NONE',  ( 49.21807665728827885, 8.513438403080387573, 3.486561596918629657 ) ) ;
#8620 = CARTESIAN_POINT ( 'NONE',  ( -95.37740409499218686, 0.5000000000000071054, -26.33212343854044946 ) ) ;
#8621 = CARTESIAN_POINT ( 'NONE',  ( 45.99999999999999289, 7.035533905932727983, -6.000000000000000000 ) ) ;
#8622 = ORIENTED_EDGE ( 'NONE', *, *, #8273, .F. ) ;
#8623 = DIRECTION ( 'NONE',  ( 0.000000000000000000, 0.000000000000000000, -1.000000000000000000 ) ) ;
#8624 = ORIENTED_EDGE ( 'NONE', *, *, #7005, .T. ) ;
#8625 = CARTESIAN_POINT ( 'NONE',  ( 48.99999999999997868, 9.735824368211757118, -3.871556972912979511 ) ) ;
#8626 = DIRECTION ( 'NONE',  ( -0.000000000000000000, -1.000000000000000000, -0.000000000000000000 ) ) ;
#8627 = ORIENTED_EDGE ( 'NONE', *, *, #388, .T. ) ;
#8628 = CARTESIAN_POINT ( 'NONE',  ( -82.95000000000000284, 4.000000000000000000, -10.25000000000000000 ) ) ;
#8629 = FACE_OUTER_BOUND ( 'NONE', #8367, .T. ) ;
#8630 = DIRECTION ( 'NONE',  ( -8.177564888978052596E-16, -0.7071067811865374697, 0.7071067811865575647 ) ) ;
#8631 = ORIENTED_EDGE ( 'NONE', *, *, #3559, .T. ) ;
#8632 = LINE ( 'NONE', #4461, #4517 ) ;
#8633 = EDGE_CURVE ( 'NONE', #3926, #8813, #1720, .T. ) ;
#8634 = EDGE_CURVE ( 'NONE', #4769, #5867, #2550, .T. ) ;
#8635 = CARTESIAN_POINT ( 'NONE',  ( 40.99999999999999289, 7.035533905932735088, -3.000000000000000888 ) ) ;
#8636 = CARTESIAN_POINT ( 'NONE',  ( 0.000000000000000000, 1.699999999999999956, -45.00000000000000000 ) ) ;
#8637 = EDGE_CURVE ( 'NONE', #1265, #8889, #3425, .T. ) ;
#8638 =( BOUNDED_SURFACE ( )  B_SPLINE_SURFACE ( 3, 2, ( 
 ( #6133, #1154, #3947 ),
 ( #9020, #8202, #4761 ),
 ( #6224, #2560, #4806 ),
 ( #8892, #1831, #3344 ),
 ( #459, #4075, #8973 ),
 ( #6173, #4715, #4679 ) ),
 .UNSPECIFIED., .F., .F., .F. ) 
 B_SPLINE_SURFACE_WITH_KNOTS ( ( 4, 2, 4 ),
 ( 3, 3 ),
 ( 0.004287836223634324331, 0.005387099841244498769, 0.006486363458854674073 ),
 ( 0.000000000000000000, 1.000000000000000000 ),
 .UNSPECIFIED. ) 
 GEOMETRIC_REPRESENTATION_ITEM ( )  RATIONAL_B_SPLINE_SURFACE ( (
 ( 1.000000000000000000, 0.7758446568967867218, 1.000000000000000000),
 ( 1.000000000000000000, 0.7753227318895999920, 1.000000000000000000),
 ( 1.000000000000000000, 0.7686577635854598967, 1.000000000000000000),
 ( 1.000000000000000000, 0.7450089274789772897, 1.000000000000000000),
 ( 1.000000000000000000, 0.7279975162778344888, 1.000000000000000000),
 ( 1.000000000000000000, 0.7071067811865485719, 1.000000000000000000) ) ) 
 REPRESENTATION_ITEM ( '' )  SURFACE ( )  );
#8639 = DIRECTION ( 'NONE',  ( 0.000000000000000000, 1.000000000000000000, -0.000000000000000000 ) ) ;
#8640 = ORIENTED_EDGE ( 'NONE', *, *, #3146, .T. ) ;
#8641 = EDGE_CURVE ( 'NONE', #4107, #5570, #8873, .T. ) ;
#8642 = CARTESIAN_POINT ( 'NONE',  ( -78.89999999999999147, 1.000000000000000000, 0.000000000000000000 ) ) ;
#8643 = DIRECTION ( 'NONE',  ( 0.9709389483281614108, 0.000000000000000000, 0.2393273043750005213 ) ) ;
#8644 = CARTESIAN_POINT ( 'NONE',  ( -1.381670582082206167, 6.500000000000000000, 50.00000000000000711 ) ) ;
#8645 = CARTESIAN_POINT ( 'NONE',  ( 40.60259885318123452, 6.382250725405979708, -5.617749274594030950 ) ) ;
#8646 = ORIENTED_EDGE ( 'NONE', *, *, #960, .T. ) ;
#8647 = VERTEX_POINT ( 'NONE', #8780 ) ;
#8648 = DIRECTION ( 'NONE',  ( 0.000000000000000000, 1.000000000000000000, 0.000000000000000000 ) ) ;
#8649 = ORIENTED_EDGE ( 'NONE', *, *, #4141, .F. ) ;
#8650 = DIRECTION ( 'NONE',  ( -0.000000000000000000, 0.7071067811865670016, 0.7071067811865280328 ) ) ;
#8651 = CARTESIAN_POINT ( 'NONE',  ( 48.99999999999999289, 0.5000000000000004441, 6.000000000000000000 ) ) ;
#8652 = CARTESIAN_POINT ( 'NONE',  ( 48.99999999999999289, 52.50000000000000711, -3.000000000000000888 ) ) ;
#8653 = ORIENTED_EDGE ( 'NONE', *, *, #1018, .T. ) ;
#8654 = EDGE_LOOP ( 'NONE', ( #4375, #5738, #265, #5968 ) ) ;
#8655 = CARTESIAN_POINT ( 'NONE',  ( -4.899629976283425670, 6.484774790477921158, -52.20507430029365992 ) ) ;
#8656 = CARTESIAN_POINT ( 'NONE',  ( 4.840694347878841342, 6.500000000000000888, 52.01428939873630952 ) ) ;
#8657 = LINE ( 'NONE', #2378, #2089 ) ;
#8658 = LINE ( 'NONE', #234, #2133 ) ;
#8659 = CARTESIAN_POINT ( 'NONE',  ( 7.062556730546565298, 4.000000000000000000, 50.85046066563143796 ) ) ;
#8660 = ORIENTED_EDGE ( 'NONE', *, *, #5393, .T. ) ;
#8661 = CARTESIAN_POINT ( 'NONE',  ( 41.00000000000000000, 7.035533905933994525, -3.395128219375680878 ) ) ;
#8662 = ORIENTED_EDGE ( 'NONE', *, *, #3431, .T. ) ;
#8663 = CARTESIAN_POINT ( 'NONE',  ( -8.000000000000000000, 0.000000000000000000, -30.45000000000000284 ) ) ;
#8664 = DIRECTION ( 'NONE',  ( 0.000000000000000000, -1.000000000000000000, 0.000000000000000000 ) ) ;
#8665 = EDGE_CURVE ( 'NONE', #4547, #6592, #7318, .T. ) ;
#8666 = ORIENTED_EDGE ( 'NONE', *, *, #7759, .T. ) ;
#8667 = CARTESIAN_POINT ( 'NONE',  ( 41.81060437164786947, 7.693033981950153866, -5.189395628352140299 ) ) ;
#8668 = CYLINDRICAL_SURFACE ( 'NONE', #4172, 2.500000000000002220 ) ;
#8669 = CARTESIAN_POINT ( 'NONE',  ( -35.00000000000000000, 1.699999999999999956, 0.000000000000000000 ) ) ;
#8670 = VECTOR ( 'NONE', #6495, 1000.000000000000000 ) ;
#8671 = ORIENTED_EDGE ( 'NONE', *, *, #3211, .F. ) ;
#8672 = CARTESIAN_POINT ( 'NONE',  ( 1.471081141207655651, 4.124195169185195908, 50.00000000000000000 ) ) ;
#8673 = AXIS2_PLACEMENT_3D ( 'NONE', #307, #267, #3704 ) ;
#8674 = CYLINDRICAL_SURFACE ( 'NONE', #3197, 0.9999999999999991118 ) ;
#8675 = LINE ( 'NONE', #7951, #7692 ) ;
#8676 = AXIS2_PLACEMENT_3D ( 'NONE', #9072, #1200, #6185 ) ;
#8677 = CARTESIAN_POINT ( 'NONE',  ( -4.889965499713791353, 6.483389308299765119, -53.83168320520212546 ) ) ;
#8678 = ORIENTED_EDGE ( 'NONE', *, *, #8558, .F. ) ;
#8679 = VECTOR ( 'NONE', #1159, 1000.000000000000000 ) ;
#8680 = CARTESIAN_POINT ( 'NONE',  ( 40.67670579027538480, 4.009698377907540134, 8.775065173221625159 ) ) ;
#8681 = EDGE_CURVE ( 'NONE', #3663, #5814, #5471, .T. ) ;
#8682 = DIRECTION ( 'NONE',  ( 0.000000000000000000, 0.000000000000000000, -1.000000000000000000 ) ) ;
#8683 = CARTESIAN_POINT ( 'NONE',  ( 0.000000000000000000, 1.699999999999999956, 45.00000000000000000 ) ) ;
#8684 = ADVANCED_FACE ( 'NONE', ( #2629 ), #1037, .F. ) ;
#8685 = AXIS2_PLACEMENT_3D ( 'NONE', #2279, #5752, #31 ) ;
#8686 = CARTESIAN_POINT ( 'NONE',  ( 42.48079611890486973, 7.737911008637073706, -5.616885216705899353 ) ) ;
#8687 = AXIS2_PLACEMENT_3D ( 'NONE', #2554, #2509, #311 ) ;
#8688 = ORIENTED_EDGE ( 'NONE', *, *, #2880, .F. ) ;
#8689 = CARTESIAN_POINT ( 'NONE',  ( -86.75000000000000000, 1.500000000000000000, 7.750000000000000000 ) ) ;
#8690 = ORIENTED_EDGE ( 'NONE', *, *, #9075, .F. ) ;
#8691 = EDGE_CURVE ( 'NONE', #5287, #29, #4887, .T. ) ;
#8692 = AXIS2_PLACEMENT_3D ( 'NONE', #8362, #2082, #808 ) ;
#8693 = DIRECTION ( 'NONE',  ( 0.000000000000000000, 1.000000000000000000, 0.000000000000000000 ) ) ;
#8694 = ORIENTED_EDGE ( 'NONE', *, *, #410, .F. ) ;
#8695 = VECTOR ( 'NONE', #2184, 1000.000000000000000 ) ;
#8696 = CARTESIAN_POINT ( 'NONE',  ( -6.987089219394805539, 3.999999999964990671, 53.77798064943846867 ) ) ;
#8697 = FACE_OUTER_BOUND ( 'NONE', #8027, .T. ) ;
#8698 = CARTESIAN_POINT ( 'NONE',  ( -79.90000000000000568, 1.000000000000000000, 12.55000000000000071 ) ) ;
#8699 = CIRCLE ( 'NONE', #4747, 1.500000000000000000 ) ;
#8700 = ORIENTED_EDGE ( 'NONE', *, *, #15, .F. ) ;
#8701 = AXIS2_PLACEMENT_3D ( 'NONE', #3234, #2588, #4058 ) ;
#8702 = EDGE_CURVE ( 'NONE', #7117, #4732, #5555, .T. ) ;
#8703 = AXIS2_PLACEMENT_3D ( 'NONE', #4432, #956, #7544 ) ;
#8704 = ORIENTED_EDGE ( 'NONE', *, *, #8823, .F. ) ;
#8705 = VERTEX_POINT ( 'NONE', #6200 ) ;
#8706 = DIRECTION ( 'NONE',  ( 0.000000000000000000, -1.000000000000000000, 0.000000000000000000 ) ) ;
#8707 = DIRECTION ( 'NONE',  ( 0.000000000000000000, -1.000000000000000000, 0.000000000000000000 ) ) ;
#8708 = EDGE_CURVE ( 'NONE', #1517, #5382, #3875, .T. ) ;
#8709 = DIRECTION ( 'NONE',  ( 0.000000000000000000, -1.000000000000000000, 0.000000000000000000 ) ) ;
#8710 = CARTESIAN_POINT ( 'NONE',  ( -65.00000000000000000, 6.499999999999999112, 4.999999999999999112 ) ) ;
#8711 = AXIS2_PLACEMENT_3D ( 'NONE', #3104, #6076, #6631 ) ;
#8712 = CARTESIAN_POINT ( 'NONE',  ( 7.043641827548402290, 3.999999999999998224, 51.18343147248433667 ) ) ;
#8713 = VECTOR ( 'NONE', #6862, 1000.000000000000000 ) ;
#8714 = ORIENTED_EDGE ( 'NONE', *, *, #8765, .F. ) ;
#8715 = CARTESIAN_POINT ( 'NONE',  ( -5.000000000000000000, 54.00000000000000711, -56.00000000000000000 ) ) ;
#8716 = ORIENTED_EDGE ( 'NONE', *, *, #498, .T. ) ;
#8717 = CIRCLE ( 'NONE', #6961, 1.500000000000001332 ) ;
#8718 = AXIS2_PLACEMENT_3D ( 'NONE', #3276, #7455, #5383 ) ;
#8719 = DIRECTION ( 'NONE',  ( 0.000000000000000000, 0.000000000000000000, 1.000000000000000000 ) ) ;
#8720 = DIRECTION ( 'NONE',  ( 0.000000000000000000, 0.000000000000000000, -1.000000000000000000 ) ) ;
#8721 = VERTEX_POINT ( 'NONE', #2071 ) ;
#8722 = CARTESIAN_POINT ( 'NONE',  ( -1.658312395177694576, 4.000000000000000000, -47.49999999999999289 ) ) ;
#8723 = DIRECTION ( 'NONE',  ( 0.000000000000000000, -1.000000000000000000, 0.000000000000000000 ) ) ;
#8724 = EDGE_CURVE ( 'NONE', #8705, #4999, #9002, .T. ) ;
#8725 = DIRECTION ( 'NONE',  ( 0.000000000000000000, 0.000000000000000000, -1.000000000000000000 ) ) ;
#8726 = ORIENTED_EDGE ( 'NONE', *, *, #6165, .T. ) ;
#8727 = CARTESIAN_POINT ( 'NONE',  ( 2.000000000000008882, 6.499999999999999112, 53.00000000000000711 ) ) ;
#8728 = VECTOR ( 'NONE', #4781, 1000.000000000000114 ) ;
#8729 = VECTOR ( 'NONE', #6577, 1000.000000000000000 ) ;
#8730 = DIRECTION ( 'NONE',  ( 0.000000000000000000, 0.000000000000000000, 1.000000000000000000 ) ) ;
#8731 = CARTESIAN_POINT ( 'NONE',  ( -53.48771061000000060, 4.000000000000000000, 53.48771061000000060 ) ) ;
#8732 = CARTESIAN_POINT ( 'NONE',  ( 6.997903490875225785, 4.000000000035027981, -54.53168401791976549 ) ) ;
#8733 = AXIS2_PLACEMENT_3D ( 'NONE', #8663, #6657, #3817 ) ;
#8734 = CIRCLE ( 'NONE', #6691, 2.000000000000001776 ) ;
#8735 = ORIENTED_EDGE ( 'NONE', *, *, #8463, .T. ) ;
#8736 = DIRECTION ( 'NONE',  ( -1.000000000000000000, 0.000000000000000000, 0.000000000000000000 ) ) ;
#8737 = DIRECTION ( 'NONE',  ( 1.000000000000000000, -0.000000000000000000, 0.000000000000000000 ) ) ;
#8738 = DIRECTION ( 'NONE',  ( -0.9128962765483105146, 0.000000000000000000, 0.4081916072927402328 ) ) ;
#8739 = DIRECTION ( 'NONE',  ( 0.9442726603807657382, 0.2327543155963309185, 0.2327543155963273103 ) ) ;
#8740 = AXIS2_PLACEMENT_3D ( 'NONE', #2158, #5590, #4126 ) ;
#8741 = ORIENTED_EDGE ( 'NONE', *, *, #6891, .F. ) ;
#8742 = CARTESIAN_POINT ( 'NONE',  ( 2.000000000000000000, 54.00000000000000711, -53.00000000000000000 ) ) ;
#8743 = ORIENTED_EDGE ( 'NONE', *, *, #4079, .T. ) ;
#8744 = DIRECTION ( 'NONE',  ( 1.040834085586084059E-15, -0.9999975613256066875, -0.002208470701481334963 ) ) ;
#8745 = EDGE_CURVE ( 'NONE', #258, #5451, #1671, .T. ) ;
#8746 = ORIENTED_EDGE ( 'NONE', *, *, #904, .F. ) ;
#8747 = VECTOR ( 'NONE', #7174, 1000.000000000000000 ) ;
#8748 = CARTESIAN_POINT ( 'NONE',  ( -82.95000000000000284, 1.500000000000000000, -10.25000000000000000 ) ) ;
#8749 = DIRECTION ( 'NONE',  ( 1.000000000000000000, 0.000000000000000000, 0.000000000000000000 ) ) ;
#8750 = CARTESIAN_POINT ( 'NONE',  ( -4.999999999999990230, 4.414471088662162757, 52.99551012850316312 ) ) ;
#8751 = EDGE_LOOP ( 'NONE', ( #7785, #364, #1573, #5377 ) ) ;
#8752 = EDGE_CURVE ( 'NONE', #1383, #8559, #5044, .T. ) ;
#8753 = CIRCLE ( 'NONE', #8733, 1.000000000000000888 ) ;
#8754 = ORIENTED_EDGE ( 'NONE', *, *, #5494, .T. ) ;
#8755 = EDGE_CURVE ( 'NONE', #6273, #3107, #55, .T. ) ;
#8756 = VECTOR ( 'NONE', #5193, 1000.000000000000000 ) ;
#8757 = ORIENTED_EDGE ( 'NONE', *, *, #3211, .T. ) ;
#8758 = EDGE_CURVE ( 'NONE', #7040, #4978, #2667, .T. ) ;
#8759 = DIRECTION ( 'NONE',  ( 0.9204648600993757812, 0.000000000000000000, -0.3908253335215575164 ) ) ;
#8760 = EDGE_CURVE ( 'NONE', #135, #1323, #7024, .T. ) ;
#8761 = CARTESIAN_POINT ( 'NONE',  ( 41.76732092339992164, 7.457673384285551599, 5.232679076600054380 ) ) ;
#8762 = CARTESIAN_POINT ( 'NONE',  ( -79.14999999999999147, 1.500000000000000000, 7.750000000000000000 ) ) ;
#8763 = ORIENTED_EDGE ( 'NONE', *, *, #4337, .F. ) ;
#8764 = DIRECTION ( 'NONE',  ( 0.000000000000000000, 0.8944271909999157444, -0.4472135954999583718 ) ) ;
#8765 = EDGE_CURVE ( 'NONE', #5357, #7284, #8398, .T. ) ;
#8766 = ORIENTED_EDGE ( 'NONE', *, *, #5274, .T. ) ;
#8767 = CARTESIAN_POINT ( 'NONE',  ( -35.00000000000000000, 4.000000000000000000, 3.000000000000000000 ) ) ;
#8768 = CYLINDRICAL_SURFACE ( 'NONE', #8996, 3.000000000000000000 ) ;
#8769 = ORIENTED_EDGE ( 'NONE', *, *, #4223, .F. ) ;
#8770 = CARTESIAN_POINT ( 'NONE',  ( -1.105427659737759472, 6.485925159973643161, -50.00000000000000000 ) ) ;
#8771 = LINE ( 'NONE', #6842, #7702 ) ;
#8772 = CARTESIAN_POINT ( 'NONE',  ( -91.83080728388220848, 0.000000000000000000, 27.18073553764865125 ) ) ;
#8773 = ORIENTED_EDGE ( 'NONE', *, *, #304, .T. ) ;
#8774 = DIRECTION ( 'NONE',  ( 0.000000000000000000, 0.000000000000000000, 1.000000000000000000 ) ) ;
#8775 = ORIENTED_EDGE ( 'NONE', *, *, #4588, .T. ) ;
#8776 = FACE_OUTER_BOUND ( 'NONE', #5735, .T. ) ;
#8777 = DIRECTION ( 'NONE',  ( 0.000000000000000000, 0.000000000000000000, -1.000000000000000000 ) ) ;
#8778 = VERTEX_POINT ( 'NONE', #6983 ) ;
#8779 = DIRECTION ( 'NONE',  ( -0.9204648600993767804, 0.000000000000000000, 0.3908253335215548518 ) ) ;
#8780 = CARTESIAN_POINT ( 'NONE',  ( 5.250000000000000000, 2.399999999999999911, -27.00000000000000000 ) ) ;
#8781 = CARTESIAN_POINT ( 'NONE',  ( -53.48771061000000060, 4.000000000000000000, 53.48771061000000060 ) ) ;
#8782 = CARTESIAN_POINT ( 'NONE',  ( 40.09262906082602029, 6.897049662373002654, -5.102950337627015998 ) ) ;
#8783 = EDGE_LOOP ( 'NONE', ( #3890, #6804, #7510, #7208 ) ) ;
#8784 = PLANE ( 'NONE',  #7986 ) ;
#8785 = VERTEX_POINT ( 'NONE', #3532 ) ;
#8786 = DIRECTION ( 'NONE',  ( 0.000000000000000000, 0.8376105968386138301, 0.5462677805469229320 ) ) ;
#8787 = ORIENTED_EDGE ( 'NONE', *, *, #3254, .T. ) ;
#8788 = EDGE_CURVE ( 'NONE', #6710, #7026, #59, .T. ) ;
#8789 = CARTESIAN_POINT ( 'NONE',  ( 48.99999999999999289, 4.782931220004477346, 7.217068779995509331 ) ) ;
#8790 = CARTESIAN_POINT ( 'NONE',  ( -4.890069851683645830, 6.483365955755253651, 53.83140453016753924 ) ) ;
#8791 = CARTESIAN_POINT ( 'NONE',  ( -7.002861551584934396, 3.999999999967446485, 52.24772463097486508 ) ) ;
#8792 = ORIENTED_EDGE ( 'NONE', *, *, #2764, .F. ) ;
#8793 = ORIENTED_EDGE ( 'NONE', *, *, #7686, .F. ) ;
#8794 = VERTEX_POINT ( 'NONE', #7630 ) ;
#8795 = FACE_OUTER_BOUND ( 'NONE', #3045, .T. ) ;
#8796 = DIRECTION ( 'NONE',  ( 0.000000000000000000, 1.000000000000000000, 0.000000000000000000 ) ) ;
#8797 = EDGE_CURVE ( 'NONE', #4318, #3926, #745, .T. ) ;
#8798 = EDGE_CURVE ( 'NONE', #6034, #8071, #3289, .T. ) ;
#8799 = CARTESIAN_POINT ( 'NONE',  ( 38.01108983236728989, 4.000000000000000000, 0.1601456957263449055 ) ) ;
#8800 = ADVANCED_FACE ( 'NONE', ( #6256 ), #2765, .F. ) ;
#8801 = ORIENTED_EDGE ( 'NONE', *, *, #3520, .F. ) ;
#8802 = DIRECTION ( 'NONE',  ( 1.000000000000000000, 0.000000000000000000, 0.000000000000000000 ) ) ;
#8803 = ADVANCED_FACE ( 'NONE', ( #5595 ), #8333, .F. ) ;
#8804 = EDGE_CURVE ( 'NONE', #8508, #4557, #3052, .T. ) ;
#8805 = VERTEX_POINT ( 'NONE', #289 ) ;
#8806 = DIRECTION ( 'NONE',  ( 0.000000000000000000, 0.000000000000000000, -1.000000000000000000 ) ) ;
#8807 = DIRECTION ( 'NONE',  ( 0.000000000000000000, -1.000000000000000000, 0.000000000000000000 ) ) ;
#8808 = ORIENTED_EDGE ( 'NONE', *, *, #7687, .F. ) ;
#8809 = EDGE_CURVE ( 'NONE', #4999, #6342, #4450, .T. ) ;
#8810 = CARTESIAN_POINT ( 'NONE',  ( 41.23717880289215287, 6.237178802892165308, -5.762821197107840909 ) ) ;
#8811 = DIRECTION ( 'NONE',  ( -0.000000000000000000, 1.000000000000000000, -0.000000000000000000 ) ) ;
#8812 = DIRECTION ( 'NONE',  ( 0.000000000000000000, 1.000000000000000000, 0.000000000000000000 ) ) ;
#8813 = VERTEX_POINT ( 'NONE', #5008 ) ;
#8814 = CARTESIAN_POINT ( 'NONE',  ( 3.361026734704954567E-14, 4.000000000000000000, -7.749999999999629630 ) ) ;
#8815 = EDGE_LOOP ( 'NONE', ( #3469, #671, #5939, #3357 ) ) ;
#8816 = ADVANCED_FACE ( 'NONE', ( #6475 ), #7813, .T. ) ;
#8817 = CARTESIAN_POINT ( 'NONE',  ( 1.638279988436955056E-14, 4.000000000000000000, -28.33212343854039972 ) ) ;
#8818 = DIRECTION ( 'NONE',  ( 0.000000000000000000, -1.000000000000000000, 0.000000000000000000 ) ) ;
#8819 = VERTEX_POINT ( 'NONE', #8592 ) ;
#8820 = CARTESIAN_POINT ( 'NONE',  ( 8.000000000000000000, 10.00000000000000000, 23.00000000000000000 ) ) ;
#8821 = AXIS2_PLACEMENT_3D ( 'NONE', #6728, #4128, #450 ) ;
#8822 = VECTOR ( 'NONE', #3156, 1000.000000000000000 ) ;
#8823 = EDGE_CURVE ( 'NONE', #356, #7780, #504, .T. ) ;
#8824 = CARTESIAN_POINT ( 'NONE',  ( 0.000000000000000000, 4.000000000000000000, 58.50000000000000000 ) ) ;
#8825 = CARTESIAN_POINT ( 'NONE',  ( 0.3229127228023851992, 4.408248290302524630, -50.00000000000191847 ) ) ;
#8826 = EDGE_CURVE ( 'NONE', #1331, #8390, #881, .T. ) ;
#8827 = DIRECTION ( 'NONE',  ( 0.000000000000000000, 0.000000000000000000, 1.000000000000000000 ) ) ;
#8828 = CYLINDRICAL_SURFACE ( 'NONE', #8898, 3.000000000000002665 ) ;
#8829 = EDGE_LOOP ( 'NONE', ( #3958, #1450, #7991, #5872 ) ) ;
#8830 = CIRCLE ( 'NONE', #2964, 0.9999999999999974465 ) ;
#8831 = AXIS2_PLACEMENT_3D ( 'NONE', #1282, #9066, #5406 ) ;
#8832 = CARTESIAN_POINT ( 'NONE',  ( 3.361026734704954567E-14, 4.000000000000000000, -7.749999999999629630 ) ) ;
#8833 = ORIENTED_EDGE ( 'NONE', *, *, #7480, .F. ) ;
#8834 = FACE_OUTER_BOUND ( 'NONE', #1544, .T. ) ;
#8835 = DIRECTION ( 'NONE',  ( 1.000000000000000000, 0.000000000000000000, 0.000000000000000000 ) ) ;
#8836 = CIRCLE ( 'NONE', #4873, 6.500000000000000000 ) ;
#8837 = EDGE_CURVE ( 'NONE', #3065, #3669, #5614, .T. ) ;
#8838 = CARTESIAN_POINT ( 'NONE',  ( -4.999999999999990230, 6.448307102999486951, 52.79794915917154441 ) ) ;
#8839 = ORIENTED_EDGE ( 'NONE', *, *, #3816, .T. ) ;
#8840 = EDGE_LOOP ( 'NONE', ( #4818, #5147, #4816, #3615 ) ) ;
#8841 = VECTOR ( 'NONE', #5362, 1000.000000000000000 ) ;
#8842 = TOROIDAL_SURFACE ( 'NONE', #7235, 1.500000000000000000, 1.500000000000000000 ) ;
#8843 = EDGE_LOOP ( 'NONE', ( #4903, #3199, #7076, #4868 ) ) ;
#8844 = CARTESIAN_POINT ( 'NONE',  ( -5.000000000000000000, 6.499999999999999112, -47.50000000000000000 ) ) ;
#8845 = AXIS2_PLACEMENT_3D ( 'NONE', #4817, #2658, #6846 ) ;
#8846 = CARTESIAN_POINT ( 'NONE',  ( -1.999999999999991340, 54.00000000000000711, 50.00000000000000000 ) ) ;
#8847 = CARTESIAN_POINT ( 'NONE',  ( 4.810925642726393114, 4.143771770859331127, 51.94417862342461945 ) ) ;
#8848 = CIRCLE ( 'NONE', #2258, 1.500000000000001332 ) ;
#8849 = CIRCLE ( 'NONE', #4297, 2.500000000000000444 ) ;
#8850 = VERTEX_POINT ( 'NONE', #2307 ) ;
#8851 = CARTESIAN_POINT ( 'NONE',  ( -2.000000000000000000, 6.499999999999999112, -53.00000000000000000 ) ) ;
#8852 = ORIENTED_EDGE ( 'NONE', *, *, #5428, .T. ) ;
#8853 = EDGE_CURVE ( 'NONE', #8721, #6873, #6529, .T. ) ;
#8854 = AXIS2_PLACEMENT_3D ( 'NONE', #23, #4143, #6952 ) ;
#8855 = CARTESIAN_POINT ( 'NONE',  ( -96.82884964244770742, 4.000000000000000000, -25.95356588311245361 ) ) ;
#8856 = CARTESIAN_POINT ( 'NONE',  ( -92.00000000000000000, 1.699999999999999956, 15.25000000000000000 ) ) ;
#8857 = ORIENTED_EDGE ( 'NONE', *, *, #8159, .F. ) ;
#8858 = CONICAL_SURFACE ( 'NONE', #3006, 1.500000000000001332, 0.5779019369622463431 ) ;
#8859 = CARTESIAN_POINT ( 'NONE',  ( -9.629649721936179265E-32, 6.449489742783177881, -50.00000000000000000 ) ) ;
#8860 = LINE ( 'NONE', #8078, #821 ) ;
#8861 = ORIENTED_EDGE ( 'NONE', *, *, #7211, .F. ) ;
#8862 = CARTESIAN_POINT ( 'NONE',  ( 48.99999999999999289, -22.05484177649363176, -7.217068779995491568 ) ) ;
#8863 = CIRCLE ( 'NONE', #4623, 3.000000000000002665 ) ;
#8864 = VECTOR ( 'NONE', #7917, 1000.000000000000000 ) ;
#8865 = EDGE_LOOP ( 'NONE', ( #4395, #6866, #8322, #5096 ) ) ;
#8866 = PLANE ( 'NONE',  #3601 ) ;
#8867 = EDGE_CURVE ( 'NONE', #913, #3035, #1097, .T. ) ;
#8868 = CARTESIAN_POINT ( 'NONE',  ( 5.000000000000002665, 4.414471088662150322, -52.99551012850318443 ) ) ;
#8869 = ORIENTED_EDGE ( 'NONE', *, *, #1328, .T. ) ;
#8870 = DIRECTION ( 'NONE',  ( 0.000000000000000000, 0.000000000000000000, 1.000000000000000000 ) ) ;
#8871 = AXIS2_PLACEMENT_3D ( 'NONE', #2214, #5885, #8682 ) ;
#8872 = VECTOR ( 'NONE', #8811, 1000.000000000000000 ) ;
#8873 = LINE ( 'NONE', #1897, #3144 ) ;
#8874 = CYLINDRICAL_SURFACE ( 'NONE', #7681, 2.500000000000002220 ) ;
#8875 = DIRECTION ( 'NONE',  ( 0.000000000000000000, -1.000000000000000000, 0.000000000000000000 ) ) ;
#8876 = DIRECTION ( 'NONE',  ( 0.000000000000000000, -1.000000000000000000, 0.000000000000000000 ) ) ;
#8877 = CARTESIAN_POINT ( 'NONE',  ( 8.000000000000000000, 4.000000000000000000, -25.50000000000000000 ) ) ;
#8878 = ORIENTED_EDGE ( 'NONE', *, *, #3091, .T. ) ;
#8879 = AXIS2_PLACEMENT_3D ( 'NONE', #5581, #3438, #4216 ) ;
#8880 = ADVANCED_FACE ( 'NONE', ( #2351 ), #251, .F. ) ;
#8881 = CARTESIAN_POINT ( 'NONE',  ( -91.41851592179749275, 4.000000000000000000, -27.46360623735125017 ) ) ;
#8882 = ORIENTED_EDGE ( 'NONE', *, *, #735, .T. ) ;
#8883 = CARTESIAN_POINT ( 'NONE',  ( -5.000000000000000000, 54.00000000000000711, -50.00000000000000000 ) ) ;
#8884 = CARTESIAN_POINT ( 'NONE',  ( 41.88869965967631970, 8.664816615339365313, 5.131293239549439278 ) ) ;
#8885 = FACE_OUTER_BOUND ( 'NONE', #7979, .T. ) ;
#8886 = VECTOR ( 'NONE', #4796, 1000.000000000000000 ) ;
#8887 = DIRECTION ( 'NONE',  ( 0.000000000000000000, -0.7071067811865474617, -0.7071067811865474617 ) ) ;
#8888 = ORIENTED_EDGE ( 'NONE', *, *, #627, .T. ) ;
#8889 = VERTEX_POINT ( 'NONE', #2163 ) ;
#8890 = AXIS2_PLACEMENT_3D ( 'NONE', #6851, #1933, #4861 ) ;
#8891 = EDGE_LOOP ( 'NONE', ( #8999, #7721, #7636, #3592, #3845 ) ) ;
#8892 = CARTESIAN_POINT ( 'NONE',  ( -4.899748647125693246, 6.484746662153502150, -52.20544389134545327 ) ) ;
#8893 = FACE_OUTER_BOUND ( 'NONE', #1560, .T. ) ;
#8894 = CARTESIAN_POINT ( 'NONE',  ( 39.84022050117877001, 4.000000000000000000, -9.035533905932723542 ) ) ;
#8895 = VERTEX_POINT ( 'NONE', #7865 ) ;
#8896 = DIRECTION ( 'NONE',  ( 0.000000000000000000, 0.000000000000000000, 1.000000000000000000 ) ) ;
#8897 = CIRCLE ( 'NONE', #8026, 2.499999999999998668 ) ;
#8898 = AXIS2_PLACEMENT_3D ( 'NONE', #5345, #2726, #7499 ) ;
#8899 = B_SPLINE_CURVE_WITH_KNOTS ( 'NONE', 3,
 ( #5289, #5840, #8597, #2455 ),
 .UNSPECIFIED., .F., .F.,
 ( 4, 4 ),
 ( 0.002279368248837916784, 0.003005454333944875076 ),
 .UNSPECIFIED. ) ;
#8900 = ORIENTED_EDGE ( 'NONE', *, *, #726, .F. ) ;
#8901 = LINE ( 'NONE', #3995, #2151 ) ;
#8902 = DIRECTION ( 'NONE',  ( -0.9709389483281614108, 0.000000000000000000, -0.2393273043750005213 ) ) ;
#8903 = LINE ( 'NONE', #5448, #7952 ) ;
#8904 = DIRECTION ( 'NONE',  ( 0.000000000000000000, 0.000000000000000000, 1.000000000000000000 ) ) ;
#8905 = VECTOR ( 'NONE', #7449, 1000.000000000000000 ) ;
#8906 = EDGE_CURVE ( 'NONE', #7029, #4026, #6354, .T. ) ;
#8907 = APPLICATION_PROTOCOL_DEFINITION ( 'draft international standard', 'automotive_design', 1998, #2380 ) ;
#8908 = VECTOR ( 'NONE', #4366, 1000.000000000000000 ) ;
#8909 = ORIENTED_EDGE ( 'NONE', *, *, #8919, .F. ) ;
#8910 = LINE ( 'NONE', #5980, #1723 ) ;
#8911 = ORIENTED_EDGE ( 'NONE', *, *, #1015, .T. ) ;
#8912 = DIRECTION ( 'NONE',  ( 0.000000000000000000, 0.000000000000000000, 1.000000000000000000 ) ) ;
#8913 = CARTESIAN_POINT ( 'NONE',  ( -76.64999999999999147, 0.000000000000000000, 0.000000000000000000 ) ) ;
#8914 = EDGE_LOOP ( 'NONE', ( #835, #8833, #585, #3919, #3082, #8326, #5453, #1502, #194, #26, #3759, #795, #4127, #1461, #4508, #7773 ) ) ;
#8915 = CARTESIAN_POINT ( 'NONE',  ( 53.48771061000000060, 0.4999999999999726885, -53.48771061000000060 ) ) ;
#8916 = DIRECTION ( 'NONE',  ( 1.000000000000000000, 0.000000000000000000, 0.000000000000000000 ) ) ;
#8917 = CARTESIAN_POINT ( 'NONE',  ( 1.658312395177693910, 4.000000000000000000, -47.49999999999999289 ) ) ;
#8918 = CARTESIAN_POINT ( 'NONE',  ( -94.86226484336938825, 3.789645807327889138, 15.33369302550092250 ) ) ;
#8919 = EDGE_CURVE ( 'NONE', #1123, #7713, #2406, .T. ) ;
#8920 = EDGE_CURVE ( 'NONE', #6965, #6628, #8848, .T. ) ;
#8921 = CARTESIAN_POINT ( 'NONE',  ( 39.73223304703365244, 4.732233047033645335, 7.267766952966341343 ) ) ;
#8922 = EDGE_CURVE ( 'NONE', #8555, #7513, #5182, .T. ) ;
#8923 = PRODUCT_RELATED_PRODUCT_CATEGORY ( 'part', '', ( #6669 ) ) ;
#8924 = ADVANCED_FACE ( 'NONE', ( #3783 ), #4271, .F. ) ;
#8925 = DIRECTION ( 'NONE',  ( 0.000000000000000000, 0.000000000000000000, 1.000000000000000000 ) ) ;
#8926 = ORIENTED_EDGE ( 'NONE', *, *, #6157, .T. ) ;
#8927 = CARTESIAN_POINT ( 'NONE',  ( -65.00000000000000000, 4.000000000000000000, -2.000000000000000888 ) ) ;
#8928 = CARTESIAN_POINT ( 'NONE',  ( 40.41266163580984028, 5.412661635809842053, 4.448244172142829633 ) ) ;
#8929 = CARTESIAN_POINT ( 'NONE',  ( 8.000000000000000000, -4.200000000000000178, -31.44999999999999929 ) ) ;
#8930 = DIRECTION ( 'NONE',  ( 1.000000000000000000, 0.000000000000000000, 0.000000000000000000 ) ) ;
#8931 = VERTEX_POINT ( 'NONE', #7169 ) ;
#8932 = ORIENTED_EDGE ( 'NONE', *, *, #5428, .F. ) ;
#8933 = ORIENTED_EDGE ( 'NONE', *, *, #1691, .T. ) ;
#8934 = DIRECTION ( 'NONE',  ( 0.000000000000000000, 0.000000000000000000, -1.000000000000000000 ) ) ;
#8935 = CARTESIAN_POINT ( 'NONE',  ( -5.616384920805930214, 4.000000000000000000, -57.00000000000000000 ) ) ;
#8936 = DIRECTION ( 'NONE',  ( 0.000000000000000000, -1.000000000000000000, 0.000000000000000000 ) ) ;
#8937 = ORIENTED_EDGE ( 'NONE', *, *, #1589, .T. ) ;
#8938 = DIRECTION ( 'NONE',  ( 0.000000000000000000, 0.000000000000000000, 1.000000000000000000 ) ) ;
#8939 = ORIENTED_EDGE ( 'NONE', *, *, #6223, .T. ) ;
#8940 = FACE_OUTER_BOUND ( 'NONE', #5351, .T. ) ;
#8941 = DIRECTION ( 'NONE',  ( 0.7052112295670551756, -0.7071067811865532349, 0.05174090927413521612 ) ) ;
#8942 = DIRECTION ( 'NONE',  ( 0.000000000000000000, -1.000000000000000000, 0.000000000000000000 ) ) ;
#8943 = DIRECTION ( 'NONE',  ( 0.000000000000000000, 0.000000000000000000, 1.000000000000000000 ) ) ;
#8944 = ADVANCED_FACE ( 'NONE', ( #4597 ), #8259, .F. ) ;
#8945 = VERTEX_POINT ( 'NONE', #5243 ) ;
#8946 = FACE_OUTER_BOUND ( 'NONE', #1487, .T. ) ;
#8947 = ORIENTED_EDGE ( 'NONE', *, *, #7165, .T. ) ;
#8948 = ADVANCED_FACE ( 'NONE', ( #4555 ), #3570, .F. ) ;
#8949 = DIRECTION ( 'NONE',  ( -5.782411586589350736E-16, 0.000000000000000000, 1.000000000000000000 ) ) ;
#8950 = DIRECTION ( 'NONE',  ( 0.000000000000000000, -1.000000000000000000, 0.000000000000000000 ) ) ;
#8951 = CARTESIAN_POINT ( 'NONE',  ( 5.616384920805930214, 3.500000000000000000, -57.00000000000000000 ) ) ;
#8952 = ORIENTED_EDGE ( 'NONE', *, *, #6292, .T. ) ;
#8953 = DIRECTION ( 'NONE',  ( 0.000000000000000000, -1.000000000000000000, 0.000000000000000000 ) ) ;
#8954 = DIRECTION ( 'NONE',  ( 0.000000000000000000, -1.000000000000000000, 0.000000000000000000 ) ) ;
#8955 = DIRECTION ( 'NONE',  ( 0.000000000000000000, -1.000000000000000000, 0.000000000000000000 ) ) ;
#8956 = FACE_OUTER_BOUND ( 'NONE', #5027, .T. ) ;
#8957 = CARTESIAN_POINT ( 'NONE',  ( -94.80305753050039641, 4.000000000000000000, 16.31905027042929746 ) ) ;
#8958 = CARTESIAN_POINT ( 'NONE',  ( 48.99999999999999289, 9.313708498984787809, 4.757359312880715230 ) ) ;
#8959 = DIRECTION ( 'NONE',  ( 0.000000000000000000, -1.000000000000000000, 0.000000000000000000 ) ) ;
#8960 = EDGE_CURVE ( 'NONE', #7859, #8134, #8699, .T. ) ;
#8961 = ORIENTED_EDGE ( 'NONE', *, *, #5175, .T. ) ;
#8962 = AXIS2_PLACEMENT_3D ( 'NONE', #2646, #2690, #1230 ) ;
#8963 = DIRECTION ( 'NONE',  ( 0.000000000000000000, 0.000000000000000000, -1.000000000000000000 ) ) ;
#8964 = FACE_BOUND ( 'NONE', #1417, .T. ) ;
#8965 = LINE ( 'NONE', #491, #7383 ) ;
#8966 = CONICAL_SURFACE ( 'NONE', #1495, 2.000000000000001776, 0.7853981633974476129 ) ;
#8967 = FACE_OUTER_BOUND ( 'NONE', #1001, .T. ) ;
#8968 = AXIS2_PLACEMENT_3D ( 'NONE', #5402, #1878, #2611 ) ;
#8969 = ORIENTED_EDGE ( 'NONE', *, *, #3478, .T. ) ;
#8970 = ORIENTED_EDGE ( 'NONE', *, *, #3431, .F. ) ;
#8971 = ORIENTED_EDGE ( 'NONE', *, *, #3649, .T. ) ;
#8972 = VECTOR ( 'NONE', #3675, 1000.000000000000000 ) ;
#8973 = CARTESIAN_POINT ( 'NONE',  ( -7.043641827550053414, 4.000000000000000000, -51.18343147248444325 ) ) ;
#8974 = CIRCLE ( 'NONE', #4731, 1.500000000000000000 ) ;
#8975 = CARTESIAN_POINT ( 'NONE',  ( -196.3386523170879912, 4.000000000000000000, -1.387778780781445991E-14 ) ) ;
#8976 = DIRECTION ( 'NONE',  ( 0.000000000000000000, 0.000000000000000000, 1.000000000000000000 ) ) ;
#8977 = DIRECTION ( 'NONE',  ( -0.000000000000000000, 1.000000000000000000, -0.000000000000000000 ) ) ;
#8978 = EDGE_CURVE ( 'NONE', #8505, #7996, #797, .T. ) ;
#8979 = TOROIDAL_SURFACE ( 'NONE', #8247, 5.500000000000000000, 2.500000000000000000 ) ;
#8980 = AXIS2_PLACEMENT_3D ( 'NONE', #8698, #1184, #6638 ) ;
#8981 = EDGE_LOOP ( 'NONE', ( #7560, #6570, #5676, #2937 ) ) ;
#8982 = ADVANCED_FACE ( 'NONE', ( #7348 ), #1064, .T. ) ;
#8983 = DIRECTION ( 'NONE',  ( 1.000000000000000000, 0.000000000000000000, 0.000000000000000000 ) ) ;
#8984 = LINE ( 'NONE', #1971, #1239 ) ;
#8985 = DIRECTION ( 'NONE',  ( 0.000000000000000000, 1.000000000000000000, -0.000000000000000000 ) ) ;
#8986 = CARTESIAN_POINT ( 'NONE',  ( 44.00000000000000000, 7.035533905932727983, 6.000000000000000000 ) ) ;
#8987 = CONICAL_SURFACE ( 'NONE', #4606, 1.500000000000001332, 0.5779019369622441227 ) ;
#8988 = AXIS2_PLACEMENT_3D ( 'NONE', #8606, #2324, #2501 ) ;
#8989 = CIRCLE ( 'NONE', #7677, 2.499999999999998668 ) ;
#8990 = ORIENTED_EDGE ( 'NONE', *, *, #1295, .T. ) ;
#8991 = CARTESIAN_POINT ( 'NONE',  ( 4.981389741065144765E-16, 4.000000000000000000, 47.99999999999999289 ) ) ;
#8992 = AXIS2_PLACEMENT_3D ( 'NONE', #6807, #530, #4522 ) ;
#8993 = VERTEX_POINT ( 'NONE', #7395 ) ;
#8994 = AXIS2_PLACEMENT_3D ( 'NONE', #6268, #3548, #9058 ) ;
#8995 = CARTESIAN_POINT ( 'NONE',  ( 4.761394580298137669, 3.999999999999983569, -51.82752399943535693 ) ) ;
#8996 = AXIS2_PLACEMENT_3D ( 'NONE', #1885, #2485, #2619 ) ;
#8997 = CARTESIAN_POINT ( 'NONE',  ( 42.49999999999999289, 54.00000000000000711, 3.000000000000000000 ) ) ;
#8998 = DIRECTION ( 'NONE',  ( 0.000000000000000000, -1.000000000000000000, 0.000000000000000000 ) ) ;
#8999 = ORIENTED_EDGE ( 'NONE', *, *, #790, .F. ) ;
#9000 = DIRECTION ( 'NONE',  ( 0.000000000000000000, 0.000000000000000000, -1.000000000000000000 ) ) ;
#9001 = LINE ( 'NONE', #789, #8424 ) ;
#9002 = LINE ( 'NONE', #8394, #4615 ) ;
#9003 = LINE ( 'NONE', #8395, #7977 ) ;
#9004 = AXIS2_PLACEMENT_3D ( 'NONE', #1917, #4570, #6683 ) ;
#9005 = EDGE_LOOP ( 'NONE', ( #6907, #5186, #4685, #9018, #6867, #1793 ) ) ;
#9006 = DIRECTION ( 'NONE',  ( 0.000000000000000000, -1.000000000000000000, 0.000000000000000000 ) ) ;
#9007 = AXIS2_PLACEMENT_3D ( 'NONE', #8883, #2432, #3335 ) ;
#9008 = DIRECTION ( 'NONE',  ( 0.000000000000000000, -1.000000000000000000, 0.000000000000000000 ) ) ;
#9009 = CIRCLE ( 'NONE', #636, 1.500000000000000000 ) ;
#9010 = CARTESIAN_POINT ( 'NONE',  ( 0.000000000000000000, 1.000000000000000000, 13.54999999999999893 ) ) ;
#9011 = CIRCLE ( 'NONE', #2118, 2.999999999999999112 ) ;
#9012 = VERTEX_POINT ( 'NONE', #2573 ) ;
#9013 = CARTESIAN_POINT ( 'NONE',  ( 7.062556730546592831, 4.000000000000000000, 50.85046066563143796 ) ) ;
#9014 = DIRECTION ( 'NONE',  ( 0.000000000000000000, 0.000000000000000000, -1.000000000000000000 ) ) ;
#9015 = FACE_OUTER_BOUND ( 'NONE', #3953, .T. ) ;
#9016 = CARTESIAN_POINT ( 'NONE',  ( 10.00000000000000000, 2.399999999999999911, -27.00000000000000000 ) ) ;
#9017 = CONICAL_SURFACE ( 'NONE', #2859, 0.7499999999999997780, 0.7853981633974476129 ) ;
#9018 = ORIENTED_EDGE ( 'NONE', *, *, #902, .T. ) ;
#9019 = ORIENTED_EDGE ( 'NONE', *, *, #565, .T. ) ;
#9020 = CARTESIAN_POINT ( 'NONE',  ( -4.999999999999999112, 6.448307102994366602, -52.79794915917155151 ) ) ;
#9021 = AXIS2_PLACEMENT_3D ( 'NONE', #3083, #3125, #8123 ) ;
#9022 = ORIENTED_EDGE ( 'NONE', *, *, #2337, .F. ) ;
#9023 = VECTOR ( 'NONE', #6316, 1000.000000000000114 ) ;
#9024 = LINE ( 'NONE', #589, #3272 ) ;
#9025 = CARTESIAN_POINT ( 'NONE',  ( 8.000000000000000000, 4.000000000000000000, -20.50000000000000000 ) ) ;
#9026 = EDGE_CURVE ( 'NONE', #7099, #9067, #7087, .T. ) ;
#9027 = EDGE_CURVE ( 'NONE', #2227, #2309, #6215, .T. ) ;
#9028 = VECTOR ( 'NONE', #5425, 1000.000000000000000 ) ;
#9029 = ORIENTED_EDGE ( 'NONE', *, *, #5541, .F. ) ;
#9030 = EDGE_CURVE ( 'NONE', #4204, #6404, #6792, .T. ) ;
#9031 = VECTOR ( 'NONE', #4670, 1000.000000000000000 ) ;
#9032 = EDGE_CURVE ( 'NONE', #7175, #5413, #6808, .T. ) ;
#9033 = ORIENTED_EDGE ( 'NONE', *, *, #8691, .F. ) ;
#9034 = DIRECTION ( 'NONE',  ( 0.000000000000000000, -0.7071067811865574537, -0.7071067811865374697 ) ) ;
#9035 = FACE_OUTER_BOUND ( 'NONE', #2139, .T. ) ;
#9036 = CARTESIAN_POINT ( 'NONE',  ( 0.000000000000000000, 4.000000000000000000, 45.00000000000000000 ) ) ;
#9037 = CARTESIAN_POINT ( 'NONE',  ( 35.00000000000000000, 1.699999999999999956, 0.000000000000000000 ) ) ;
#9038 = AXIS2_PLACEMENT_3D ( 'NONE', #6020, #4610, #7403 ) ;
#9039 = VERTEX_POINT ( 'NONE', #5329 ) ;
#9040 = CARTESIAN_POINT ( 'NONE',  ( -0.2765837169074590318, 6.449489742841712392, 50.00000000000000000 ) ) ;
#9041 = EDGE_CURVE ( 'NONE', #4406, #4732, #1888, .T. ) ;
#9042 = ORIENTED_EDGE ( 'NONE', *, *, #1295, .F. ) ;
#9043 = DIRECTION ( 'NONE',  ( 0.000000000000000000, 1.000000000000000000, 0.000000000000000000 ) ) ;
#9044 = DIRECTION ( 'NONE',  ( 0.000000000000000000, 0.000000000000000000, 1.000000000000000000 ) ) ;
#9045 = DIRECTION ( 'NONE',  ( 0.000000000000000000, 1.000000000000000000, 0.000000000000000000 ) ) ;
#9046 = EDGE_LOOP ( 'NONE', ( #8483, #7511, #4194, #2155 ) ) ;
#9047 = CARTESIAN_POINT ( 'NONE',  ( 45.99999999999999289, 5.267766952966378646, 6.732233047033616025 ) ) ;
#9048 = CARTESIAN_POINT ( 'NONE',  ( -92.00000000000000000, 4.000000000000000000, 12.25000000000000000 ) ) ;
#9049 = DIRECTION ( 'NONE',  ( 0.000000000000000000, -1.000000000000000000, 0.000000000000000000 ) ) ;
#9050 = CARTESIAN_POINT ( 'NONE',  ( 37.96446609406726935, 4.000000000000000000, 0.4603702609048115346 ) ) ;
#9051 = ORIENTED_EDGE ( 'NONE', *, *, #2418, .F. ) ;
#9052 = CARTESIAN_POINT ( 'NONE',  ( 47.51920388109427762, 7.737911008637530230, -5.616885216706251960 ) ) ;
#9053 = DIRECTION ( 'NONE',  ( 0.000000000000000000, 0.000000000000000000, -1.000000000000000000 ) ) ;
#9054 = CARTESIAN_POINT ( 'NONE',  ( 0.000000000000000000, 1.699999999999999956, 45.00000000000000000 ) ) ;
#9055 = EDGE_LOOP ( 'NONE', ( #8640, #1240, #6008, #8340 ) ) ;
#9056 = DIRECTION ( 'NONE',  ( -0.000000000000000000, 1.000000000000000000, -0.000000000000000000 ) ) ;
#9057 = FACE_BOUND ( 'NONE', #6312, .T. ) ;
#9058 = DIRECTION ( 'NONE',  ( 0.000000000000000000, 0.000000000000000000, -1.000000000000000000 ) ) ;
#9059 = CARTESIAN_POINT ( 'NONE',  ( -2.000000000000000000, 6.499999999999999112, -50.00000000000000000 ) ) ;
#9060 = EDGE_LOOP ( 'NONE', ( #8454, #1019, #8869, #5116 ) ) ;
#9061 = EDGE_CURVE ( 'NONE', #3245, #4367, #3184, .T. ) ;
#9062 = VERTEX_POINT ( 'NONE', #5374 ) ;
#9063 = DIRECTION ( 'NONE',  ( 0.000000000000000000, -1.000000000000000000, 0.000000000000000000 ) ) ;
#9064 = EDGE_LOOP ( 'NONE', ( #435, #2814, #6938, #849 ) ) ;
#9065 = CARTESIAN_POINT ( 'NONE',  ( -87.50000000000000000, 1.000000000000000000, 7.500000000000000000 ) ) ;
#9066 = DIRECTION ( 'NONE',  ( 0.000000000000000000, -1.000000000000000000, 0.000000000000000000 ) ) ;
#9067 = VERTEX_POINT ( 'NONE', #1755 ) ;
#9068 = ORIENTED_EDGE ( 'NONE', *, *, #7005, .F. ) ;
#9069 = LINE ( 'NONE', #7103, #1553 ) ;
#9070 = PLANE ( 'NONE',  #5777 ) ;
#9071 = EDGE_CURVE ( 'NONE', #7513, #6897, #2412, .T. ) ;
#9072 = CARTESIAN_POINT ( 'NONE',  ( -95.37740409499218686, 4.000000000000000000, 26.33212343854054893 ) ) ;
#9073 = EDGE_CURVE ( 'NONE', #2874, #496, #2264, .T. ) ;
#9074 = DIRECTION ( 'NONE',  ( 0.000000000000000000, 0.000000000000000000, -1.000000000000000000 ) ) ;
#9075 = EDGE_CURVE ( 'NONE', #2857, #5965, #6511, .T. ) ;
#9076 = ORIENTED_EDGE ( 'NONE', *, *, #3269, .F. ) ;
#9077 = CARTESIAN_POINT ( 'NONE',  ( 0.000000000000000000, 6.500000000000000888, -9.035533905932723542 ) ) ;
ENDSEC;
END-ISO-10303-21;
